item,month,ret_pct,cond_vol_ann_pct,regime,vol_pctile,price_real_kg,price_ngn_kg,momentum_3m,ma12,trend_gap,seasonal_risk,momentum_3m_p,cond_vol_ann_pct_p,trend_gap_p,seasonal_risk_p,ews_score,ews_level
Beans,2016-02-01,-18.95644001072716,126.5370905446998,High,100.0,2312.775018043096,,,,,11.343009090229945,,100.0,,88.13559322033898,94.0677966101695,Alert
Beans,2016-03-01,-23.41071365927956,117.4299697921217,High,99.15254237288136,1830.0457626656193,,,,,1.2948442213257072,,99.15254237288136,,53.38983050847458,76.27118644067797,Elevated
Beans,2016-06-01,-156.70474497727014,109.47841046374474,High,98.30508474576271,381.8579965331886,243.4,,,,9.125241708684928,,98.30508474576271,,78.8135593220339,88.5593220338983,Alert
Beans,2016-07-01,-2.543765200409176,102.56868057660905,High,97.45762711864407,372.2669299810654,240.0,-83.90388485361404,,,-2.292308182979921,0.8695652173913043,97.45762711864407,,27.966101694915253,42.09776467698354,Low
Beans,2016-08-01,2.7163805177698563,96.59454902223938,High,96.61016949152543,382.5177111462008,250.0,-79.09791553031818,,,-10.659077148157767,1.7391304347826086,96.61016949152543,,19.491525423728813,39.28027511667895,Low
Beans,2016-09-01,6.939532384829494,91.4564940510812,High,95.76271186440678,410.0053792331348,271.6,7.371164924000695,948.2447996003842,-56.76165274980447,-12.796566733917615,60.86956521739131,95.76271186440678,0.8849557522123894,11.864406779661017,42.345409903417874,Low
Beans,2016-10-01,12.857778259810537,87.06124315742512,High,94.91525423728814,466.26216524279937,313.0,25.24941854666349,879.3901375493007,-46.978918078136886,1.1234463903087626,84.34782608695653,94.91525423728814,3.5398230088495577,44.91525423728814,56.92953939259559,Watch
Beans,2016-11-01,-16.386916433160703,83.32160377465306,High,94.0677966101695,395.7880726640485,269.2,3.469214922907371,818.9398794386441,-51.67068027809953,1.4310116633355747,56.52173913043478,94.0677966101695,2.6548672566371683,61.86440677966102,53.777202444225615,Watch
Beans,2016-12-01,-7.185869172615966,80.15651039648002,High,93.22033898305084,368.3450763369932,253.8,-10.160916174822422,768.8737902051274,-52.09290770092154,12.703368512573805,37.391304347826086,93.22033898305084,1.7699115044247788,96.61016949152543,57.24793108170678,Watch
Beans,2017-01-01,11.501677816175704,77.4911922795722,High,92.37288135593221,413.2434904108428,288.4,-11.371000862647273,733.3107602256989,-43.646880309835566,-13.370400693426362,33.91304347826087,92.37288135593221,5.3097345132743365,4.23728813559322,33.95823687076516,Low
Beans,2017-02-01,-8.151748284230553,75.25736217301595,High,91.52542372881356,380.8933830887028,269.2,-3.763299251311336,701.2728168496084,-45.68542029051906,11.343009090229945,46.95652173913044,91.52542372881356,4.424778761061947,88.13559322033898,57.76057936233623,Watch
Beans,2017-03-01,13.63635176114606,73.39334103925631,High,90.67796610169492,436.54131401069816,312.4,18.514225397521876,679.2118582796992,-35.72825493412828,1.2948442213257072,76.52173913043478,90.67796610169492,21.238938053097346,53.38983050847458,60.457118448425405,Watch
Beans,2017-04-01,3.2751139558762077,71.84406116659255,High,89.83050847457628,451.0752417441269,326.8,9.154832976478854,524.0702102547851,-13.928471239601759,0.47350834779524464,63.47826086956522,89.83050847457628,45.13274336283185,36.86440677966102,58.82647987165859,Watch
Beans,2017-05-01,-5.4669441286606,70.56092213739308,High,88.98305084745762,427.0771676688181,313.2,12.125121262439986,407.1561606717183,4.892719040339344,1.6239228242276953,68.69565217391305,88.98305084745762,60.17699115044248,69.91525423728814,71.94273710227532,Elevated
Beans,2017-06-01,2.558153472682001,69.50150300509752,High,88.13559322033898,438.1433991716449,325.2,0.36699508374766765,411.8466108915897,6.38509279537991,9.125241708684928,53.04347826086957,88.13559322033898,61.06194690265486,78.8135593220339,70.26364442647433,Elevated
Beans,2017-07-01,64.17570344002633,68.62915469329381,High,87.28813559322035,832.3918358975566,625.2,84.5350307143951,450.1903530512972,84.89775053058703,-2.292308182979921,98.26086956521739,87.28813559322035,100.0,27.966101694915253,78.37877671333825,Elevated
Beans,2017-08-01,9.206342625635067,67.91250756117712,High,86.4406779661017,912.663012027779,692.4,113.69979037032346,494.3691281247621,84.61165151830711,-10.659077148157767,100.0,86.4406779661017,99.11504424778761,19.491525423728813,76.26181190940454,Elevated
Beans,2017-09-01,-33.548494441001075,67.3249313969864,High,85.59322033898306,652.5460871890691,500.0,48.93436450777862,514.5808537877566,26.811186694135625,-12.796566733917615,90.43478260869566,85.59322033898306,82.30088495575221,11.864406779661017,67.54832367077299,Watch
Beans,2017-10-01,-0.9831598634827188,66.84398158820461,Elevated,84.7457627118644,646.1619505280538,500.0,-22.372863036155767,529.5725025615278,22.015766944580008,1.1234463903087626,19.130434782608695,84.7457627118644,78.76106194690266,44.91525423728814,56.888128419665975,Watch
Beans,2017-11-01,-0.9735878620357852,66.45085820818583,Elevated,83.89830508474576,639.9015210500796,500.0,-29.88633125075055,549.9152899270305,16.36365323375344,1.4310116633355747,11.304347826086957,83.89830508474576,71.68141592920354,61.86440677966102,57.18711890492432,Watch
Beans,2017-12-01,-0.9642004500530987,66.12989720249917,Elevated,83.05084745762711,633.7612375954478,500.0,-2.8787008247248225,572.0333033652349,10.790968614427076,12.703368512573805,50.43478260869565,83.05084745762711,66.3716814159292,96.61016949152543,74.11687024344434,Elevated
Beans,2018-01-01,5.098057635037367,65.86810545457786,Elevated,82.20338983050848,666.9085052742405,531.2,3.2107360591616896,593.1720546038515,12.430870621447877,-13.370400693426362,55.65217391304348,82.20338983050848,68.14159292035397,4.23728813559322,52.55861119987478,Watch
Beans,2018-02-01,8.393199812900054,65.65474562840737,Elevated,81.35593220338984,725.2996364537828,583.2,13.345509050137071,621.8725757176081,16.631551989059055,11.343009090229945,73.04347826086956,81.35593220338984,72.56637168141593,88.13559322033898,78.77534384150358,Elevated
Beans,2018-03-01,6.017047928876718,65.48097218108975,Elevated,80.50847457627118,770.2809669413099,625.2,21.541192683830147,649.6842134618258,18.562364758239603,1.2948442213257072,79.13043478260869,80.50847457627118,76.99115044247787,53.38983050847458,72.50497257745808,Elevated
Beans,2018-04-01,-0.9283938714044204,65.33951688977157,Elevated,79.66101694915254,763.1628190031645,625.2,14.432911406541905,675.6915115667456,12.94545009653838,0.47350834779524464,74.78260869565217,79.66101694915254,69.02654867256636,36.86440677966102,65.08364527425802,Watch
Beans,2018-05-01,-0.9198539429971397,65.22442034686485,Elevated,78.8135593220339,756.1750237477005,625.2,4.2569147621356995,703.1163329066525,7.546217938318356,1.6239228242276953,57.391304347826086,78.8135593220339,65.48672566371681,69.91525423728814,67.90171089271624,Watch
Beans,2018-06-01,-60.24831297796833,65.13080487644027,Elevated,77.96610169491525,413.968437293971,345.4,-46.25747551081415,701.1017527501796,-40.954585312315075,9.125241708684928,3.4782608695652173,77.96610169491525,7.079646017699115,78.8135593220339,41.83439197605337,Low
Beans,2018-07-01,-4.499262449321595,65.05468395850008,Elevated,77.11864406779661,395.7557024995244,333.2,-48.1426908328086,664.7154083003436,-40.46238472018284,-2.292308182979921,2.608695652173913,77.11864406779661,9.734513274336283,27.966101694915253,29.356988672305512,Low
Beans,2018-08-01,6.679718686691949,64.9928032594727,Elevated,76.27118644067797,423.0939654296519,359.6,-44.04814333423182,623.9179877504996,-32.187567318728405,-10.659077148157767,4.3478260869565215,76.27118644067797,24.778761061946902,19.491525423728813,31.222324753327552,Low
Beans,2018-09-01,-16.55557621614836,64.94250875503234,Elevated,75.42372881355932,358.5393915166125,307.6,-13.389679208320116,599.417429777795,-40.18535769813639,-12.796566733917615,30.434782608695656,75.42372881355932,11.504424778761061,11.864406779661017,32.306835745169266,Low
Beans,2018-10-01,-0.9276831129078289,64.90163769519997,Elevated,74.57627118644068,355.22866240911264,307.6,-10.240418478988422,575.1729891012166,-38.239682818867394,1.1234463903087626,36.52173913043478,74.57627118644068,15.929203539823009,44.91525423728814,42.98561702349665,Low
Beans,2018-11-01,-7.364339417580723,64.86842880949469,Elevated,73.72881355932203,330.00846558058726,288.4,-22.001140988748524,549.3485678120921,-39.92730937755561,1.4310116633355747,20.0,73.72881355932203,13.274336283185843,61.86440677966102,42.216889155542226,Low
Beans,2018-12-01,0.19267486837728498,64.84144853696311,Elevated,72.88135593220339,330.6449219060761,291.6,-7.780029271691324,524.0888748379779,-36.91052457308982,12.703368512573805,40.869565217391305,72.88135593220339,20.353982300884958,96.61016949152543,57.678768235501266,Watch
Beans,2019-01-01,-8.895404368913606,64.81953055140211,Elevated,72.03389830508475,302.5029448305784,269.2,-14.842754303933582,493.721744801006,-38.73007457824208,-13.370400693426362,28.695652173913043,72.03389830508475,15.04424778761062,4.23728813559322,30.002771600550407,Low
Beans,2019-02-01,-8.293858716577862,64.80172627802375,Elevated,71.1864406779661,278.42603071892,250.0,-15.63063989007608,456.48227765643406,-39.00616861877953,11.343009090229945,27.82608695652174,71.1864406779661,14.15929203539823,88.13559322033898,50.32685322255627,Watch
Beans,2019-03-01,6.512807518695585,64.78726445887393,Elevated,70.33898305084746,297.16290806305744,269.2,-10.126274932638957,417.05577274991305,-28.7474415942803,1.2948442213257072,38.26086956521739,70.33898305084746,30.08849557522124,53.38983050847458,48.019544674940164,Low
Beans,2019-04-01,-9.08135475822105,64.77551815264589,Elevated,69.49152542372882,271.3655901376356,248.0,-10.29324018990353,376.0726703444523,-27.842246582532425,0.47350834779524464,35.65217391304348,69.49152542372882,32.743362831858406,36.86440677966102,43.68786723707293,Low
Beans,2019-05-01,-8.058835612898552,64.76597782638326,Elevated,68.64406779661016,250.35467105751744,230.8,-10.082160633084447,333.92097428693705,-25.025772462442387,1.6239228242276953,39.130434782608695,68.64406779661016,36.283185840707965,69.91525423728814,53.49323566430374,Watch
Beans,2019-06-01,-17.718789148858605,64.75822943151994,Elevated,67.79661016949152,209.7026773228685,195.0,-29.431745472631476,316.89882762267854,-33.82661624341669,9.125241708684928,13.043478260869565,67.79661016949152,23.008849557522122,78.8135593220339,45.66562432747928,Low
Beans,2019-07-01,-7.426356487828212,64.75193655284814,Elevated,66.94915254237289,194.69361938945357,182.6,-28.254124153800888,300.1436540301726,-35.1331881333458,-2.292308182979921,13.91304347826087,66.94915254237289,22.123893805309734,27.966101694915253,32.73804788021469,Low
Beans,2019-08-01,-10.148035312018688,64.74682587886863,Elevated,66.10169491525424,175.90547681620083,166.8,-29.737489589004863,279.544613312385,-37.074274216248156,-10.659077148157767,12.173913043478262,66.10169491525424,18.58407079646018,19.491525423728813,29.087801044730377,Low
Beans,2019-09-01,10.665787805290883,64.74267538494323,Elevated,65.2542372881356,195.70426452059053,187.6,-6.675361984399153,265.97501939604984,-26.42005818254034,-12.796566733917615,44.34782608695652,65.2542372881356,34.51327433628318,11.864406779661017,38.99493612275908,Low
Beans,2019-10-01,-8.48499955424522,64.73930472022339,Elevated,64.40677966101694,179.7837374113348,174.2,-7.658125635999358,251.35460897956838,-28.47406373759842,1.1234463903087626,41.73913043478261,64.40677966101694,30.973451327433626,44.91525423728814,45.50865391513033,Low
Beans,2019-11-01,-5.164122137540339,64.73656739370522,Elevated,63.559322033898304,170.73513684367043,167.2,-2.9392717419098657,238.08183158482532,-28.28720456863596,1.4310116633355747,49.56521739130435,63.559322033898304,31.858407079646017,61.86440677966102,51.71183832112742,Watch
Beans,2019-12-01,-1.2911303753345926,64.73434442266826,Elevated,62.71186440677966,168.54489350539777,166.8,-13.8777614691862,224.5734958847688,-24.948893527542502,12.703368512573805,29.565217391304348,62.71186440677966,37.16814159292036,96.61016949152543,56.51384822063245,Watch
Beans,2020-01-01,-6.207866522493788,64.73253917050445,Elevated,61.86440677966102,158.4,158.4,-11.894144442225073,212.56491714888725,-25.48158834270304,-13.370400693426362,33.04347826086956,61.86440677966102,35.39823008849557,4.23728813559322,33.63585081615484,Low
Beans,2020-02-01,-11.678295109086623,64.73107315221925,Elevated,61.016949152542374,140.9408823422106,142.4,-17.4505699601484,201.10782145082814,-29.917751917634217,11.343009090229945,25.217391304347824,61.016949152542374,28.31858407079646,88.13559322033898,50.672129437006404,Watch
Beans,2020-03-01,6.811813133265954,64.72988262642659,Calm,60.16949152542372,150.8760531420179,154.0,-10.483165639672142,188.9172502074082,-20.136433821488342,1.2948442213257072,34.78260869565217,60.16949152542372,40.707964601769916,53.38983050847458,47.262473832830096,Low
Beans,2020-04-01,7.21465054767485,64.72891582643531,Calm,59.32203389830508,162.16351290285252,167.2,2.3759551154372005,179.8170771045096,-9.817512599983392,0.47350834779524464,54.78260869565217,59.32203389830508,50.442477876106196,36.86440677966102,50.352881812431114,Watch
Beans,2020-05-01,4.130252524795086,64.72813071181982,Calm,58.47457627118644,169.00151685342007,176.0,19.909506769708596,173.03764758750148,-2.3325159526573103,1.6239228242276953,77.39130434782608,58.47457627118644,56.63716814159292,69.91525423728814,65.6045757494734,Watch
Beans,2020-06-01,7.920060295899933,64.72749314102246,Calm,57.6271186440678,182.9308647675105,192.4,21.24579146786123,170.8066632078883,7.098201751570943,9.125241708684928,78.26086956521739,57.6271186440678,63.716814159292035,78.8135593220339,69.60459042265278,Watch
Beans,2020-07-01,9.75385723536828,64.72697538781911,Calm,56.779661016949156,201.6728571815274,214.2,24.363892697825197,171.38826635722776,17.670165798384872,-2.292308182979921,80.8695652173913,56.779661016949156,74.33628318584071,27.966101694915253,59.987902778774114,Watch
Beans,2020-08-01,14.052224971307936,64.72655493579168,Calm,55.932203389830505,232.1001861656715,250.0,37.33615560798707,176.07115880301703,31.82180871845002,-10.659077148157767,88.69565217391305,55.932203389830505,84.070796460177,19.491525423728813,62.04754436191234,Watch
Beans,2020-09-01,-1.383443054753819,64.7262134997242,Calm,55.08474576271186,228.91132118560515,250.0,25.135428336017473,178.83841352510157,27.998966594207353,-12.796566733917615,83.47826086956522,55.08474576271186,83.1858407079646,11.864406779661017,58.40331352997568,Watch
Beans,2020-10-01,-37.49025012546312,64.72593623002219,Calm,54.23728813559322,157.34363690410254,174.2,-21.980756804334746,176.96840514949886,-11.089419169946058,1.1234463903087626,20.869565217391305,54.23728813559322,49.557522123893804,44.91525423728814,42.394907428541615,Low
Beans,2020-11-01,37.46315593999032,64.7257110699123,Calm,53.38983050847458,228.8493079290475,256.8,-1.4006357729948182,181.81125273994698,25.871916330933175,1.4310116633355747,52.17391304347826,53.38983050847458,81.41592920353983,61.86440677966102,62.211019883788424,Watch
Beans,2020-12-01,-4.011978250067827,64.72552822486315,Calm,52.54237288135594,219.8496624959521,250.0,-3.9585891351811786,186.0866501558265,18.143704726724287,12.703368512573805,46.08695652173913,52.54237288135594,76.10619469026548,96.61016949152543,67.83642339622149,Watch
Beans,2021-01-01,8.220118228314632,64.72537974078614,Calm,51.69491525423729,238.68510783025928,275.0,51.69670189823601,192.7770758083481,23.8140514526485,-13.370400693426362,92.17391304347827,51.69491525423729,79.64601769911505,4.23728813559322,56.93803353310595,Watch
Beans,2021-02-01,5.861989951466562,64.72525916195457,Calm,50.847457627118644,253.09503288945356,295.4,10.59462455002189,202.12325502061833,25.218165947127492,11.343009090229945,66.08695652173913,50.847457627118644,80.53097345132744,88.13559322033898,71.40024520513104,Elevated
Beans,2021-03-01,47.268165177634636,64.72516124395256,Calm,50.0,406.0379767595164,480.0,84.68892430844303,223.3867486554099,81.76457610109146,1.2948442213257072,99.1304347826087,50.0,97.34513274336283,53.38983050847458,74.96634950861153,Elevated
Beans,2021-04-01,7.165159149482037,64.72508173080101,Calm,49.152542372881356,436.198879739986,522.2,82.75077306045775,246.223029225171,77.15600409622208,0.47350834779524464,97.3913043478261,49.152542372881356,96.46017699115043,36.86440677966102,69.96710762287972,Watch
Beans,2021-05-01,-5.589841146000563,64.7250171582439,Calm,48.30508474576271,412.4850134475925,500.0,62.97633688755837,266.51332060801866,54.770880684896596,1.6239228242276953,95.65217391304348,48.30508474576271,92.92035398230088,69.91525423728814,76.6982167195988,Elevated
Beans,2021-06-01,6.761701105130946,64.7249647210755,Calm,47.45762711864407,441.34058772182857,541.6,8.694411110027955,288.04746418754524,53.21800834687282,9.125241708684928,61.73913043478261,47.45762711864407,91.1504424778761,78.8135593220339,69.79018983833417,Watch
Beans,2021-07-01,8.557124862464605,64.72492213870821,Calm,46.61016949152542,480.7695906182371,597.2,10.217979217374262,311.305525307271,54.43657485478237,-2.292308182979921,64.34782608695652,46.61016949152542,92.03539823008849,27.966101694915253,57.739873875871425,Watch
Beans,2021-08-01,5.1755423496188335,64.72488755909167,Calm,45.76271186440678,506.3071785114652,638.8,22.745593659196818,334.15610800275385,51.518157647231355,-10.659077148157767,80.0,45.76271186440678,90.2654867256637,19.491525423728813,58.87993100344982,Watch
Beans,2021-09-01,-0.9413759978425418,64.72485947813806,Calm,44.91525423728814,501.5632882130554,642.6,13.645402704086763,356.8771052550414,40.542298967207316,-12.796566733917615,73.91304347826086,44.91525423728814,85.84070796460178,11.864406779661017,54.133353114952946,Watch
Beans,2021-10-01,-13.00987128701161,64.72483667454503,Calm,44.06779661016949,440.3769586782146,572.8,-8.401661154999495,380.46321540288403,15.747578438532116,1.1234463903087626,40.0,44.06779661016949,69.91150442477876,44.91525423728814,49.7236388180591,Low
Beans,2021-11-01,-15.081639608628983,64.7248181567412,Calm,43.22033898305085,378.7266437729038,500.0,-25.198247260417304,392.95299338987206,-3.6203693205750564,1.4310116633355747,15.65217391304348,43.22033898305085,55.75221238938053,61.86440677966102,44.12228301628397,Low
Beans,2021-12-01,-9.805108642253835,64.72480311915355,Calm,42.3728813559322,343.3545551951628,460.0,-31.543124613755282,403.245067781473,-14.852137663036746,12.703368512573805,9.565217391304348,42.3728813559322,43.36283185840708,96.61016949152543,47.977775024292264,Low
Beans,2022-01-01,6.892421758083334,64.72479090750574,Calm,41.52542372881356,367.8546250424179,500.0,-16.46823981288018,414.0091942158195,-11.148199078241138,-13.370400693426362,26.08695652173913,41.52542372881356,48.67256637168141,4.23728813559322,30.13055868945683,Low
Beans,2022-02-01,0.7118675266736041,64.72478099081525,Calm,40.67796610169492,370.48260543512265,510.8,-2.176778020065717,423.7914919279586,-12.579036509278962,11.343009090229945,51.30434782608696,40.67796610169492,46.902654867256636,88.13559322033898,56.75514050384437,Watch
Beans,2022-03-01,4.1539915422339035,64.72477293775864,Calm,39.83050847457627,386.1965397287221,540.0,12.477476673990218,422.1380388420591,-8.514157883503204,1.2948442213257072,70.43478260869566,39.83050847457627,53.98230088495575,53.38983050847458,54.409355619175564,Watch
Beans,2022-04-01,-8.602892357292724,64.72476639817968,Calm,38.983050847457626,354.3614674242873,502.4,-3.6680679539029093,415.31825448241756,-14.677126853982491,0.47350834779524464,47.82608695652174,38.983050847457626,44.24778761061947,36.86440677966102,41.98033304856496,Low
Beans,2022-05-01,6.146408595543029,64.7247610876751,Calm,38.13559322033898,376.8252576915633,541.6,1.7119973146894063,412.34660816941505,-8.614439836317889,1.6239228242276953,53.91304347826087,38.13559322033898,53.09734513274337,69.91525423728814,53.76530901715784,Watch
Beans,2022-06-01,-4.791324171329148,64.72475677517284,Calm,37.28813559322034,359.1960468118349,,-6.991386545268707,405.5012297602489,-11.419245997303584,9.125241708684928,42.608695652173914,37.28813559322034,47.78761061946903,78.8135593220339,51.62450029672429,Watch
Beans,2022-07-01,-5.032495813897864,64.72475327311395,Calm,36.440677966101696,341.5668359321064,,-3.610615901661085,393.90100020307136,-13.286121193900158,-2.292308182979921,48.69565217391305,36.440677966101696,46.017699115044245,27.966101694915253,39.780032737493556,Low
Beans,2023-02-01,-44.830381750215324,64.72475042921856,Calm,35.59322033898305,218.1623597740073,368.4,-42.10516537281155,369.8889319749499,-41.019495065945364,11.343009090229945,6.956521739130435,35.59322033898305,6.1946902654867255,88.13559322033898,34.2200063909848,Low
Beans,2023-03-01,-6.505001461133464,64.72474812214868,Calm,34.74576271186441,204.4226247040529,351.4,-43.08884339945427,345.1272100158663,-40.76890526984091,1.2948442213257072,6.086956521739131,34.74576271186441,8.849557522123893,53.38983050847458,25.768026816050504,Low
Beans,2023-04-01,23.071652602303327,64.72474624632122,Calm,33.89830508474576,257.47073588658014,450.4,-24.62068655349261,329.8850247832301,-21.951371980050904,0.47350834779524464,17.391304347826086,33.89830508474576,39.823008849557525,36.86440677966102,31.994256265447596,Low
Beans,2023-05-01,5.351481481216069,64.72474472364824,Calm,33.05084745762712,271.62457703637386,483.4,24.505701770803935,320.959852555186,-15.371167180583555,1.6239228242276953,82.6086956521739,33.05084745762712,42.47787610619469,69.91525423728814,57.013168363320965,Watch
Beans,2023-06-01,-2.396131183804684,64.72474348651438,Calm,32.20338983050847,265.19345262842774,480.0,29.72803426839572,314.4464273412914,-15.663391417516682,9.125241708684928,86.08695652173914,32.20338983050847,41.5929203539823,78.8135593220339,59.674206507065946,Watch
Beans,2023-07-01,9.00476779262176,64.72474248184668,Calm,31.35593220338983,290.1816910044618,534.032,12.704727395618033,307.97368283812835,-5.777114352663071,-2.292308182979921,72.17391304347827,31.35593220338983,54.86725663716814,27.966101694915253,46.59080089473787,Low
Beans,2023-08-01,3.4453685241884635,64.72474166609364,Calm,30.508474576271187,300.35374582309964,568.0640000000001,10.576792829346427,302.1296112037931,-0.587782631969691,-10.659077148157767,65.21739130434783,30.508474576271187,57.52212389380531,19.491525423728813,43.18487879953828,Low
Beans,2023-09-01,-0.6441940491930254,64.72474100356055,Calm,29.66101694915254,298.42510363474014,579.63,12.531097837047467,294.81532486262796,1.2244203295043166,-12.796566733917615,71.30434782608695,29.66101694915254,58.4070796460177,11.864406779661017,42.80921280022955,Low
Beans,2023-10-01,8.763318543997478,64.72474046552314,Calm,28.8135593220339,325.7571540985461,649.3240000000001,12.259720098445936,292.4316320854828,11.39600452092051,1.1234463903087626,69.56521739130434,28.8135593220339,67.2566371681416,44.91525423728814,52.637667029692,Watch
Beans,2023-11-01,6.786320207924845,64.72474002870334,Calm,27.966101694915253,348.6314614145917,712.692,16.07361861234331,290.0821490624019,20.183700562558492,1.4310116633355747,75.65217391304347,27.966101694915253,77.87610619469027,61.86440677966102,60.8396971455775,Watch
Beans,2023-12-01,-4.2601237775101275,64.72473967393844,Calm,27.11864406779661,334.0912442340085,700.0,11.951454540809081,287.9900821809164,16.00789919707417,12.703368512573805,67.82608695652173,27.11864406779661,70.79646017699115,96.61016949152543,65.58784017320873,Watch
Beans,2024-01-01,19.337284203341643,64.72473938580207,Calm,26.27118644067797,405.36463039828857,870.0,24.437675519371748,293.3065650530982,38.20509961135856,-13.370400693426362,81.73913043478261,26.27118644067797,84.95575221238938,4.23728813559322,49.3008393058608,Low
Beans,2024-02-01,10.848784492092989,64.72473915226901,Calm,25.423728813559322,451.8159148982151,992.728,29.596999956615132,312.7776946467822,44.45272876905364,11.343009090229945,85.21739130434783,25.423728813559322,86.72566371681415,88.13559322033898,71.37559426376507,Elevated
Beans,2024-03-01,12.586096866600638,64.7247389623076,Calm,24.576271186440678,512.4154888539003,1152.0,53.37591083200841,338.44376665926944,51.403435173849154,1.2948442213257072,93.04347826086956,24.576271186440678,89.38053097345133,53.38983050847458,65.09752773230903,Watch
Beans,2024-04-01,6.3732571885382505,64.7247388080975,Calm,23.728813559322035,546.1361859732957,1255.652,34.72714317395993,362.4992208331624,50.65858202896687,0.47350834779524464,86.95652173913044,23.728813559322035,88.49557522123894,36.86440677966102,59.0113293248381,Watch
Beans,2024-05-01,13.457919166335497,64.72473868272073,Calm,22.88135593220339,624.8099735377556,1468.388,38.288615547885804,391.9313372082776,59.418223097002084,1.6239228242276953,89.56521739130436,22.88135593220339,93.80530973451327,69.91525423728814,69.04178432382729,Watch
Beans,2024-06-01,24.529445012154216,64.72473858108316,Calm,22.033898305084744,798.5056243607922,1917.304,55.83167209616917,436.3740181859746,82.98651869334802,9.125241708684928,93.91304347826087,22.033898305084744,98.23008849557522,78.8135593220339,73.24764740023868,Elevated
Beans,2024-07-01,3.6713964190277615,64.72473849906527,Calm,21.1864406779661,828.3667370585695,2031.234,51.67768742191969,481.22277202381696,72.13789230605477,-2.292308182979921,91.30434782608695,21.1864406779661,95.57522123893806,27.966101694915253,59.0080278594766,Watch
Beans,2024-08-01,2.0121396644847245,64.72473843173125,Calm,20.33898305084746,845.2034538165589,2112.26,35.273681537269105,526.6269143566052,60.49378236757374,-10.659077148157767,87.82608695652175,20.33898305084746,94.69026548672566,19.491525423728813,55.58671522945592,Watch
Beans,2024-09-01,-0.6458901567351738,64.72473837703868,Calm,19.491525423728813,839.761959857974,2138.146,5.16669316264462,571.7383190418747,46.87872613912889,-12.796566733917615,58.26086956521739,19.491525423728813,87.61061946902655,11.864406779661017,44.30685530940844,Low
Beans,2024-10-01,-29.940302781184425,64.72473833261783,Calm,18.64406779661017,622.4824547144849,1614.192,-24.854243070545646,596.4654274265362,4.361866772429668,1.1234463903087626,16.52173913043478,18.64406779661017,59.29203539823009,44.91525423728814,34.843274140640794,Low
Beans,2024-11-01,-10.476206006999167,64.72473829759844,Calm,17.796610169491526,560.5695848797563,1480.0,-33.67637314442149,614.1269377153,-8.720892953302107,1.4310116633355747,8.695652173913043,17.796610169491526,51.32743362831859,61.86440677966102,34.92102568784604,Low
Beans,2024-12-01,-16.710446137667212,64.7247382682297,Calm,16.94915254237288,474.30421579341953,1274.546,-43.519206815031616,625.8113520119176,-24.209713635174335,12.703368512573805,5.217391304347826,16.94915254237288,38.05309734513274,96.61016949152543,39.20745267084472,Low
Beans,2025-01-01,-4.222662289366408,64.72473824457893,Calm,16.101694915254235,454.6929238193888,1243.226,-26.954901238470473,629.9220431303426,-27.8175881002938,-13.370400693426362,14.782608695652174,16.101694915254235,33.6283185840708,4.23728813559322,17.187477582642607,Low
Beans,2025-02-01,-4.591150404608779,64.72473822506952,Calm,15.254237288135593,434.28925329992126,1207.858,-22.52714649278065,628.4614879971515,-30.896441294444177,11.343009090229945,18.26086956521739,15.254237288135593,25.663716814159294,88.13559322033898,36.82860422196281,Low
Beans,2025-03-01,-11.943542929215045,64.7247382092302,Calm,14.40677966101695,385.39753694930897,1090.0,-18.744652879668557,617.8766586717687,-37.62549021065358,1.2948442213257072,24.347826086956523,14.40677966101695,17.699115044247787,53.38983050847458,27.460887825173963,Low
Beans,2025-04-01,-6.344514221389375,64.72473819650726,Calm,13.559322033898304,361.7054558854364,1040.0,-20.450608105546088,602.5074311644472,-39.966639882535624,0.47350834779524464,22.608695652173914,13.559322033898304,12.389380530973451,36.86440677966102,21.355451249176674,Low
Beans,2025-05-01,1.2217231697706055,64.72473818605724,Calm,12.711864406779661,366.1515997282984,1070.0,-15.689463428782302,580.9525666803257,-36.973925113962615,1.6239228242276953,26.956521739130434,12.711864406779661,19.469026548672566,69.91525423728814,32.2631667329677,Low
Beans,2025-06-01,-8.362043510017614,64.72473817753169,Calm,11.864406779661017,336.77903050167725,1000.0,-12.615157541607868,542.4753505253996,-37.918095232253556,9.125241708684928,32.17391304347826,11.864406779661017,16.8141592920354,78.8135593220339,34.91650960930214,Low
Beans,2025-07-01,0.02430488954434651,64.7247381706817,Calm,11.016949152542372,336.8608942210896,1016.082,-6.868727374744332,501.5165302889429,-32.83154714222258,-2.292308182979921,43.47826086956522,11.016949152542372,23.893805309734514,27.966101694915253,26.58877925668934,Low
Beans,2025-08-01,-5.453896987650797,64.72473816504281,Calm,10.16949152542373,318.98085919721177,962.15,-12.882844309867691,457.6646474039972,-30.302490916315893,-10.659077148157767,31.30434782608696,10.16949152542373,26.548672566371685,19.491525423728813,21.8785093354028,Low
Beans,2025-09-01,-1.2708379071980858,64.72473816049425,Calm,9.322033898305085,314.9527789194525,950.0,-6.480882004355093,413.9305489924538,-23.911685260709213,-12.796566733917615,45.21739130434783,9.322033898305085,38.93805309734513,11.864406779661017,26.335471269914763,Low
Beans,2025-10-01,-15.584896319971975,64.72473815677063,Calm,8.47457627118644,269.50144609972483,812.904,-19.99622077745694,384.51546494122385,-29.911415619936065,1.1234463903087626,23.47826086956522,8.47457627118644,29.20353982300885,44.91525423728814,26.51790780026216,Low
Beans,2025-11-01,-7.037036610523284,64.7247381540242,Calm,7.627118644067797,251.18843388714305,757.6659999999999,-21.252819206984352,358.733702358506,-29.97913710485053,1.4310116633355747,21.73913043478261,7.627118644067797,27.43362831858407,61.86440677966102,29.66607104427387,Low
Beans,2025-12-01,-22.795073607653915,64.72473815156877,Calm,6.779661016949152,199.9870579120691,603.226,-36.502526315789474,335.87393920172684,-40.457703152742575,12.703368512573805,7.82608695652174,6.779661016949152,10.619469026548673,96.61016949152543,30.45884662288625,Low
Beans,2026-01-01,-7.435513548390027,64.72473815012698,Calm,5.932203389830509,185.65637494199305,560.0,-31.111176719514233,313.4542267952772,-40.77081785110248,-13.370400693426362,10.434782608695652,5.932203389830509,7.964601769911504,4.23728813559322,7.142218976007721,Low
Beans,2026-02-01,38.94663796636486,64.72473814841055,Calm,4.23728813559322,274.06461457240624,826.668,9.107179152819311,300.10217356798427,-8.676231393465583,11.343009090229945,62.60869565217392,4.23728813559322,52.21238938053098,88.13559322033898,51.79849159715927,Watch
Beans,2026-03-01,14.159455088849349,64.7247381488258,Calm,5.084745762711865,315.75242744866694,952.412,57.88643062467467,294.2984144429308,7.289883992866852,1.2948442213257072,94.78260869565217,5.084745762711865,64.60176991150442,53.38983050847458,54.46473871958575,Watch
Beans,2026-04-01,-1.9521276052493874,64.72473814755006,Calm,3.389830508474576,309.64831106396696,934.0,66.78571428571428,289.96031904114164,6.789891833451822,0.47350834779524464,96.52173913043478,3.389830508474576,62.83185840707964,36.86440677966102,49.9019587064125,Low
Beans,2026-05-01,-2.0023551055638578,64.7247381462611,Calm,2.5423728813559325,303.5097156382064,915.484,10.743853638945765,284.74016203363396,6.591818123063131,1.6239228242276953,66.95652173913044,2.5423728813559325,61.94690265486725,69.91525423728814,50.34026287816044,Watch
Beans,2026-06-01,10.072491180748955,64.72473814521457,Calm,1.694915254237288,335.67335647994275,1012.5,6.309034325480978,284.64802253182273,17.925764421010705,9.125241708684928,59.130434782608695,1.694915254237288,75.22123893805309,78.8135593220339,53.71503707423324,Watch
Beans,2026-07-01,-1.2422519998557036,64.72473814449404,Calm,0.847457627118644,331.5292409678447,1000.0,7.066381156316925,284.20371809405236,16.651971758557636,-2.292308182979921,60.0,0.847457627118644,73.45132743362832,27.966101694915253,40.56622168891556,Low
Groundnut,2014-08-01,22.34886080121994,154.71092119280243,High,100.0,815.6545548954698,,,,,-11.085251467388598,,100.0,,13.178294573643413,56.58914728682171,Watch
Groundnut,2014-09-01,18.2551528463625,148.86543288511982,High,99.2248062015504,979.0105846868828,,,,,-9.068289448045112,,99.2248062015504,,21.705426356589147,60.46511627906977,Watch
Groundnut,2016-01-01,130.01187992057356,143.25666203335263,High,98.44961240310077,3592.707061349492,2159.090909090909,,,,-13.462930053358935,,98.44961240310077,,4.651162790697675,51.55038759689922,Watch
Groundnut,2016-02-01,-56.04959715264242,137.87564061814382,High,97.67441860465115,2051.1692633230105,,151.47524169541086,,,6.94867351344233,100.0,97.67441860465115,,79.84496124031007,92.50645994832041,Alert
Groundnut,2016-03-01,-139.2477434445473,132.71375878806657,High,96.89922480620154,509.6314652965288,313.7,-47.94423336500244,,,0.7741885103759176,2.380952380952381,96.89922480620154,,38.759689922480625,46.01328903654485,Low
Groundnut,2016-04-01,-0.36760297399940356,127.76275065216024,High,96.12403100775194,507.761484032816,316.25,-85.86688323422365,1409.3224022640334,-63.971233039571885,1.0679497217906537,0.7936507936507936,96.12403100775194,0.8064516129032258,47.286821705426355,36.25273877993308,Low
Groundnut,2016-05-01,-0.45455515187278195,123.01468057038578,High,95.34883720930233,505.45866580244666,318.5,-75.3575350976362,1280.1990113409497,-60.517180428611496,6.528170007267447,1.5873015873015872,95.34883720930233,1.6129032258064515,71.31782945736434,42.46671786994368,Low
Groundnut,2016-06-01,-1.2500669383554985,118.46192991646262,High,94.57364341085271,499.1794232711436,318.18181818181813,-2.050902021778356,1182.571562832224,-57.788649840723075,6.977360955526202,47.61904761904761,94.57364341085271,2.4193548387096775,88.37209302325581,58.24603472296645,Watch
Groundnut,2016-07-01,-1.137039479265578,114.09718428828974,High,93.7984496124031,493.5357026264124,318.18181818181813,-2.801666107759404,1106.0120228093558,-55.37700382561903,-7.721694823263711,46.03174603174603,93.7984496124031,4.032258064516129,30.23255813953488,43.52375296205004,Low
Groundnut,2016-08-01,-8.776616149627792,109.91342114192487,High,93.02325581395348,452.0663859000554,295.45454545454544,-10.563134735780565,1040.6174591184258,-56.557870335653405,-11.085251467388598,25.396825396825395,93.02325581395348,3.225806451612903,13.178294573643413,33.7060455590088,Low
Groundnut,2016-09-01,-1.3474153974000203,105.90389782591295,High,92.24806201550388,446.0160270811648,295.45454545454544,-10.650157781263669,986.5627834786749,-54.79091300114853,-9.068289448045112,24.6031746031746,92.24806201550388,4.838709677419355,21.705426356589147,35.84884316317175,Low
Groundnut,2016-10-01,6.081295989621527,102.06213999363864,High,91.47286821705426,473.9812890937548,318.18181818181813,-3.962107184666941,943.8476589465981,-49.78201359075764,1.9473114669047478,42.06349206349206,91.47286821705426,7.258064516129033,55.42635658914728,49.055195346455655,Low
Groundnut,2016-11-01,-8.72285437157485,98.38193037234718,High,90.69767441860465,434.38850336287913,295.45454545454544,-3.9104616243430645,912.075487985549,-52.373623775123136,6.241668737247841,43.65079365079365,90.69767441860465,6.451612903225806,63.17829457364341,50.994593886566875,Watch
Groundnut,2016-12-01,-9.968234506020757,94.85729786855742,High,89.92248062015504,393.1758462225946,270.9090909090909,-11.847148454365852,863.2559264468583,-54.454312541948326,10.85284287950122,21.428571428571427,89.92248062015504,5.64516129032258,96.51162790697676,53.37696031150645,Watch
Groundnut,2017-01-01,24.33647758136308,91.48250699080285,High,89.14728682170544,501.5090903044209,350.0,5.807782257248761,605.6560955264357,-17.195733022630655,-13.462930053358935,69.04761904761905,89.14728682170544,20.161290322580644,4.651162790697675,45.7518397456507,Low
Groundnut,2017-02-01,-7.422279766409812,88.25204757200494,High,88.37209302325581,465.6335427465569,329.09090909090907,7.192878987770146,473.5281188117312,-1.6671821063097392,6.94867351344233,73.01587301587301,88.37209302325581,50.806451612903224,79.84496124031007,73.00984472308554,Elevated
Groundnut,2017-03-01,2.2815511561142365,85.16062477533161,High,87.59689922480621,476.3793293970778,340.9090909090909,21.16190095954622,470.757107486777,1.1942935796160459,0.7741885103759176,87.3015873015873,87.59689922480621,55.64516129032258,38.759689922480625,67.32583443479918,Watch
Groundnut,2017-04-01,5.222571567601619,82.20314936914446,High,86.82170542635659,501.9197081830721,363.6363636363636,0.08187645779300645,470.27029283263164,6.730047768869896,1.0679497217906537,51.587301587301596,86.82170542635659,67.74193548387096,47.286821705426355,63.35944105073888,Watch
Groundnut,2017-05-01,-9.962906819868156,79.3747282586087,High,86.04651162790698,454.32422486538326,333.18181818181813,-2.4288022324305047,466.00908942120964,-2.5074327563737397,6.528170007267447,46.82539682539682,86.04651162790698,48.38709677419355,71.31782945736434,63.144208671215424,Watch
Groundnut,2017-06-01,1.8878795462693887,76.6706552637451,High,85.27131782945736,462.9827934889908,343.6363636363636,-2.8121572623736935,462.99270360603026,-0.0021404477786091114,6.977360955526202,45.23809523809524,85.27131782945736,53.2258064516129,88.37209302325581,68.02682813560533,Watch
Groundnut,2017-07-01,34.702051420364285,74.08640213614915,Elevated,84.49612403100775,655.0492374625684,492.0,30.50876998510752,476.4521648423766,37.48478562990192,-7.721694823263711,94.44444444444444,84.49612403100775,97.58064516129032,30.23255813953488,76.68844294406935,Elevated
Groundnut,2017-08-01,24.72626402483895,71.61760980928668,Elevated,83.72093023255815,838.8006255178893,636.3636363636363,84.62599606402826,508.68001814386275,64.89749854508011,-11.085251467388598,99.20634920634922,83.72093023255815,100.0,13.178294573643413,74.0263935031377,Elevated
Groundnut,2017-09-01,-9.720037051786168,69.26007988018519,Elevated,82.94573643410853,761.106027148705,583.1818181818181,64.39186031366052,534.9375181494911,42.27942541431726,-9.068289448045112,98.4126984126984,82.94573643410853,99.19354838709677,21.705426356589147,75.56435239762321,Elevated
Groundnut,2017-10-01,-12.275506597577923,67.0097663234446,Elevated,82.17054263565892,673.183268459227,520.9090909090909,2.7683462493450772,551.5376830966138,22.05571606270542,1.9473114669047478,59.523809523809526,82.17054263565892,90.32258064516128,55.42635658914728,71.86082234844426,Elevated
Groundnut,2017-11-01,-13.804532726372898,64.86276744174928,Elevated,81.3953488372093,586.3824847440728,458.1818181818181,-30.092745891548343,564.2038482117133,3.930961584657111,6.241668737247841,4.761904761904762,81.3953488372093,58.87096774193549,63.17829457364341,52.051628978673236,Watch
Groundnut,2017-12-01,7.770000565461732,62.815318060409645,Elevated,80.62015503875969,633.7612375954477,500.0,-16.731543965079744,584.2526308261176,8.47383548779681,10.85284287950122,11.11111111111111,80.62015503875969,72.58064516129032,96.51162790697676,65.20588480453446,Watch
Groundnut,2018-01-01,-39.254217564576436,60.863781976814856,Elevated,79.84496124031007,428.0029598128425,340.9090909090909,-36.42103423151766,578.1271199518195,-25.967327073583434,-13.462930053358935,3.968253968253968,79.84496124031007,14.516129032258066,4.651162790697675,25.74512675787994,Low
Groundnut,2018-02-01,37.35326678528814,59.004644678936536,Elevated,79.06976744186046,621.8275346825982,500.0,6.04469793363549,591.1432859464895,5.190661801559604,6.94867351344233,70.63492063492063,79.06976744186046,62.903225806451616,79.84496124031007,73.1132187808857,Elevated
Groundnut,2018-03-01,-5.208866824925984,57.23450635006554,Elevated,78.29457364341084,590.2664886553689,479.09090909090907,-6.862955062556708,600.6338825513473,-1.7260754341630213,0.7741885103759176,34.92063492063492,78.29457364341084,50.0,38.759689922480625,50.49372462163159,Watch
Groundnut,2018-04-01,-9.0275863354913,55.55007517965295,Elevated,77.51937984496125,539.3141540678444,441.81818181818176,26.007108526463483,603.7500863750782,-10.672616660663003,1.0679497217906537,91.26984126984127,77.51937984496125,30.64516129032258,47.286821705426355,61.68030102763786,Watch
Groundnut,2018-05-01,-0.9198539429970509,53.94816100231439,Elevated,76.74418604651163,534.3759982861956,441.81818181818176,-14.063632039234298,610.4210674934792,-12.457805481639273,6.528170007267447,14.285714285714285,76.74418604651163,24.193548387096776,71.31782945736434,46.63531954417175,Low
Groundnut,2018-06-01,-42.38821977154181,52.42566928858887,Elevated,75.96899224806202,349.74961407423467,291.8181818181818,-40.747167458046505,600.9849692089161,-41.80393321073998,6.977360955526202,3.1746031746031744,75.96899224806202,8.064516129032258,88.37209302325581,43.895051143738314,Low
Groundnut,2018-07-01,7.745966228011714,50.97959551176982,Elevated,75.1937984496124,377.9179741210125,318.18181818181813,-29.926190278797804,577.8906972637866,-34.60390071852872,-7.721694823263711,5.555555555555555,75.1937984496124,8.870967741935484,30.23255813953488,29.963219971659584,Low
Groundnut,2018-08-01,3.6613161405389505,49.607019914908825,Elevated,74.4186046511628,392.01116980980726,333.18181818181813,-26.641321641123195,540.6582426214464,-27.493721743870214,-11.085251467388598,6.349206349206349,74.4186046511628,12.096774193548388,13.178294573643413,26.510719941890237,Low
Groundnut,2018-09-01,-9.774026211047726,48.30510270081657,Elevated,73.64341085271317,355.50882448818857,305.0,1.6466666958870446,506.85847573307007,-29.860337449420037,-9.068289448045112,56.34920634920635,73.64341085271317,11.29032258064516,21.705426356589147,40.74709153478846,Low
Groundnut,2018-10-01,-0.9276831129078289,47.07107966547509,Elevated,72.86821705426357,352.2260794368639,305.0,-6.798272758501245,480.1120433145398,-26.636691509505184,1.9473114669047478,35.714285714285715,72.86821705426357,12.903225806451612,55.42635658914728,44.228021291037045,Low
Groundnut,2018-11-01,-12.77200318614442,45.9022582916956,Elevated,72.09302325581395,309.99408253377567,270.9090909090909,-20.92213018211291,457.07967646368166,-32.17942111709555,6.241668737247841,8.73015873015873,72.09302325581395,10.483870967741936,63.17829457364341,38.62133688183951,Low
Groundnut,2018-12-01,-8.9430234878769,44.79601431513327,Elevated,71.31782945736434,283.4747272857305,250.0,-20.262252928928714,427.8891339378719,-33.75042626651741,10.85284287950122,9.523809523809524,71.31782945736434,9.67741935483871,96.51162790697676,46.757671560747326,Low
Groundnut,2019-01-01,8.008353374656974,43.74978876898771,Elevated,70.54263565891473,307.1101590720545,273.3,-12.808796110992226,417.8147338761396,-26.496091647381505,-13.462930053358935,18.253968253968253,70.54263565891473,13.709677419354838,4.651162790697675,26.789361030733872,Low
Groundnut,2019-02-01,-5.549280124515477,42.76108550702866,Elevated,69.76744186046511,290.53199453457864,260.87,-6.278212745263135,390.206772197138,-25.544092200481394,6.94867351344233,37.301587301587304,69.76744186046511,16.129032258064516,79.84496124031007,50.76075566510675,Watch
Groundnut,2019-03-01,5.7766638117835,41.827469197199974,Elevated,68.9922480620155,307.80927200889346,278.8445454545454,8.58437891665551,366.66867080993165,-16.052475569026427,0.7741885103759176,74.60317460317461,68.9922480620155,20.967741935483872,38.759689922480625,50.83071363078865,Watch
Groundnut,2019-04-01,3.668880556354548,40.94656377024277,Elevated,68.21705426356588,319.3121496854143,291.8181818181818,3.9731641083540215,348.33517044472916,-8.33192373950078,1.0679497217906537,61.904761904761905,68.21705426356588,36.29032258064516,47.286821705426355,53.424740113599825,Watch
Groundnut,2019-05-01,-8.305878122255894,40.11605129984788,Elevated,67.44186046511628,293.862029207264,270.9090909090909,1.1461851828126424,328.2923396881515,-10.487698407338176,6.528170007267447,54.761904761904766,67.44186046511628,32.25806451612903,71.31782945736434,56.4449148001286,Watch
Groundnut,2019-06-01,0.6351875547103703,39.33367128313736,Elevated,66.66666666666666,295.7345449425069,275.0,-3.9227951086664103,323.7910839271742,-8.66501283617115,6.977360955526202,42.857142857142854,66.66666666666666,34.67741935483871,88.37209302325581,58.14333047547601,Watch
Groundnut,2019-07-01,-0.8561974475403744,38.597220283124656,Elevated,65.89147286821705,293.2132822130325,275.0,-8.173465212048558,316.73235960150924,-7.425536632274266,-7.721694823263711,31.746031746031743,65.89147286821705,37.903225806451616,30.23255813953488,41.443322140058825,Low
Groundnut,2019-08-01,-9.029660227024472,37.904551888539295,Elevated,65.11627906976744,267.8972918202608,254.03,-8.83568981574343,306.38953643571364,-12.563172053210515,-11.085251467388598,30.158730158730158,65.11627906976744,23.387096774193548,13.178294573643413,32.96010014408364,Low
Groundnut,2019-09-01,-1.0740579279545415,37.25357694131259,Elevated,64.34108527131784,265.03531686621125,254.06,-10.3806703008821,298.8500774672156,-11.31495795068479,-9.068289448045112,26.190476190476193,64.34108527131784,29.03225806451613,21.705426356589147,35.317311470724825,Low
Groundnut,2019-10-01,-2.685156512179887,36.64226397833467,Elevated,63.565891472868216,258.0134004181039,250.0,-12.004872879310536,290.9990208823189,-11.335302903838462,1.9473114669047478,20.634920634920633,63.565891472868216,28.225806451612907,55.42635658914728,41.96324378713726,Low
Groundnut,2019-11-01,6.9694531231230705,36.06863983196943,Elevated,62.7906976744186,276.636965960275,270.9090909090909,3.2623226911445924,288.21926116786057,-4.01857084799061,6.241668737247841,61.111111111111114,62.7906976744186,42.74193548387097,63.17829457364341,57.45550971076102,Watch
Groundnut,2019-12-01,0.44716979381007604,35.5307903333279,Elevated,62.01550387596899,277.8767728656138,275.0,4.845186728787887,287.7527649661841,-3.43211023592801,10.85284287950122,65.07936507936508,62.01550387596899,45.16129032258064,96.51162790697676,67.19194679622287,Watch
Groundnut,2020-01-01,-8.607108223810744,35.026861063441814,Elevated,61.240310077519375,254.96,254.96,-1.183427067414311,283.40691837684625,-10.037481985185826,-13.462930053358935,50.0,61.240310077519375,33.064516129032256,4.651162790697675,37.23899724931233,Low
Groundnut,2020-02-01,0.1320858938747449,34.555058100157204,Elevated,60.46511627906976,255.2969887032992,257.94,-7.714072912453862,280.4706678909063,-8.97551226190927,6.94867351344233,32.53968253968254,60.46511627906976,33.87096774193548,79.84496124031007,51.68018195024946,Watch
Groundnut,2020-03-01,11.266726844607966,34.11364871261653,Calm,59.68992248062015,285.7435692168892,291.66,2.8310377546668652,278.6318593249059,2.5523678122143734,0.7741885103759176,60.317460317460316,59.68992248062015,57.25806451612904,38.759689922480625,54.00628430917253,Watch
Groundnut,2020-04-01,10.406574765765342,33.70096196039422,Calm,58.91472868217055,317.0820411084305,326.93,24.365406772995946,278.44601694349063,13.875588736749943,1.0679497217906537,89.68253968253968,58.91472868217055,81.45161290322581,47.286821705426355,69.3339257433406,Watch
Groundnut,2020-05-01,-12.360590651720393,33.31538916042807,Calm,58.139534883720934,280.2142918902265,291.8181818181818,9.760124204161947,277.3087055004042,1.0477804454711137,6.528170007267447,76.19047619047619,58.139534883720934,54.83870967741935,71.31782945736434,65.1216375522452,Watch
Groundnut,2020-06-01,5.930859400892707,32.955384191561045,Calm,57.36434108527132,297.3361249292365,312.7272727272727,4.0569786904103955,277.4421704992983,7.170486878089255,6.977360955526202,63.49206349206349,57.36434108527132,68.54838709677419,88.37209302325581,69.44422117434121,Watch
Groundnut,2020-07-01,13.82514918094504,32.61946361348053,Calm,56.58914728682171,341.42045528391753,362.6281818181818,7.675746658627136,281.45943492187206,21.303610013531625,-7.721694823263711,73.80952380952381,56.58914728682171,89.51612903225806,30.23255813953488,62.53683956703462,Watch
Groundnut,2020-08-01,3.3960183182802695,32.306206583838346,Calm,55.81395348837209,353.2142833103037,380.45454545454544,26.051487569618637,288.569184212709,22.401941244683886,-11.085251467388598,92.06349206349206,55.81395348837209,91.12903225806451,13.178294573643413,63.04619309589302,Watch
Groundnut,2020-09-01,-1.3237237337791363,32.014254564102394,Calm,55.03875968992248,348.5695118053533,380.6818181818181,17.23079793560567,295.5303671243041,17.94710479236137,-9.068289448045112,84.12698412698413,55.03875968992248,85.48387096774194,21.705426356589147,61.58876028530942,Watch
Groundnut,2020-10-01,-18.088721273384678,31.742310811016047,Calm,54.263565891472865,290.8915326242867,322.055,-14.799617854651427,298.27021147481935,-2.473823589036339,1.9473114669047478,12.698412698412698,54.263565891472865,49.193548387096776,55.42635658914728,42.895470891532405,Low
Groundnut,2020-11-01,9.285644308421581,31.489139656258182,Calm,53.48837209302325,319.19650001431853,358.18181818181813,-9.630919502227508,301.8168393126563,5.7583469302911805,6.241668737247841,27.77777777777778,53.48837209302325,64.51612903225806,63.17829457364341,52.24014336917563,Watch
Groundnut,2020-12-01,3.190859412963931,31.253565581881503,Calm,52.71317829457365,329.54585009493235,374.74,-5.457637878852706,306.12259574843284,7.651592751339531,10.85284287950122,38.88888888888889,52.71317829457365,70.16129032258065,96.51162790697676,64.56874635325498,Watch
Groundnut,2021-01-01,5.1760531697429,31.034472103288497,Calm,51.93798449612403,347.0524865144302,399.855,19.306493174100247,313.7969696246354,10.597781402916407,-13.462930053358935,84.92063492063492,51.93798449612403,77.41935483870968,4.651162790697675,54.73228426154157,Watch
Groundnut,2021-02-01,3.0243189985894148,30.830800474851205,Calm,51.162790697674424,357.70878886711864,417.5,12.065385695354603,322.3312863049537,10.975510000197342,6.94867351344233,77.77777777777779,51.162790697674424,78.2258064516129,79.84496124031007,71.7528340418438,Elevated
Groundnut,2021-03-01,15.933399914957924,30.64154823580205,Calm,50.3875968992248,419.4956748528715,495.9090909090909,27.2950864749252,333.4772951079522,25.794373712031483,0.7741885103759176,92.85714285714286,50.3875968992248,94.35483870967742,38.759689922480625,69.08981709713143,Watch
Groundnut,2021-04-01,14.465162961550249,30.46576761575721,Calm,49.6124031007752,484.7846856382554,580.365,39.68627353952077,347.4525154854376,39.525449962837776,1.0679497217906537,96.82539682539682,49.6124031007752,98.38709677419355,47.286821705426355,73.02792960144798,Elevated
Groundnut,2021-05-01,-10.574865089269814,30.302563820245247,Calm,48.837209302325576,436.13690411867736,528.67,21.9251295166508,360.44606650447514,20.99921309954493,6.528170007267447,88.88888888888889,48.837209302325576,87.90322580645162,71.31782945736434,74.23678836375761,Elevated
Groundnut,2021-06-01,1.2263456459415956,30.151093216981796,Calm,48.06201550387597,441.5183803582143,541.8181818181818,5.249805141153541,372.46125445689,18.540754259666812,6.977360955526202,66.66666666666666,48.06201550387597,86.29032258064517,88.37209302325581,72.3477744436109,Elevated
Groundnut,2021-07-01,4.999582791283608,30.010561443447013,Calm,47.286821705426355,464.1535752961332,576.56,-4.255726501541557,382.68901445790794,21.28740511499203,-7.721694823263711,40.476190476190474,47.286821705426355,88.70967741935483,30.23255813953488,51.676311935126634,Watch
Groundnut,2021-08-01,0.43727769007562145,29.880221455679848,Calm,46.51162790697674,466.1876593853789,588.1818181818181,6.890211532873258,392.10346246416424,18.8940430302845,-11.085251467388598,72.22222222222221,46.51162790697674,87.09677419354838,13.178294573643413,54.75222972409769,Watch
Groundnut,2021-09-01,-9.573209625750057,29.75937153719618,Calm,45.73643410852713,423.6281896632988,542.75,-4.051969632702656,398.35835228565975,6.3434937996526,-9.068289448045112,41.269841269841265,45.73643410852713,66.93548387096774,21.705426356589147,43.911796401481325,Low
Groundnut,2021-10-01,-4.663332376378815,29.647353285655257,Calm,44.96124031007752,404.326546780325,525.9090909090909,-12.889489966254853,407.81127013199625,-0.8544941267913941,1.9473114669047478,17.46031746031746,44.96124031007752,51.61290322580645,55.42635658914728,42.36520439633718,Low
Groundnut,2021-11-01,-0.19076647073612563,29.543549593422153,Calm,44.18604651162791,403.55596253865536,532.78,-13.43486803775481,414.84122534235763,-2.72038122401862,6.241668737247841,15.873015873015872,44.18604651162791,46.774193548387096,63.17829457364341,42.50288762666857,Low
Groundnut,2021-12-01,0.21524287934466813,29.44738263657599,Calm,43.41085271317829,404.4255235105079,541.8181818181818,-4.532905652018404,421.08119812698897,-3.9554543614312765,10.85284287950122,39.682539682539684,43.41085271317829,44.354838709677416,96.51162790697676,55.989964753093034,Watch
Groundnut,2022-01-01,9.92232813707421,29.358311885256583,Calm,42.63565891472868,446.6123002639996,607.05,10.458317372529313,429.37784927278636,4.013819301671551,-13.462930053358935,76.98412698412699,42.63565891472868,59.67741935483871,4.651162790697675,45.987092011098014,Low
Groundnut,2022-02-01,-1.425135046945769,29.275832146578118,Calm,41.86046511627907,440.29261086411736,607.05,9.10323517322411,436.2598344392029,0.9243978259191543,6.94867351344233,75.39682539682539,41.86046511627907,54.03225806451613,79.84496124031007,62.78362745448267,Watch
Groundnut,2022-03-01,4.883359573298218,29.199471649709512,Calm,41.08527131782946,462.3273205696897,646.45,14.317048181474966,439.8291382489378,5.1152096039662975,0.7741885103759176,80.95238095238095,41.08527131782946,62.096774193548384,38.759689922480625,55.72352909655985,Watch
Groundnut,2022-04-01,0.4521145989725639,29.12879018116018,Calm,40.310077519379846,464.4223021712735,658.44,3.987799238119072,438.1322729600226,6.000477671648197,1.0679497217906537,62.698412698412696,40.310077519379846,66.12903225806451,47.286821705426355,54.10608604532085,Watch
Groundnut,2022-05-01,-0.18604365992525018,29.063377276840317,Calm,39.53488372093023,463.5590771594922,666.26,5.284319046306973,440.4174540467572,5.2544745672768345,6.528170007267447,67.46031746031747,39.53488372093023,63.70967741935484,71.31782945736434,60.505677014491724,Watch
Groundnut,2022-06-01,1.158831589380327,29.002850476104204,Calm,38.759689922480625,468.9621922183084,683.175,1.435102654206788,442.70443836843174,5.931215405621071,6.977360955526202,55.55555555555556,38.759689922480625,65.32258064516128,88.37209302325581,62.00247978661332,Watch
Groundnut,2022-07-01,3.6540480234151573,28.946853641743147,Calm,37.98449612403101,486.41522512834354,718.09,4.735544105924383,444.5595758544492,9.415082150338861,-7.721694823263711,64.28571428571429,37.98449612403101,75.0,30.23255813953488,51.875692137320044,Watch
Groundnut,2022-08-01,1.3692507945369137,28.89505534877627,Calm,37.2093023255814,493.1212760174939,742.95,6.377223597722925,446.8040439071255,10.366341294797255,-11.085251467388598,71.42857142857143,37.2093023255814,75.80645161290323,13.178294573643413,49.40565498517486,Low
Groundnut,2022-09-01,-12.611919694613594,28.84714734389407,Calm,36.434108527131784,434.6912212475708,668.105,-7.307832388071056,447.7259632058148,-2.911321439773662,-9.068289448045112,34.12698412698413,36.434108527131784,45.96774193548387,21.705426356589147,34.55856523654723,Low
Groundnut,2022-10-01,-1.812519382749489,28.802843076537798,Calm,35.65891472868217,426.88333211384736,669.0550000000001,-12.23890411711277,449.60569531694165,-5.053842386733232,1.9473114669047478,19.841269841269842,35.65891472868217,41.12903225806452,55.42635658914728,38.01389335429095,Low
Groundnut,2022-11-01,-8.038188592654638,28.76187630184339,Calm,34.883720930232556,393.9125234981334,629.3299999999999,-20.118530135341594,448.80207539689815,-12.230235755978436,6.241668737247841,10.317460317460316,34.883720930232556,25.806451612903224,63.17829457364341,33.54648185855987,Low
Groundnut,2022-12-01,-3.9497395777842392,28.723999755033855,Calm,34.10852713178294,378.6572594457125,616.445,-12.890520687544582,446.6547200581652,-15.22371925311744,10.85284287950122,16.666666666666664,34.10852713178294,21.774193548387096,96.51162790697676,42.26525381345337,Low
Groundnut,2023-01-01,-1.186663046856573,28.688983896301803,Calm,33.33333333333333,374.1904292025439,620.525,-12.343630905047975,440.6195641363772,-15.076301721653174,-13.462930053358935,19.047619047619047,33.33333333333333,22.58064516129032,4.651162790697675,19.903190083235092,Low
Groundnut,2023-02-01,-4.609919326070155,28.656615724774678,Calm,32.55813953488372,357.3321150429311,603.4090909090909,-9.286429415940024,433.7061894846117,-17.60963442381087,6.94867351344233,28.57142857142857,32.55813953488372,19.35483870967742,79.84496124031007,40.082342014074946,Low
Groundnut,2023-03-01,4.354960859426882,28.626697659790516,Calm,31.782945736434108,373.2376141793484,641.590909090909,-1.4312799058170733,426.2820472854166,-12.4435062287651,0.7741885103759176,49.2063492063492,31.782945736434108,25.0,38.759689922480625,36.187246216315984,Low
Groundnut,2023-04-01,0.3883695101900564,28.599046487422996,Calm,31.007751937984494,374.6899737086717,655.4545454545455,0.1335000756679916,418.80435324686647,-10.53340997919172,1.0679497217906537,52.38095238095239,31.007751937984494,31.451612903225808,47.286821705426355,40.53178473189726,Low
Groundnut,2023-05-01,-2.659967280580844,28.57349236997188,Calm,30.23255813953488,364.8547300339076,649.3181818181818,2.105216596631032,410.57899098640104,-11.13653205748365,6.528170007267447,57.14285714285714,30.23255813953488,29.838709677419356,71.31782945736434,47.13298860429393,Low
Groundnut,2023-06-01,25.2677884646773,28.54987791597082,Calm,29.457364341085274,469.7389707779111,850.2272727272727,25.8552066920543,410.64372253303463,14.390880708062582,6.977360955526202,90.47619047619048,29.457364341085274,82.25806451612904,88.37209302325581,72.64092808916516,Elevated
Groundnut,2023-07-01,9.603343440432521,28.528057308150856,Calm,28.68217054263566,517.0867179923769,951.6136363636364,38.00388435117863,413.19968027170404,25.142090538976404,-7.721694823263711,96.03174603174604,28.68217054263566,91.93548387096774,30.23255813953488,61.72048964622108,Watch
Groundnut,2023-08-01,0.6234530884083433,28.507895486727815,Calm,27.906976744186046,520.3205814413762,984.090909090909,42.61034285975147,415.46628905702755,25.237737728934295,-11.085251467388598,97.61904761904762,27.906976744186046,92.74193548387096,13.178294573643413,57.861563605187015,Watch
Groundnut,2023-09-01,-8.115156039905447,28.48926738534838,Calm,27.131782945736433,479.7636390549435,931.8431818181818,2.1340933796553108,419.22232387430864,14.441338576899444,-9.068289448045112,57.936507936507944,27.131782945736433,83.06451612903226,21.705426356589147,47.45955834196645,Low
Groundnut,2023-10-01,-5.0628108831825,28.472057217026865,Calm,26.356589147286826,456.0787332091754,909.090909090909,-11.798404921338712,421.655273965586,8.163886797820297,1.9473114669047478,22.22222222222222,26.356589147286826,70.96774193548387,55.42635658914728,43.74322747353505,Low
Groundnut,2023-11-01,-2.5254325731820515,28.456157807428145,Calm,25.581395348837212,444.704994857643,909.090909090909,-14.532499632104745,425.88797991221185,4.418301486064458,6.241668737247841,13.492063492063492,25.581395348837212,61.29032258064516,63.17829457364341,40.88551899879732,Low
Groundnut,2023-12-01,5.533355834487974,28.441469972895618,Calm,24.8062015503876,470.0056367746619,984.7727272727273,-2.033918681187108,433.5003446896242,8.421052608660462,10.85284287950122,48.41269841269841,24.8062015503876,71.7741935483871,96.51162790697676,60.37618035461247,Watch
Groundnut,2024-01-01,11.106322380126965,28.42790194068415,Calm,24.031007751937985,525.2151097709319,1127.225,15.158868749542819,446.08573473698993,17.738602441657612,-13.462930053358935,81.74603174603175,24.031007751937985,84.67741935483872,4.651162790697675,48.77640541087653,Low
Groundnut,2024-02-01,-1.5401141228180038,28.415368808931483,Calm,23.25581395348837,517.1881683811669,1136.3636363636365,16.29915884950357,459.40707251517625,12.577319619754412,6.94867351344233,82.53968253968253,23.25581395348837,79.83870967741935,79.84496124031007,66.36979185272507,Watch
Groundnut,2024-03-01,3.5109078337400845,28.403792043985572,Calm,22.48062015503876,535.6686869966903,1204.2772727272727,13.970694196910172,472.9429952499547,13.262844016451592,0.7741885103759176,79.36507936507937,22.48062015503876,80.64516129032258,38.759689922480625,55.312637683230335,Watch
Groundnut,2024-04-01,-1.64731933272666,28.393099012796583,Calm,21.705426356589147,526.9167968585052,1211.4636363636362,0.3239981211346832,485.6285638457742,8.502019050478115,1.0679497217906537,53.17460317460318,21.705426356589147,73.38709677419355,47.286821705426355,48.88848700270306,Low
Groundnut,2024-05-01,11.345166520035832,28.383222548178566,Calm,20.930232558139537,590.2193931364778,1387.0954545454545,14.120822791422993,504.40895243765505,17.012077260747848,6.528170007267447,80.15873015873017,20.930232558139537,83.87096774193549,71.31782945736434,64.06943997904239,Watch
Groundnut,2024-06-01,9.761476075600228,28.374100544845547,Calm,20.155038759689923,650.7392870737963,1562.5,21.4816738163784,519.4923121289788,25.26446915199616,6.977360955526202,88.09523809523809,20.155038759689923,93.54838709677419,88.37209302325581,72.54268924373952,Elevated
Groundnut,2024-07-01,10.687507685485542,28.365675584227997,Calm,19.379844961240313,724.1395758759205,1775.6590909090908,37.42958664314058,536.7467169526075,34.91271637155799,-7.721694823263711,95.23809523809523,19.379844961240313,95.96774193548387,30.23255813953488,60.20456006858858,Watch
Groundnut,2024-08-01,5.49964508388161,28.357894586177167,Calm,18.6046511627907,765.0801572091814,1912.022727272727,29.62640098006235,557.1433482665913,37.321958449209205,-11.085251467388598,93.65079365079364,18.6046511627907,96.7741935483871,13.178294573643413,55.55198323390371,Watch
Groundnut,2024-09-01,-0.8339614266147599,28.35070848576552,Calm,17.829457364341085,758.7262153533503,1931.8181818181815,16.594499582950164,580.3902296247918,30.726910383010477,-9.068289448045112,83.33333333333334,17.829457364341085,95.16129032258065,21.705426356589147,54.50737684421106,Watch
Groundnut,2024-10-01,-12.535452124624502,28.344071933490916,Calm,17.05426356589147,669.3361989878061,1735.690909090909,-7.568068189316146,598.1616851063443,11.898875446829749,1.9473114669047478,33.33333333333333,17.05426356589147,79.03225806451613,55.42635658914728,46.21155288822205,Low
Groundnut,2024-11-01,1.9728800088779863,28.33794301728864,Calm,16.27906976744186,682.6725213012614,1802.372727272727,-10.771111383743392,617.9923123099792,10.466183430262355,6.241668737247841,23.809523809523807,16.27906976744186,76.61290322580645,63.17829457364341,44.969947844103885,Low
Groundnut,2024-12-01,-0.09958624989412357,28.33228300484992,Calm,15.503875968992247,681.9930117434417,1832.6454545454544,-10.113424586782305,635.6579268907109,7.289311262014242,10.85284287950122,26.984126984126984,15.503875968992247,69.35483870967742,96.51162790697676,52.08861739244335,Watch
Groundnut,2025-01-01,3.941956491661447,28.327056104835822,Calm,14.728682170542637,709.4137863706327,1939.686363636364,5.987661722678861,651.0078166073527,8.971623423456808,-13.462930053358935,69.84126984126983,14.728682170542637,74.19354838709677,4.651162790697675,40.853665797401725,Low
Groundnut,2025-02-01,-3.2949559648653093,28.322229245663063,Calm,13.953488372093023,686.4198154011141,1909.090909090909,0.5489153265917146,665.1104538590149,3.203883117226747,6.94867351344233,53.96825396825397,13.953488372093023,58.06451612903226,79.84496124031007,51.45780492742233,Watch
Groundnut,2025-03-01,-6.555474676838902,28.31777187062153,Calm,13.178294573643413,642.8649490397147,1818.181818181818,-5.737311384423183,674.0434756959336,-4.625595793213167,0.7741885103759176,38.095238095238095,13.178294573643413,41.935483870967744,38.759689922480625,32.992176615582466,Low
Groundnut,2025-04-01,-1.6488159126122781,28.313655748163125,Calm,12.4031007751938,632.3521956039096,1818.181818181818,-10.86271401081319,682.8297589247172,-7.392408233685788,1.0679497217906537,23.015873015873016,12.4031007751938,38.70967741935484,47.286821705426355,30.353868228962,Low
Groundnut,2025-05-01,1.3935007811614497,28.30985479627709,Calm,11.627906976744185,641.225711051793,1873.8454545454545,-6.584032589867983,687.0802854176603,-6.673830604525833,6.528170007267447,36.507936507936506,11.627906976744185,39.516129032258064,71.31782945736434,39.742450493575774,Low
Groundnut,2025-06-01,2.968546535469674,28.306344919939004,Calm,10.852713178294573,660.5461439157896,1961.363636363636,2.7503746941696328,687.8975234878262,-3.976083448208645,6.977360955526202,58.730158730158735,10.852713178294573,43.54838709677419,88.37209302325581,50.375838007120834,Watch
Groundnut,2025-07-01,0.589854472428275,28.303103860688392,Calm,10.077519379844961,664.453918649945,2004.2090909090907,5.076557536955728,682.923718718995,-2.7045187570428952,-7.721694823263711,65.87301587301587,10.077519379844961,47.58064516129033,30.23255813953488,38.44093463842151,Low
Groundnut,2025-08-01,-7.271990121490646,28.3001110574541,Calm,9.30232558139535,617.8499490764378,1863.6363636363635,-3.645481079823243,670.6545347079331,-7.873589590278607,-11.085251467388598,44.44444444444444,9.30232558139535,37.096774193548384,13.178294573643413,26.005459698257898,Low
Groundnut,2025-09-01,-2.4692612590371255,28.297347517807022,Calm,8.527131782945736,602.780438123354,1818.181818181818,-8.74514314018915,657.6590532721,-8.344538842080008,-9.068289448045112,30.952380952380953,8.527131782945736,35.483870967741936,21.705426356589147,24.16720251491444,Low
Groundnut,2025-10-01,-5.129329438755104,28.294795698876413,Calm,7.751937984496124,572.6414162171862,1727.272727272727,-13.817738123857525,649.6011547078816,-11.847229324169428,1.9473114669047478,15.079365079365079,7.751937984496124,27.419354838709676,55.42635658914728,26.41925362292954,Low
Groundnut,2025-11-01,-10.189285075288002,28.29243939721959,Calm,6.976744186046512,517.167532496694,1559.9454545454544,-16.295609756097573,635.8090723075011,-18.659931884933467,6.241668737247841,11.904761904761903,6.976744186046512,17.741935483870968,63.17829457364341,24.950434037080697,Low
Groundnut,2025-12-01,-9.101187920196452,28.290263646984524,Calm,6.2015503875969,472.1775075462622,1424.2409090909089,-21.66675,618.3244469577361,-23.63596330867108,10.85284287950122,7.936507936507936,6.2015503875969,16.93548387096774,96.51162790697676,31.896292525512333,Low
Groundnut,2026-01-01,-6.722020158597353,28.28825462575191,Calm,5.426356589147287,441.4809137348303,1331.65,-22.904473684210537,595.9967075714193,-25.92561198302812,-13.462930053358935,7.142857142857142,5.426356589147287,15.32258064516129,4.651162790697675,8.135739291965848,Low
Groundnut,2026-02-01,6.301135232498378,28.28639956748685,Calm,4.651162790697675,470.1943599048364,1418.259090909091,-9.082776787067125,577.9779196133961,-18.648387083827544,6.94867351344233,29.365079365079367,4.651162790697675,18.548387096774192,79.84496124031007,33.102397623215325,Low
Groundnut,2026-03-01,5.603498095592929,28.284686682071335,Calm,3.875968992248062,497.293861451767,1499.9999999999998,5.319260977937201,565.8469956477338,-12.115136198168376,0.7741885103759176,68.25396825396825,3.875968992248062,26.61290322580645,38.759689922480625,34.37563259862585,Low
Groundnut,2026-04-01,5.884050002293328,28.283105080926884,Calm,3.10077519379845,527.4328833579347,1590.9090909090908,19.46901144513129,557.1037196272358,-5.325908843178118,1.0679497217906537,86.5079365079365,3.10077519379845,40.32258064516129,47.286821705426355,44.30452851308065,Low
Groundnut,2026-05-01,6.230388333615444,28.281644708272008,Calm,2.3255813953488373,561.3392830023733,1693.181818181818,19.384520715217413,550.4465172897842,1.9788962906371887,6.528170007267447,85.71428571428571,2.3255813953488373,56.451612903225815,71.31782945736434,53.95232736755618,Watch
Groundnut,2026-06-01,0.6688988150797215,28.28029627759276,Calm,1.550387596899225,565.1066607406444,1704.5454545454545,13.636363636363669,542.4932270251888,4.168426920177137,6.977360955526202,78.57142857142857,1.550387596899225,60.483870967741936,88.37209302325581,57.24444503983138,Watch
Groundnut,2026-07-01,-6.899287148695166,28.279051212935173,Calm,0.7751937984496124,527.4328833579347,1590.9090909090908,0.0,531.0748074175214,-0.6857647940967881,-7.721694823263711,50.79365079365079,0.7751937984496124,52.41935483870967,30.23255813953488,33.55518939258624,Low
Millet,2014-06-01,32.072390565735546,95.43875594789282,High,100.0,213.13993091359072,,,,,6.6410339824375395,,100.0,,87.67123287671232,93.83561643835617,Alert
Millet,2014-07-01,24.245698925355263,94.17206003514187,High,99.31506849315068,271.62050554887566,138.84615384615384,,,,-5.843143320900471,,99.31506849315068,,29.45205479452055,64.3835616438356,Watch
Millet,2014-08-01,-5.862732992893616,92.9300104393234,High,98.63013698630137,256.1539323414662,131.9230769230769,,,,-14.528333212563993,,98.63013698630137,,4.4520547945205475,51.54109589041096,Watch
Millet,2014-09-01,-6.1329551026072515,91.71223132374227,High,97.94520547945206,240.916165253754,125.0,13.031924248593318,,,-13.037336941115843,74.82517482517483,97.94520547945206,,12.67123287671233,61.81387106044641,Watch
Millet,2014-10-01,-30.225702830087986,90.51835215295407,High,97.26027397260275,178.07271580917796,93.07692307692308,-34.44062131857885,,,1.6632902779107392,4.895104895104895,97.26027397260275,,38.013698630136986,46.72302583261487,Low
Millet,2014-11-01,-4.09322694107912,89.34800756619634,High,96.57534246575342,170.930956744921,90.0,-33.27021951899558,221.80570110196425,-22.936626112083612,4.38473264792616,6.293706293706294,96.57534246575342,17.73049645390071,54.45205479452054,43.762900001970245,Low
Millet,2014-12-01,22.43917127825137,88.20083725289314,High,95.8904109589041,213.93054922694435,113.46153846153844,-11.201247537036807,220.68067940553283,-3.058777142055169,6.290833138080615,32.16783216783217,95.8904109589041,52.4822695035461,79.1095890410959,64.91252541784456,Watch
Millet,2015-01-01,-0.7210163952079185,87.07648583029068,High,95.2054794520548,212.3936222985053,113.46153846153844,19.273534597015683,219.6447972671544,-3.3013187923725207,-8.894278150085217,81.81818181818183,95.2054794520548,51.06382978723404,20.89041095890411,62.2444755040937,Watch
Millet,2015-02-01,-0.7158549415132498,85.974602723285,High,94.52054794520548,210.87862113283572,113.46153846153844,23.37064341570867,218.67077769667455,-3.5634192396057585,2.965062164160463,86.7132867132867,94.52054794520548,48.226950354609926,46.23287671232877,68.92341543135772,Watch
Millet,2015-03-01,-0.7107668602479578,84.89484204650509,High,93.83561643835617,209.3850798643392,113.46153846153844,-2.124740659541424,217.742207913441,-3.8380836353161363,4.634792424703338,50.349650349650354,93.83561643835617,47.5177304964539,62.671232876712324,63.59355754029319,Watch
Millet,2015-04-01,-0.7057505979131129,83.83686248871824,High,93.15068493150685,207.91254573251695,113.46153846153844,-2.109798080325831,216.84860226062975,-4.120873473453424,5.699570746645641,51.048951048951054,93.15068493150685,46.09929078014184,70.8904109589041,65.29733442987596,Watch
Millet,2015-05-01,39.05160102897662,82.80032719962549,High,92.46575342465754,307.24133564778856,168.84615384615384,45.69581970770402,224.38133004289296,36.92820859429615,10.023776242801029,96.5034965034965,92.46575342465754,93.61702127659575,96.23287671232876,94.70478697926964,Alert
Millet,2015-06-01,9.680543468473779,81.78490367911854,High,91.78082191780823,338.4711917276241,187.3076923076923,61.650100354294544,234.82560177739572,44.13726151055701,6.6410339824375395,97.9020979020979,91.78082191780823,95.74468085106383,87.67123287671232,93.27470838692058,Alert
Millet,2015-07-01,-38.403430844294206,80.79026366906908,High,91.0958904109589,230.53545643236595,128.46153846153845,10.880974315495973,231.40184768435327,-0.37440982457890293,-5.843143320900471,69.23076923076923,91.0958904109589,59.57446808510638,29.45205479452055,62.33829563033876,Watch
Millet,2015-08-01,-13.716150058706678,79.81608304772439,High,90.41095890410958,200.9875918414591,113.46153846153844,-34.583153852753476,226.80465264268602,-11.382950261562662,-14.528333212563993,4.195804195804196,90.41095890410958,34.04255319148936,4.4520547945205475,33.275342771480915,Low
Millet,2015-09-01,20.282884113295374,78.86204172678228,High,89.72602739726028,246.1822253473561,140.76923076923077,-27.266416946507853,227.2434909838195,8.334115217797411,-13.037336941115843,10.48951048951049,89.72602739726028,72.3404255319149,12.67123287671233,46.306799073849504,Low
Millet,2015-10-01,-2.365575336264847,77.9278235512195,High,89.04109589041096,240.4269405244768,139.23076923076923,4.290656303019835,232.4396763767611,3.4362739925558827,1.6632902779107392,58.74125874125874,89.04109589041096,65.24822695035462,38.013698630136986,62.76107005304033,Watch
Millet,2015-11-01,-21.717704850584063,77.01311620194672,High,88.35616438356165,193.49258924983948,113.46153846153844,-3.729087215260407,234.3198124188376,-17.42371792958807,4.38473264792616,44.05594405594406,88.35616438356165,22.69503546099291,54.45205479452054,52.38979967375479,Watch
Millet,2015-12-01,-1.2353668954339092,76.11761110136251,High,87.67123287671232,191.11695000028732,113.46153846153844,-22.36768932824994,232.41867914994955,-17.77040008174885,6.290833138080615,12.587412587412588,87.67123287671232,21.98581560283688,79.1095890410959,50.33851252701442,Watch
Millet,2016-01-01,111.26166152238035,75.2410033218776,High,86.98630136986301,581.4367290298972,349.4230769230769,141.83509874622544,263.17227137756555,120.9338871403085,-8.894278150085217,100.0,86.98630136986301,100.0,20.89041095890411,76.96917808219177,Elevated
Millet,2016-02-01,-106.49489125274184,74.38299149747768,High,86.3013698630137,200.44767638494451,121.92307692307692,3.5944979402412924,262.303025981908,-23.581637827247125,2.965062164160463,58.04195804195804,86.3013698630137,16.312056737588655,46.23287671232877,51.72206533872229,Watch
Millet,2016-03-01,12.358887445192934,73.54327773839161,High,85.61643835616438,226.8166816687182,139.6153846153846,18.679521449236812,263.7556594656062,-14.00499912370785,4.634792424703338,80.41958041958041,85.61643835616438,29.78723404255319,62.671232876712324,64.62362142375258,Watch
Millet,2016-04-01,-1.1771954585090505,72.72156754892748,Elevated,84.93150684931507,224.16226050947063,139.6153846153846,-61.446835172680615,265.1098023636857,-15.445502764941887,5.699570746645641,0.6993006993006993,84.93150684931507,24.822695035460992,70.8904109589041,45.335978385745214,Low
Millet,2016-05-01,0.7465184884202891,71.91756974853584,Elevated,84.24657534246576,225.8419349678846,142.3076923076923,12.668771741794771,258.3265189736937,-12.575009385357404,10.023776242801029,72.72727272727273,84.24657534246576,31.914893617021278,96.23287671232876,71.28040459977214,Elevated
Millet,2016-06-01,-0.8802112081305324,71.13099639615467,Elevated,83.56164383561644,223.86277212852056,142.69230769230768,-1.3023334608660009,248.77581734043505,-10.014255194998501,6.6410339824375395,51.74825174825175,83.56164383561644,36.17021276595745,87.67123287671232,64.78783530663449,Watch
Millet,2016-07-01,6.389208970789095,70.36156271788563,Elevated,82.87671232876713,238.6326474237599,153.84615384615384,6.455318072453986,249.45058325638453,-4.33670496633235,-5.843143320900471,60.13986013986013,82.87671232876713,44.680851063829785,29.45205479452055,54.2873695817444,Watch
Millet,2016-08-01,23.026790115418194,69.60898703804547,Elevated,82.1917808219178,300.4235254463623,196.34615384615384,33.02380069010806,257.73691105679313,16.562088144279443,-14.528333212563993,91.6083916083916,82.1917808219178,81.56028368794325,4.4520547945205475,64.95312772819331,Watch
Millet,2016-09-01,-8.344693734730058,68.87299071363007,Elevated,81.5068493150685,276.3715879049679,183.07692307692307,23.455805213696635,260.2526912699274,6.1935561766476965,-13.037336941115843,87.41258741258741,81.5068493150685,70.2127659574468,12.67123287671233,62.950858890453766,Watch
Millet,2016-10-01,-6.50306866566952,68.15329807222221,Elevated,80.82191780821918,258.970875755401,173.84615384615384,8.522818881326334,261.7980192058378,-1.0798948972237987,1.6632902779107392,65.03496503496503,80.82191780821918,57.446808510638306,38.013698630136986,60.32934749598988,Watch
Millet,2016-11-01,-34.29775690645202,67.44963635336639,Elevated,80.13698630136986,183.7797514227566,125.0,-38.8264447167708,260.98861605358087,-29.58323079309073,4.38473264792616,2.097902097902098,80.13698630136986,11.347517730496454,54.45205479452054,37.008615231072234,Low
Millet,2016-12-01,10.722268976109373,66.7617356534264,Elevated,79.45205479452055,204.58033351140813,140.96153846153845,-25.976351237032958,262.1105646795076,-21.948841031434142,6.290833138080615,11.188811188811188,79.45205479452055,19.148936170212767,79.1095890410959,47.2248477986601,Low
Millet,2017-01-01,18.353535872460824,66.08932887393311,Elevated,78.76712328767124,245.79456513821063,171.53846153846152,-5.087950750738257,234.14038435520044,4.977433011013743,-8.894278150085217,41.95804195804196,78.76712328767124,68.79432624113475,20.89041095890411,52.60247561143802,Watch
Millet,2017-02-01,-14.679588809845612,65.4321516734212,Elevated,78.08219178082192,212.23628329608255,150.0,15.484040898426365,235.1227682644619,-9.733844636703603,2.965062164160463,77.62237762237763,78.08219178082192,36.87943262411347,46.23287671232877,59.70421968491044,Watch
Millet,2017-03-01,-6.24109790997549,64.7899424227445,Elevated,77.3972602739726,199.39528648917687,142.69230769230768,-2.5344796996052077,232.83765199950014,-14.362954283010488,4.634792424703338,48.95104895104895,77.3972602739726,27.659574468085108,62.671232876712324,54.16977914245474,Watch
Millet,2017-04-01,8.52002879738123,64.16244216385024,Elevated,76.71232876712328,217.1285352995809,157.3076923076923,-11.662597105233296,232.25150823200931,-6.511463821075047,5.699570746645641,30.76923076923077,76.71232876712328,40.42553191489361,70.8904109589041,54.69937560253794,Watch
Millet,2017-05-01,-4.952728916227311,63.549394571983136,Elevated,76.02739726027397,206.63670800362803,151.53846153846155,-2.638368522804735,230.65107265165463,-10.411555589986254,10.023776242801029,48.25174825174825,76.02739726027397,35.46099290780142,96.23287671232876,63.9932537830381,Watch
Millet,2017-06-01,-2.2221049004429894,62.950545921279954,Elevated,75.34246575342466,202.09566382455947,150.0,1.3542834351448763,228.83714695965784,-11.685813903200204,6.6410339824375395,55.24475524475524,75.34246575342466,33.33333333333333,87.67123287671232,62.897946802056396,Watch
Millet,2017-07-01,63.26751191206643,62.365645053705954,Elevated,74.65753424657534,380.4734079383117,285.7692307692308,75.22957423047016,240.65721033587053,58.097655751642876,-5.843143320900471,98.6013986013986,74.65753424657534,99.29078014184397,29.45205479452055,75.50044194608462,Elevated
Millet,2017-08-01,1.3908514645544656,61.79444335127413,Elevated,73.97260273972603,385.8021997917721,292.6923076923077,86.70554884420554,247.77209986465468,55.70849179650021,-14.528333212563993,99.3006993006993,73.97260273972603,98.58156028368793,4.4520547945205475,69.07672927965845,Watch
Millet,2017-09-01,-32.19973374645502,61.23669471147846,Elevated,73.28767123287672,279.59090043408577,214.23076923076923,38.3458185806502,248.04037590874782,12.719914816185064,-13.037336941115843,92.3076923076923,73.28767123287672,78.01418439716312,12.67123287671233,64.07019520361112,Watch
Millet,2017-10-01,-9.602724835840704,60.69215552586261,Elevated,72.6027397260274,253.9913513229504,196.53846153846152,-33.243336847306956,247.62541553937692,2.570792569780145,1.6632902779107392,6.993006993006993,72.6027397260274,64.53900709219859,38.013698630136986,45.537113110342496,Low
Millet,2017-11-01,-10.622091659780697,60.16058466163586,Elevated,71.91780821917808,228.39561982095145,178.46153846153845,-40.79981401240772,251.34340457255985,-9.130052483626494,4.38473264792616,1.3986013986013985,71.91780821917808,38.297872340425535,54.45205479452054,41.51658418818139,Low
Millet,2017-12-01,-0.9642004500530987,59.64174344623836,Elevated,71.23287671232876,226.2040109571444,178.46153846153845,-19.094644852194488,253.14537769303786,-10.642646127460543,6.290833138080615,18.181818181818183,71.23287671232876,34.751773049645394,79.1095890410959,50.81901424622206,Watch
Millet,2018-01-01,-4.911552359584981,59.13539565474917,Elevated,70.54794520547945,215.3623098299288,171.53846153846152,-15.208801910701574,250.6093564173477,-14.064537370552477,-8.894278150085217,23.776223776223777,70.54794520547945,29.078014184397162,20.89041095890411,36.07314853125112,Low
Millet,2018-02-01,12.65910537804169,58.64130750002154,Elevated,69.86301369863014,244.4260540175444,196.53846153846152,7.018713497728135,253.29183731080286,-3.5002246370772983,2.965062164160463,63.63636363636363,69.86301369863014,49.645390070921984,46.23287671232877,57.34441102956113,Watch
Millet,2018-03-01,-10.58559765415561,58.159247625421735,Elevated,69.17808219178082,219.87448241840627,178.46153846153845,-2.7981504447935235,254.99843697157198,-13.77418425395346,4.634792424703338,45.45454545454545,69.17808219178082,30.49645390070922,62.671232876712324,51.95007860593695,Watch
Millet,2018-04-01,-0.9283938714044204,57.68898710003994,Elevated,68.4931506849315,217.8426276006867,178.46153846153845,1.1516953791574025,255.05794466333077,-14.590926431155559,5.699570746645641,54.54545454545454,68.4931506849315,26.95035460992908,70.8904109589041,55.219842699804815,Watch
Millet,2018-05-01,-0.9198539429970509,57.230299416234736,Elevated,67.8082191780822,215.8479815806222,178.46153846153845,-11.691909257296661,255.82555079474696,-15.62688679450921,10.023776242801029,30.069930069930066,67.8082191780822,24.113475177304963,96.23287671232876,54.55612528441149,Watch
Millet,2018-06-01,-36.517406684145826,56.78296048936622,Elevated,67.12328767123287,149.81486584176716,125.0,-31.863459463804624,251.4688176295143,-40.42407831952849,6.6410339824375395,8.391608391608392,67.12328767123287,1.4184397163120568,87.67123287671232,41.15114216396641,Low
Millet,2018-07-01,-9.912541260036267,56.346748659566614,Elevated,66.43835616438356,135.6767056542141,114.23076923076924,-37.718018209496485,231.0690924391728,-41.283057711437564,-5.843143320900471,2.797202797202797,66.43835616438356,0.7092198581560284,29.45205479452055,24.849208403565736,Low
Millet,2018-08-01,5.25578693463542,55.92144469539286,Elevated,65.75342465753424,142.99830268222166,121.53846153846152,-33.750456392936044,210.83543434671026,-32.17539398663566,-14.528333212563993,5.594405594405594,65.75342465753424,9.219858156028367,4.4520547945205475,21.25493580062219,Low
Millet,2018-09-01,-13.389412896105402,55.50683179920071,Elevated,65.06849315068493,125.07813623228829,107.3076923076923,-16.511532063584088,197.95937066322713,-36.816258905432676,-13.037336941115843,20.97902097902098,65.06849315068493,2.127659574468085,12.67123287671233,25.21160164522158,Low
Millet,2018-10-01,-0.9276831129078289,55.1026956140768,Elevated,64.38356164383562,123.92317296706815,107.3076923076923,-8.66289657496624,187.12035580023698,-33.77354781252975,1.6632902779107392,35.66433566433567,64.38356164383562,5.673758865248227,38.013698630136986,35.933838700889126,Low
Millet,2018-11-01,0.5043553866760142,54.70882423216233,Elevated,63.6986301369863,124.54976496226688,108.84615384615384,-12.901228457901414,178.46653456201327,-30.211137192789206,4.38473264792616,25.874125874125873,63.6986301369863,9.929078014184398,54.45205479452054,38.48847220495428,Low
Millet,2018-12-01,-2.33429618618084,54.32500820420017,Elevated,63.013698630136986,121.67607525033664,107.3076923076923,-2.7199485732930406,169.7558732531126,-28.32290693770997,6.290833138080615,46.15384615384615,63.013698630136986,12.76595744680851,79.1095890410959,50.26077281797189,Watch
Millet,2019-01-01,-11.877650528432504,53.95104055013639,Elevated,62.328767123287676,108.04911448114729,96.15384615384616,-12.809596547482938,160.81310697404749,-32.81075372880857,-8.894278150085217,26.573426573426573,62.328767123287676,7.801418439716312,20.89041095890411,29.39850577383367,Low
Millet,2019-02-01,0.6928441898837789,53.58671677060704,Elevated,61.64383561643836,108.8003258501626,97.6923076923077,-12.645097416984829,149.510962960099,-27.229198651339782,2.965062164160463,27.27272727272727,61.64383561643836,14.184397163120568,46.23287671232877,37.33345919115374,Low
Millet,2019-03-01,-0.6899035749329485,53.231834859141536,Elevated,60.95890410958904,108.0522918362786,97.8846153846154,-11.196764348314513,140.19244707825501,-22.925739518646015,4.634792424703338,32.86713286713287,60.95890410958904,18.439716312056735,62.671232876712324,43.73424654137274,Low
Millet,2019-04-01,6.321308989483754,52.886195314916115,Calm,60.273972602739725,115.10311554380168,105.19230769230768,6.528513534356817,131.6308210735146,-12.556106081327522,5.699570746645641,60.83916083916085,60.273972602739725,32.62411347517731,70.8904109589041,56.156914468995495,Watch
Millet,2019-05-01,-15.195262532485199,52.54960115589258,Calm,59.589041095890416,98.8769114795221,91.15384615384616,-9.120757950952108,121.88323189842292,-18.875705919969544,10.023776242801029,34.26573426573427,59.589041095890416,21.27659574468085,96.23287671232876,52.84106195465857,Watch
Millet,2019-06-01,-4.079302705291887,52.22185793218125,Calm,58.9041095890411,94.92458470532216,88.26923076923077,-12.149401838553885,117.30904180371918,-19.08161276762499,6.6410339824375395,27.972027972027973,58.9041095890411,20.56737588652482,87.67123287671232,48.778686581076556,Low
Millet,2019-07-01,-3.729323251588479,51.90277373947074,Calm,58.21917808219178,91.44973696993878,85.76923076923076,-20.549729225063217,113.62346108002957,-19.515093009244755,-5.843143320900471,14.685314685314685,58.21917808219178,19.858156028368796,29.45205479452055,30.553675897598954,Low
Millet,2019-08-01,-1.0977874883965733,51.5921592323717,Calm,57.534246575342465,90.4513035648699,85.76923076923076,-8.52130976643336,109.24454448691692,-17.20291023255417,-14.528333212563993,36.36363636363637,57.534246575342465,23.404255319148938,4.4520547945205475,30.43854826316208,Low
Millet,2019-09-01,15.031406370640976,51.28982763752729,Calm,56.849315068493155,105.12243173772904,100.76923076923076,10.743104185353491,107.58156911237033,-2.2858351992177117,-13.037336941115843,68.53146853146853,56.849315068493155,54.60992907801418,12.67123287671233,48.16548638867205,Low
Millet,2019-10-01,-17.191475568970915,50.99559476634884,Calm,56.16438356164384,88.51844352805718,85.76923076923076,-3.2053601672415666,104.63117499245273,-15.399551295833003,1.6632902779107392,44.75524475524475,56.16438356164384,25.53191489361702,38.013698630136986,41.11631046016065,Low
Millet,2019-11-01,21.341215275364522,50.70927902724154,Calm,55.47945205479452,109.57651633093496,107.3076923076923,21.144209107333456,103.38340427317507,5.990431541019414,4.38473264792616,84.61538461538461,55.47945205479452,69.50354609929079,54.45205479452054,66.01260939099761,Watch
Millet,2019-12-01,-23.455610338863853,50.43070143719239,Calm,54.794520547945204,86.66646202661799,85.76923076923076,-17.556642674664367,100.46593650453185,-13.735475881709803,6.290833138080615,20.27972027972028,54.794520547945204,31.20567375886525,79.1095890410959,46.347375906906656,Low
Millet,2020-01-01,12.759901833882648,50.1596856325995,Calm,54.109589041095894,98.46153846153844,98.46153846153844,11.232794587412354,99.66697183623113,-1.209461221189112,-8.894278150085217,69.93006993006993,54.109589041095894,56.73758865248227,20.89041095890411,50.41691464563806,Watch
Millet,2020-02-01,-2.2087426440458025,49.896057879230185,Calm,53.42465753424658,96.31061806552312,97.3076923076923,-12.106515802480121,98.62616285417784,-2.3477997335030976,2.965062164160463,28.671328671328673,53.42465753424658,53.90070921985816,46.23287671232877,45.557393034440544,Low
Millet,2020-03-01,10.714929273577134,49.63964708120307,Calm,52.73972602739726,107.20338940785236,109.42307692307692,23.696510623598343,98.5554209851423,8.774726277120548,4.634792424703338,88.81118881118881,52.73972602739726,74.46808510638297,62.671232876712324,69.67255820542034,Watch
Millet,2020-04-01,5.2907959182760145,49.39028478889791,Calm,52.054794520547944,113.02802817805556,116.53846153846152,14.794091118337715,98.38249703799681,14.886317770936852,5.699570746645641,76.22377622377621,52.054794520547944,80.85106382978722,70.8904109589041,70.00501138325387,Elevated
Millet,2020-05-01,0.9714784914742758,49.14780520570536,Calm,51.369863013698634,114.1314221005516,118.85769230769228,18.503467626907376,99.65370625641593,14.528025487465058,10.023776242801029,79.72027972027972,51.369863013698634,80.1418439716312,96.23287671232876,76.86621585448458,Elevated
Millet,2020-06-01,14.398133553815118,48.91204519353785,Calm,50.68493150684932,131.80610555428927,138.62884615384615,22.949569302176222,102.72716632716318,28.306961310035696,6.6410339824375395,86.01398601398601,50.68493150684932,90.78014184397163,87.67123287671232,78.78757306037983,Elevated
Millet,2020-07-01,20.22701215377003,48.682844277031094,Calm,50.0,161.35421910318357,171.37692307692308,42.75593558882464,108.55253983826692,48.64158806747976,-5.843143320900471,94.4055944055944,50.0,97.16312056737588,29.45205479452055,67.75519244187271,Watch
Millet,2020-08-01,2.6479237788358923,48.460044646374946,Calm,49.31506849315068,165.68382520134088,178.46153846153845,45.169333871412555,114.82191664130617,44.29634171577448,-14.528333212563993,95.8041958041958,49.31506849315068,96.45390070921985,4.4520547945205475,61.50630495027172,Watch
Millet,2020-09-01,-11.823755024903715,48.243491158720836,Calm,48.63013698630137,147.20758808551224,160.76923076923077,11.684953793646002,118.32901300362143,24.405320680742083,-13.037336941115843,72.02797202797203,48.63013698630137,89.36170212765957,12.67123287671233,55.672761004661325,Watch
Millet,2020-10-01,-28.901153233918198,48.033031338121674,Calm,47.94520547945205,110.25900865231958,122.07115384615383,-31.666485534034518,120.14072676397664,-8.22511930618688,1.6632902779107392,9.090909090909092,47.94520547945205,39.00709219858156,38.013698630136986,33.51422634976992,Low
Millet,2020-11-01,14.262456661357259,47.82851537396866,Calm,47.26027397260274,127.16135460351758,142.69230769230768,-23.25059223554885,121.60612995335852,4.568211036968073,4.38473264792616,11.888111888111888,47.26027397260274,68.08510638297872,54.45205479452054,45.42138675955347,Low
Millet,2020-12-01,1.8549798026092468,47.629796117897826,Calm,46.57534246575342,129.54218574761484,147.3076923076923,-12.000334064053575,125.17910693010826,3.4854688809552226,6.290833138080615,29.37062937062937,46.57534246575342,65.95744680851064,79.1095890410959,55.25325192149734,Watch
Millet,2021-01-01,7.433744582293134,47.43672907914685,Calm,45.89041095890411,139.53898611615156,160.76923076923077,26.55563279746214,128.60222756799268,8.504330566417728,-8.894278150085217,89.5104895104895,45.89041095890411,73.75886524822694,20.89041095890411,57.51254416913116,Watch
Millet,2021-02-01,2.9221437908235615,47.249172418351016,Calm,45.20547945205479,143.6766761364014,167.69230769230768,12.987689211378495,132.5493990738992,8.394815170982772,2.965062164160463,74.12587412587412,45.20547945205479,73.04964539007092,46.23287671232877,59.65346892008215,Watch
Millet,2021-03-01,10.899691366230435,47.06698693977409,Calm,44.52054794520548,160.22232534855078,189.4076923076923,23.683512381603332,136.96764373562408,16.97823002475902,4.634792424703338,88.11188811188812,44.52054794520548,82.26950354609929,62.671232876712324,69.3932931199763,Watch
Millet,2021-04-01,3.6045687719275854,46.89003608197745,Calm,43.83561643835616,166.1029990047792,198.85192307692307,19.036982873385575,141.3905579711844,17.478140965135204,5.699570746645641,81.11888111888112,43.83561643835616,84.39716312056737,70.8904109589041,70.0605179091772,Elevated
Millet,2021-05-01,-2.5137103639645275,46.718185906937464,Calm,43.15068493150685,161.97969181922764,196.34615384615384,12.73903056154364,145.37791378107406,11.419738807886848,10.023776242801029,73.42657342657343,43.15068493150685,76.59574468085107,96.23287671232876,72.35146993781504,Elevated
Millet,2021-06-01,7.487199019799995,46.55130508762731,Calm,42.465753424657535,174.57299409233218,214.23076923076923,8.956722299818498,148.94182115924428,17.20884888716634,6.6410339824375395,65.73426573426573,42.465753424657535,82.97872340425532,87.67123287671232,69.71249385997272,Watch
Millet,2021-07-01,1.6080117502848879,46.389264894085656,Calm,41.78082191780822,177.4028394976035,220.36538461538456,6.802911783970367,150.2792061921126,18.04882657605791,-5.843143320900471,62.23776223776224,41.78082191780822,85.1063829787234,29.45205479452055,54.644255482203604,Watch
Millet,2021-08-01,4.837900727328837,46.23193917800013,Calm,41.0958904109589,186.19640979415155,234.92115384615383,14.950465520054346,151.9885882415135,22.506835512072133,-14.528333212563993,76.92307692307693,41.0958904109589,87.2340425531915,4.4520547945205475,52.42626617043697,Watch
Millet,2021-09-01,-10.754093771742124,46.07920435583858,Calm,40.41095890410959,167.21177879208977,214.23076923076923,-4.2166976275546,153.6556041337283,8.822440766015527,-13.037336941115843,42.65734265734265,40.41095890410959,75.177304964539,12.67123287671233,42.7292098506759,Low
Millet,2021-10-01,-14.123399396755687,45.93093939056571,Calm,39.726027397260275,145.18766565790406,188.84615384615384,-18.159333825169487,156.56632555086034,-7.267629136036624,1.6632902779107392,19.58041958041958,39.726027397260275,39.71631205673759,38.013698630136986,34.25911441613861,Low
Millet,2021-11-01,3.0891258798598997,45.78702577198755,Calm,39.04109589041096,149.7426883840558,197.69230769230768,-19.578101130089976,158.4481033659052,-5.494174304974752,4.38473264792616,17.482517482517483,39.04109589041096,43.262411347517734,54.45205479452054,38.559519878741675,Low
Millet,2021-12-01,4.846971875200268,45.64734749576901,Calm,38.35616438356164,157.17944729878897,210.57692307692307,-5.999775593425715,160.7512084951697,-2.2219187213687652,6.290833138080615,41.25874125874126,38.35616438356164,55.319148936170215,79.1095890410959,53.510910904892256,Watch
Millet,2022-01-01,3.019288237952189,45.5117910411743,Calm,37.67123287671233,161.99751756675712,220.19230769230768,11.578016515852664,162.62275278272014,-0.3844697038171474,-8.894278150085217,70.62937062937063,37.67123287671233,58.86524822695035,20.89041095890411,47.01406567298435,Low
Millet,2022-02-01,1.839759752058967,45.38024534758228,Calm,36.986301369863014,165.00546737762411,227.5,10.192670612686449,164.40015205282205,0.36819632904450117,2.965062164160463,67.83216783216784,36.986301369863014,60.99290780141844,46.23287671232877,53.01106342894452,Watch
Millet,2022-03-01,1.8564192304834748,45.25260178983155,Calm,36.3013698630137,168.09727022337563,235.0423076923077,6.946088125524774,165.05639745905748,1.8423234792050103,4.634792424703338,62.93706293706294,36.3013698630137,61.702127659574465,62.671232876712324,55.90294833409085,Watch
Millet,2022-04-01,2.080768127687538,45.12875415245242,Calm,35.61643835616438,171.63162802240535,243.3326923076923,5.947072893680683,165.51711654385966,3.6941868044960913,5.699570746645641,59.44055944055944,35.61643835616438,66.66666666666666,70.8904109589041,58.15351885557365,Watch
Millet,2022-05-01,-6.302676351123182,45.00859860284456,Calm,34.93150684931507,161.14808406400618,231.61346153846156,-2.3377306067017156,165.4478158975912,-2.598844723490612,10.023776242801029,49.65034965034965,34.93150684931507,53.191489361702125,96.23287671232876,58.501555643423906,Watch
Millet,2022-06-01,0.2226946914105632,44.89203366346048,Calm,34.24657534246575,161.5073521795608,235.2807692307692,-3.920300451671721,164.35901240486024,-1.7350190802284948,6.6410339824375395,43.35664335664335,34.24657534246575,56.02836879432624,87.67123287671232,55.32570509253692,Watch
Millet,2022-07-01,3.4012124936583454,44.778960183056434,Calm,33.56164383561644,167.09504644294944,246.6807692307692,-2.643208382818396,163.50002965030572,2.198786630395566,-5.843143320900471,47.55244755244755,33.56164383561644,63.829787234042556,29.45205479452055,43.59898335415677,Low
Millet,2022-08-01,-1.3667050430954397,44.6692813070725,Calm,32.87671232876712,164.82688486120048,248.3326923076923,2.2828697086669125,161.71923590589316,1.9216322275450892,-14.528333212563993,55.94405594405595,32.87671232876712,62.4113475177305,4.4520547945205475,38.921042646268525,Low
Millet,2022-09-01,-9.200442369994288,44.56290244720455,Calm,32.19178082191781,150.3387854102292,231.0653846153846,-6.915206409250397,160.31315312407142,-6.221802465654669,-13.037336941115843,37.76223776223776,32.19178082191781,41.13475177304964,12.67123287671233,30.940000808479382,Low
Millet,2022-10-01,0.30994661917649324,44.45973125023063,Calm,31.506849315068493,150.80547826867317,236.35769230769228,-9.748684069960111,160.78130417496888,-6.204593225241917,1.6632902779107392,33.56643356643357,31.506849315068493,41.843971631205676,38.013698630136986,36.23273828571118,Low
Millet,2022-11-01,2.4348874877080817,44.35967756615422,Calm,30.82191780821918,154.52249088782418,246.87115384615385,-6.251646375561581,161.1796210502829,-4.13025549947279,4.38473264792616,39.86013986013986,30.82191780821918,45.39007092198582,54.45205479452054,42.631045846216345,Low
Millet,2022-12-01,0.5058284979257976,44.262653415726476,Calm,30.136986301369863,155.30608984507816,252.8346153846154,3.304073809891883,161.02350792914032,-3.550672915769637,6.290833138080615,57.34265734265735,30.136986301369863,48.93617021276596,79.1095890410959,53.88135072447227,Watch
Millet,2023-01-01,-0.24222714016683966,44.168572957408706,Calm,29.45205479452055,154.9303515988628,256.9230769230769,2.7352277765671174,160.4345774318158,-3.430822657473742,-8.894278150085217,56.64335664335665,29.45205479452055,50.35460992907801,20.89041095890411,39.33510808146483,Low
Millet,2023-02-01,-7.590371022252018,44.07735245383582,Calm,28.767123287671232,143.6057878534115,242.5,-7.064798769221026,158.6512708047981,-9.483367435422752,2.965062164160463,37.06293706293706,28.767123287671232,37.5886524822695,46.23287671232877,37.41289738630164,Low
Millet,2023-03-01,-7.072828743752346,43.988910237840045,Calm,28.08219178082192,133.79966898671648,230.0,-13.847764037981314,155.79313736840982,-14.11709703854578,4.634792424703338,24.475524475524477,28.08219178082192,28.368794326241137,62.671232876712324,35.899435864824966,Low
Millet,2023-04-01,14.284827502572917,43.903166678093235,Calm,27.397260273972602,154.34524575794106,270.0,-0.37765733756073283,154.3526055130378,-0.004768144387501394,5.699570746645641,52.44755244755245,27.397260273972602,60.28368794326241,70.8904109589041,52.75472790592289,Watch
Millet,2023-05-01,1.9174067539133866,43.82004414442457,Calm,26.71232876712329,157.33322625193355,280.0,9.559112208300835,154.03470069536505,2.1414171882555344,10.023776242801029,66.43356643356644,26.71232876712329,63.12056737588653,96.23287671232876,63.124834822226255,Watch
Millet,2023-06-01,8.48797468393414,43.739466972869046,Calm,26.027397260273972,171.27077148919292,310.0,28.00537758146213,154.84831897116774,10.605509073096876,6.6410339824375395,90.20979020979021,26.027397260273972,75.88652482269504,87.67123287671232,69.94873629236788,Watch
Millet,2023-07-01,17.785656263793115,43.661361430500236,Calm,25.34246575342466,204.60930383896485,376.55,32.56599050666755,157.97450708750236,29.520457199864158,-5.843143320900471,90.9090909090909,25.34246575342466,91.48936170212765,29.45205479452055,59.298243289790946,Watch
Millet,2023-08-01,19.130838040325315,43.58565568009935,Calm,24.65753424657534,247.74765455826605,468.5692307692308,57.46683676438076,164.8845712289245,50.25520745315526,-14.528333212563993,97.2027972027972,24.65753424657534,97.87234042553192,4.4520547945205475,56.046181667356244,Watch
Millet,2023-09-01,-1.8830188348313293,43.5122797447106,Calm,23.972602739726025,243.12616784756668,472.2230769230769,41.95426676343767,172.6168530987026,40.84729473578501,-13.037336941115843,93.7062937062937,23.972602739726025,95.0354609929078,12.67123287671233,56.34639757890997,Watch
Millet,2023-10-01,-19.936575460089223,43.441165472130955,Calm,23.28767123287671,199.1811601756745,397.0230769230769,-2.652931006286252,176.64815992428603,12.755864686644024,1.6632902779107392,46.85314685314685,23.28767123287671,78.72340425531915,38.013698630136986,46.71948024286993,Low
Millet,2023-11-01,12.531665774931167,43.37224649938051,Calm,22.602739726027394,225.7733050815726,461.5384615384616,-8.869649852336126,182.58572777376511,23.653314984903705,4.38473264792616,34.96503496503497,22.602739726027394,88.65248226950354,54.45205479452054,50.16807793877161,Watch
Millet,2023-12-01,-15.816361591752504,43.30545821719742,Calm,21.91780821917808,192.7449485965433,403.8461538461538,-20.722252852112156,185.70563266972053,3.7905774992524233,6.290833138080615,13.986013986013987,21.91780821917808,67.37588652482269,79.1095890410959,45.59732444277766,Low
Millet,2024-01-01,18.372104898888164,43.240737734599776,Calm,21.232876712328768,231.6178589866154,497.1019230769231,16.28502353452117,192.0962582853666,20.57385242899312,-8.894278150085217,79.02097902097903,21.232876712328768,86.52482269503547,20.89041095890411,51.91727234681184,Watch
Millet,2024-02-01,6.943912172651068,43.17802384355405,Calm,20.54794520547945,248.2727588327268,545.5038461538461,9.965506658559597,200.8185058669762,23.63041830277568,2.965062164160463,67.13286713286713,20.54794520547945,87.94326241134752,46.23287671232877,55.464237865505716,Watch
Millet,2024-03-01,10.796529265792376,43.11725698378834,Calm,19.863013698630137,276.5781077608958,621.7961538461539,43.494348243508774,212.7167090981578,30.021806436122176,4.634792424703338,95.1048951048951,19.863013698630137,92.19858156028369,62.671232876712324,67.45943081013031,Watch
Millet,2024-04-01,-9.732619545889065,43.058379207786025,Calm,19.17808219178082,250.92825785388587,576.9230769230769,8.33718045394174,220.76529343948653,13.662910480386369,5.699570746645641,64.33566433566433,19.17808219178082,79.43262411347519,70.8904109589041,58.459195399956116,Watch
Millet,2024-05-01,9.943076019245645,43.00133414599382,Calm,18.493150684931507,277.16079723135056,651.3653846153845,11.63560534568635,230.7509243544379,20.112540396859345,10.023776242801029,71.32867132867133,18.493150684931507,85.81560283687944,96.23287671232876,67.96757539070276,Watch
Millet,2024-06-01,18.003154243973718,42.94606697227571,Calm,17.80821917808219,331.83218545369624,796.7673076923077,19.97774810888795,244.13104218481325,35.92379833552304,6.6410339824375395,83.21678321678321,17.80821917808219,92.90780141843972,87.67123287671232,70.40100917250436,Elevated
Millet,2024-07-01,6.660711158635291,42.892524369642665,Calm,17.123287671232877,354.6872755188325,869.7269230769231,41.350072946094784,256.6375398248022,38.20553133456841,-5.843143320900471,93.00699300699301,17.123287671232877,94.32624113475178,29.45205479452055,58.477144151874555,Watch
Millet,2024-08-01,-6.853138214353205,42.84065449628574,Calm,16.43835616438356,331.1942645123879,827.6923076923076,19.49534992711641,263.59142398764567,25.646828528044495,-14.528333212563993,82.51748251748252,16.43835616438356,90.0709219858156,4.4520547945205475,48.369703865550555,Low
Millet,2024-09-01,-14.318329175786637,42.79040695193833,Calm,15.753424657534246,287.01136472190086,730.7692307692307,-13.507074568584809,267.2485237271735,7.3949299023641,-13.037336941115843,25.174825174825177,15.753424657534246,70.92198581560284,12.67123287671233,31.130367131168647,Low
Millet,2024-10-01,3.2994843086278536,42.7417327445915,Calm,15.068493150684931,296.6392210298902,769.2307692307692,-16.365981667662098,275.3700287983582,7.7238588107591655,1.6632902779107392,22.377622377622377,15.068493150684931,71.63120567375887,38.013698630136986,36.77275495805079,Low
Millet,2024-11-01,-6.92629203530748,42.69458425758428,Calm,14.383561643835616,276.78851644270713,730.7692307692307,-16.427140774850525,279.62129641178603,-1.0130773318879127,4.38473264792616,21.678321678321677,14.383561643835616,58.156028368794324,54.45205479452054,37.167491621368036,Low
Millet,2024-12-01,-2.6462155095481776,42.6489152170892,Calm,13.698630136986301,269.5601565792235,724.3596153846154,-6.080319557933434,286.0225637436761,-5.755632335078875,6.290833138080615,40.55944055944056,13.698630136986301,42.5531914893617,79.1095890410959,43.98021280672111,Low
Millet,2025-01-01,2.595141540268653,42.6046806600114,Calm,13.013698630136986,276.6471856555437,756.4115384615385,-6.739511823465882,289.77500763275344,-4.530349972019431,-8.894278150085217,38.46153846153847,13.013698630136986,43.97163120567376,20.89041095890411,29.08431981406333,Low
Millet,2025-02-01,-22.338856070850976,42.561836902318284,Calm,12.32876712328767,221.26353023918696,615.3846153846154,-20.060437086454552,287.5242385832917,-23.045259999848668,2.965062164160463,15.384615384615385,12.32876712328767,17.02127659574468,46.23287671232877,22.741883953994126,Low
Millet,2025-03-01,-20.47446184322048,42.52034150781454,Calm,11.643835616438356,180.2977799798036,509.9269230769231,-33.114083970041676,279.50087793486745,-35.49294681578113,4.634792424703338,7.6923076923076925,11.643835616438356,4.25531914893617,62.671232876712324,21.565673833598638,Low
Millet,2025-04-01,-3.6147488071119227,42.4801532573763,Calm,10.95890410958904,173.89685379107516,500.0,-37.14128940838171,273.0815942629665,-36.32055127683943,5.699570746645641,3.4965034965034967,10.95890410958904,2.8368794326241136,70.8904109589041,22.045674499405187,Low
Millet,2025-05-01,6.401133523885427,42.44123211865638,Calm,10.273972602739725,185.3922154483397,541.7692307692307,-16.212032209768235,265.43421244771565,-30.155116878590903,10.023776242801029,23.076923076923077,10.273972602739725,10.638297872340425,96.23287671232876,35.055517566083,Low
Millet,2025-06-01,-1.8520787169825859,42.40353921627122,Calm,9.58904109589041,181.9902068672525,540.3846153846155,0.9386842631331715,252.9473808988453,-28.05214815012015,6.6410339824375395,53.84615384615385,9.58904109589041,13.47517730496454,87.67123287671232,41.14540128093028,Low
Millet,2025-07-01,-3.662207623950131,42.36703680247881,Calm,8.904109589041095,175.44591187641603,529.2019230769231,0.8907913234600384,238.0106005953106,-26.286513526039666,-5.843143320900471,53.14685314685315,8.904109589041095,14.893617021276595,29.45205479452055,26.599158637922848,Low
Millet,2025-08-01,-16.49726952456687,42.33168822835537,Calm,8.21917808219178,148.7635459845982,448.7192307692308,-19.757393467229058,222.8080407179948,-33.23241589252775,-14.528333212563993,16.083916083916083,8.21917808219178,6.382978723404255,4.4520547945205475,8.784531921008167,Low
Millet,2025-09-01,-4.380697233559605,42.297457915477615,Calm,7.534246575342466,142.3873461020609,429.4865384615384,-21.760984531480187,210.75603916634148,-32.439731423458696,-13.037336941115843,13.286713286713287,7.534246575342466,8.51063829787234,12.67123287671233,10.500707759160106,Low
Millet,2025-10-01,-12.15996436916793,42.26431132811595,Calm,6.8493150684931505,126.08439567746711,380.3115384615385,-28.134891073277977,196.54313705363953,-35.848996018081856,1.6632902779107392,9.79020979020979,6.8493150684931505,3.546099290780142,38.013698630136986,14.549830694905017,Low
Millet,2025-11-01,-4.405352103288518,42.23221494594302,Calm,6.164383561643835,120.65050390675762,363.92115384615386,-18.89780314913385,183.53163600897707,-34.26174008449625,4.38473264792616,18.88111888111888,6.164383561643835,4.964539007092199,54.45205479452054,21.115524061093865,Low
Millet,2025-12-01,-5.353217994002435,42.20113623726092,Calm,5.47945205479452,114.36164922809068,344.9519230769231,-19.682715944352136,170.59842706304934,-32.96441755244016,6.290833138080615,16.783216783216783,5.47945205479452,7.092198581560284,79.1095890410959,27.116114115166873,Low
Millet,2026-01-01,-2.4692612590371255,42.171043632749225,Calm,4.794520547945205,111.57234071033236,336.53846153846155,-11.509794601591805,156.84218998428173,-28.863311127245915,-8.894278150085217,31.46853146853147,4.794520547945205,12.056737588652481,20.89041095890411,17.302550141008318,Low
Millet,2026-02-01,1.1086884165919741,42.14190649973546,Calm,4.10958904109589,112.8162129201944,340.2903846153846,-6.493376101120796,147.80491354103233,-23.672217507927883,2.965062164160463,39.16083916083916,4.10958904109589,15.602836879432624,46.23287671232877,26.27653544842411,Low
Millet,2026-03-01,7.74785227886392,42.11369511698819,Calm,3.4246575342465753,121.90457701634176,367.7038461538461,6.595679442508695,142.9388132940772,-14.715552615132143,4.634792424703338,61.53846153846154,3.4246575342465753,26.24113475177305,62.671232876712324,38.468871675298374,Low
Millet,2026-04-01,9.375614983939506,42.08638065003253,Calm,2.73972602739726,133.8868088523988,403.8461538461538,19.99999999999997,139.60464288252084,-4.095733431253922,5.699570746645641,83.91608391608392,2.73972602739726,46.808510638297875,70.8904109589041,51.08868288517078,Watch
Millet,2026-05-01,-2.4097551579060017,42.059935126987,Calm,2.054794520547945,130.69902768924646,394.2307692307692,15.851280863063778,135.0468772359297,-3.219511354629445,10.023776242801029,78.32167832167832,2.054794520547945,51.77304964539007,96.23287671232876,57.095599799986275,Watch
Millet,2026-06-01,13.124218903038809,42.03433141491968,Calm,1.36986301369863,149.02876937737253,449.5192307692308,22.25034779243331,132.30009077843974,12.644495177972303,6.6410339824375395,85.3146853146853,1.36986301369863,77.30496453900709,87.67123287671232,62.915186436025834,Watch
Millet,2026-07-01,2.6386755173194665,42.00954319672139,Calm,0.684931506849315,153.01349583131295,461.5384615384616,14.285714285714324,130.43072277468116,17.313998248436825,-5.843143320900471,75.52447552447552,0.684931506849315,83.68794326241135,29.45205479452055,47.33735127206418,Low
Palm oil,2014-08-01,-0.7424286189870344,29.134183690344784,Elevated,68.75,517.8002401477106,,,,,0.20510693628138976,,68.75,,62.84722222222222,65.79861111111111,Watch
Palm oil,2014-09-01,-0.7479818761994217,19.717257579869997,Calm,39.58333333333333,513.9416370125284,266.66,,,,6.040617498720082,,39.58333333333333,,96.18055555555556,67.88194444444444,Watch
Palm oil,2014-10-01,-0.7369572127829294,16.425331165863582,Calm,25.0,510.1680290659341,266.66,,,,4.49801055376901,,25.0,,87.84722222222221,56.42361111111111,Watch
Palm oil,2014-11-01,-0.7315658611806164,15.45749545853712,Calm,11.805555555555555,506.44943250667376,266.66,-2.1921209688506194,,,2.747069096643285,39.00709219858156,11.805555555555555,,79.51388888888889,43.442178881008665,Low
Palm oil,2014-12-01,-0.7262528199604823,15.195876841887351,Calm,3.4722222222222223,502.784653111282,266.66,-2.1708659306337585,,,-1.1976611608605254,39.71631205673759,3.4722222222222223,,46.18055555555556,29.78969661150512,Low
Palm oil,2015-01-01,4.099767328685555,15.12629243487758,Calm,1.3888888888888888,523.8260306856134,279.83000000000004,2.6771574935194886,512.4950037549571,2.210953638110813,-2.43197399752889,66.66666666666666,1.3888888888888888,58.992805755395686,21.180555555555554,37.057229216626695,Low
Palm oil,2015-02-01,-5.5366386654067234,20.092516578863474,Calm,40.97222222222222,495.6119392858752,266.66,-2.139896409234443,510.08313740223105,-2.837027350101251,-2.7157420496315066,41.13475177304964,40.97222222222222,38.1294964028777,12.847222222222221,33.270923155092945,Low
Palm oil,2015-03-01,-0.7107668602479578,22.604704560267216,Calm,52.083333333333336,492.1017831566922,266.66,-2.1247406595414464,507.8354681215387,-3.098185525135677,-3.5890594603644725,41.843971631205676,52.083333333333336,37.410071942446045,4.513888888888888,33.96281644896849,Low
Palm oil,2015-04-01,-0.7057505979130241,17.353975534916618,Calm,31.25,488.6409984985958,266.66,-6.716930836935586,505.70274927454506,-3.3738694915986023,-1.3745131232452588,21.98581560283688,31.25,35.97122302158273,37.84722222222222,31.763565211660456,Low
Palm oil,2015-05-01,-0.7008046445585947,15.711377028465414,Calm,16.666666666666664,485.22855094756767,266.66,-2.095064205529218,503.65532944184736,-3.6586088575098152,-2.2958273946999395,42.5531914893617,16.666666666666664,34.53237410071942,29.51388888888889,30.81653028640917,Low
Palm oil,2015-06-01,-0.6022191085206963,15.256645044928561,Calm,6.944444444444445,482.3151930974384,266.91,-1.9887328992135744,501.715317046901,-3.8667593534221445,-0.7712262353631831,43.262411347517734,6.944444444444445,33.81294964028777,54.513888888888886,34.633423580284706,Low
Palm oil,2015-07-01,0.333920494408968,15.119685769260363,Calm,0.6944444444444444,483.9284343474093,269.66,-0.9644225854290589,500.23307682194337,-3.259409109473521,0.8851993362800079,51.77304964539007,0.6944444444444444,36.69064748201439,71.18055555555556,40.084674281851115,Low
Palm oil,2015-08-01,-1.9506666941245143,15.206424763142017,Calm,4.166666666666666,474.58007762250105,267.91,-2.1945273632954954,496.6313966115093,-4.440178196437694,0.20510693628138976,38.297872340425535,4.166666666666666,31.654676258992804,62.84722222222222,34.24160937207681,Low
Palm oil,2015-09-01,-1.675606282918718,15.820028848463402,Calm,18.75,466.6942363554869,266.86,-3.2387444902229556,492.69411322342256,-5.277082914149911,6.040617498720082,31.20567375886525,18.75,28.776978417266186,96.18055555555556,43.72830193292175,Low
Palm oil,2015-10-01,-1.0140409202724854,15.750291124621503,Calm,17.36111111111111,461.9856795203352,267.535,-4.534297484847006,488.6789174279559,-5.462326479749557,4.49801055376901,26.24113475177305,17.36111111111111,27.33812949640288,87.84722222222221,39.696899395377315,Low
Palm oil,2015-11-01,-1.5315501346589322,15.358133438778669,Calm,9.722222222222223,454.9640444062642,266.785,-4.133345275365774,484.3884684195885,-6.0745508887375514,2.747069096643285,27.659574468085108,9.722222222222223,25.179856115107913,79.51388888888889,35.51888542357604,Low
Palm oil,2015-12-01,-1.1697925083123728,15.52901605318564,Calm,13.194444444444445,449.6729170420321,266.96000000000004,-3.6472100976386312,479.96249041381765,-6.310820944709706,-1.1976611608605254,28.368794326241137,13.194444444444445,24.46043165467626,46.18055555555556,28.05105649522935,Low
Palm oil,2016-01-01,-0.771793342200322,15.366157811086435,Calm,10.416666666666668,446.2157297383696,268.16,-3.4135148514428115,473.49496533488065,-5.761251458548822,-2.43197399752889,30.49645390070922,10.416666666666668,25.899280575539567,21.180555555555554,21.99823917461775,Low
Palm oil,2016-02-01,17.16725099329306,15.181204226124127,Calm,2.083333333333333,529.7870026477375,322.245,16.445905816385675,476.34288728170253,11.219673221325731,-2.7157420496315066,88.65248226950354,2.083333333333333,84.17266187050359,12.847222222222221,46.93892492389067,Low
Palm oil,2016-03-01,-3.5556844353988204,54.39817562082892,High,90.97222222222221,511.2804163238669,314.71500000000003,13.700513628237076,477.9411067123004,6.975610413781652,-3.5890594603644725,87.2340425531915,90.97222222222221,71.94244604316546,4.513888888888888,63.66564992686702,Watch
Palm oil,2016-04-01,2.5235519712298426,32.00719786448693,Elevated,75.69444444444444,524.347021202963,326.58,17.50975733428408,480.916608604331,9.030757478863439,-1.3745131232452588,89.36170212765957,75.69444444444444,79.13669064748201,37.84722222222222,70.51001486045206,Elevated
Palm oil,2016-05-01,-7.38857230263541,22.509747899404502,Calm,50.69444444444444,487.0018862630984,306.87,-8.075909029630813,481.06438654729186,1.2342422099505868,-2.2958273946999395,17.73049645390071,50.69444444444444,54.67625899280576,29.51388888888889,38.15377219500995,Low
Palm oil,2016-06-01,7.131261161431635,27.18066173331619,Elevated,62.5,522.9995522361809,333.365,2.292115156018526,484.4547498088538,7.9563266626109685,-0.7712262353631831,63.829787234042556,62.5,74.82014388489209,54.513888888888886,63.915955001955886,Watch
Palm oil,2016-07-01,7.5170916379105,29.28735195954244,Elevated,70.13888888888889,563.8292877004886,363.5,7.529797042985953,491.1131542549437,14.806390913283707,0.8851993362800079,75.177304964539,70.13888888888889,88.48920863309353,71.18055555555556,76.24648951051924,Elevated
Palm oil,2016-08-01,12.24489752907676,30.67978937440919,Elevated,72.22222222222221,637.2745067695705,416.5,30.856681410323873,504.6710233505328,26.27523223716659,0.20510693628138976,95.0354609929078,72.22222222222221,92.80575539568345,62.84722222222222,80.72766520825893,Elevated
Palm oil,2016-09-01,8.939225759182978,42.70787006693578,High,86.11111111111111,696.8657333891599,461.625,33.24404015444797,523.8519814366723,33.02722106309395,6.040617498720082,95.74468085106383,86.11111111111111,97.12230215827337,96.18055555555556,93.78966241900096,Alert
Palm oil,2016-10-01,3.5069545900586974,37.529047978002964,Elevated,79.86111111111111,721.7380800643332,484.5,28.006489873531937,545.4980148153387,32.3081038725054,4.49801055376901,92.90780141843972,79.86111111111111,95.68345323741008,87.84722222222221,89.0748969972958,Alert
Palm oil,2016-11-01,25.42324192513279,25.78801968404449,Calm,58.333333333333336,930.6606612048394,633.0,46.03764175700083,585.1393995485533,59.049392661451705,2.747069096643285,98.58156028368793,58.333333333333336,98.56115107913669,79.51388888888889,83.74748339626171,Elevated
Palm oil,2016-12-01,13.372463050660155,79.06861736527662,High,97.22222222222221,1063.8177342593224,733.0,52.65748956911913,636.3181343166608,67.18331238536075,-1.1976611608605254,99.29078014184397,97.22222222222221,100.0,46.18055555555556,85.67338947990544,Alert
Palm oil,2017-01-01,7.46809538125266,58.83875728819948,High,93.05555555555556,1146.3064921243908,800.0,58.825829450790955,694.6590311821627,65.01714375952467,-2.43197399752889,100.0,93.05555555555556,99.28057553956835,21.180555555555554,78.37917166266986,Elevated
Palm oil,2017-02-01,-1.262367520208496,40.101970152237065,Elevated,82.63888888888889,1131.9268442457735,800.0,21.626162083650733,744.8373513153323,51.96966723632581,-2.7157420496315066,90.78014184397163,82.63888888888889,97.84172661870504,12.847222222222221,71.02699489344694,Elevated
Palm oil,2017-03-01,-7.700482372106876,24.31467043029938,Calm,56.25,1048.0345246735712,750.0,-1.4836385103826233,789.5668603444743,32.73537395127399,-3.5890594603644725,46.808510638297875,56.25,96.40287769784173,4.513888888888888,50.99381930625712,Watch
Palm oil,2017-04-01,-12.959596607628754,28.29381085097306,Elevated,65.97222222222221,920.6462247348,667.0,-19.685857921940787,822.5917939721274,11.920181003652818,-1.3745131232452588,3.546099290780142,65.97222222222221,84.89208633093526,37.84722222222222,48.06440751653996,Low
Palm oil,2017-05-01,-6.369308857183498,42.28288026504619,Elevated,84.72222222222221,863.835842012121,633.5,-23.684481342280307,853.9946236178794,1.1523747482800495,-2.2958273946999395,2.127659574468085,84.72222222222221,52.51798561151079,29.51388888888889,42.22043907427249,Low
Palm oil,2017-06-01,-12.910954511155026,30.854042752258728,Elevated,72.91666666666666,759.2060437675951,563.5,-27.559061663158168,873.6784979121638,-13.102354518066361,-0.7712262353631831,1.4184397163120568,72.91666666666666,10.071942446043165,54.513888888888886,34.73023442947769,Low
Palm oil,2017-07-01,-3.612324172671766,42.61613073688843,High,85.41666666666666,732.270489033359,550.0,-20.46125109085243,887.7152646899029,-17.510657058583302,0.8851993362800079,2.8368794326241136,85.41666666666666,5.755395683453238,71.18055555555556,41.2973743345749,Low
Palm oil,2017-08-01,36.46646509430287,27.055381275850173,Elevated,61.80555555555556,1054.492214936775,800.0,22.070903249460084,922.48340703717,14.310155271365876,0.20510693628138976,91.48936170212765,61.80555555555556,87.05035971223022,62.84722222222222,75.79812479803391,Elevated
Palm oil,2017-09-01,-37.91829456757405,111.4402539710404,High,98.61111111111111,721.7159724311105,553.0,-4.938062814995314,924.5542602906659,-21.939035551659902,6.040617498720082,25.53191489361702,98.61111111111111,1.4388489208633095,96.18055555555556,55.440607620286755,Watch
Palm oil,2017-10-01,30.812883312321393,126.21849599992598,High,100.0,982.166164802642,760.0,34.126143209616465,946.256600685525,3.794907648845136,4.49801055376901,97.16312056737588,100.0,64.74820143884892,87.84722222222221,87.43963605711176,Alert
Palm oil,2017-11-01,-14.026426598511055,113.71789929276137,High,99.30555555555556,853.6286290808061,667.0,-19.048370676497818,939.837264675189,-9.172719452040123,2.747069096643285,4.25531914893617,99.30555555555556,17.985611510791365,79.51388888888889,50.265093776042995,Watch
Palm oil,2017-12-01,-4.240684012945728,71.94236695634942,High,96.52777777777779,818.1857577357231,645.5,13.36672444419551,919.3679332982223,-11.00562374407701,-1.1976611608605254,86.52482269503547,96.52777777777779,15.107913669064748,46.18055555555556,61.08526742435839,Watch
Palm oil,2018-01-01,-20.04347641361246,40.5101725299679,Elevated,83.33333333333334,669.5826677671511,533.33,-31.825928059566376,879.640947935119,-23.880002478404585,-2.43197399752889,0.7092198581560284,83.33333333333334,0.7194244604316548,21.180555555555554,26.485633301869147,Low
Palm oil,2018-02-01,10.832970127269093,63.56100554056256,High,94.44444444444444,746.1930416191179,600.0,-12.585752609700506,847.4964643828977,-11.95325609264265,-2.7157420496315066,11.347517730496454,94.44444444444444,12.949640287769784,12.847222222222221,32.89720617123322,Low
Palm oil,2018-03-01,-0.937093856410609,48.237404324862666,High,88.88888888888889,739.2331736480901,600.0,-9.649713813905691,821.7630184641075,-10.0430224969563,-3.5890594603644725,12.056737588652481,88.88888888888889,15.827338129496402,4.513888888888888,30.321713373981662,Low
Palm oil,2018-04-01,-6.585429020243794,27.799947827238682,Elevated,63.888888888888886,692.1198310537336,567.0,3.365852249691126,802.7191523240186,-13.778084271451574,-1.3745131232452588,70.2127659574468,63.888888888888886,9.352517985611511,37.84722222222222,45.32534876354236,Low
Palm oil,2018-05-01,-0.9198539429971397,26.700333674169936,Elevated,61.111111111111114,685.7825311339511,567.0,-8.095828708625563,787.8813764175044,-12.958657018623354,-2.2958273946999395,16.312056737588655,61.111111111111114,10.79136690647482,29.51388888888889,29.432105911015867,Low
Palm oil,2018-06-01,4.745565454345346,18.844366936848008,Calm,36.80555555555556,719.1113560404824,600.0,-2.7219852037087544,784.5401524402452,-8.33976389815767,-0.7712262353631831,34.04255319148936,36.80555555555556,20.14388489208633,54.513888888888886,36.37647063200504,Low
Palm oil,2018-07-01,-12.744060012362635,22.165245380935726,Calm,49.30555555555556,633.0665949347134,533.0,-8.532227147589932,776.273161265358,-18.447960521681807,0.8851993362800079,14.893617021276595,49.30555555555556,5.0359712230215825,71.18055555555556,35.10392483885232,Low
Palm oil,2018-08-01,-7.336553118151112,40.7421508849692,Elevated,84.02777777777779,588.2841566040765,500.0,-14.2170980017032,737.4224897376331,-20.22427240951362,0.20510693628138976,9.219858156028367,84.02777777777779,2.158273381294964,62.84722222222222,39.56328288433083,Low
Palm oil,2018-09-01,-0.9363697195507115,32.10396499397026,Elevated,76.38888888888889,582.8013516199813,500.0,-18.955340264829236,725.8462713367057,-19.707329963036855,6.040617498720082,4.964539007092199,76.38888888888889,3.597122302158273,96.18055555555556,45.282776438423724,Low
Palm oil,2018-10-01,-0.9276831129078289,20.916183712146395,Calm,44.44444444444444,577.4198023555147,500.0,-8.790037734487866,692.1174077994451,-16.571986797529938,4.49801055376901,13.47517730496454,44.44444444444444,7.194244604316546,87.84722222222221,38.240272143986935,Low
Palm oil,2018-11-01,-6.821995841735529,16.850322589124985,Calm,27.77777777777778,539.3418521732108,471.34,-8.319500683715441,665.9268430571456,-19.008843419317166,2.747069096643285,15.602836879432624,27.77777777777778,4.316546762589928,79.51388888888889,31.802762577172302,Low
Palm oil,2018-12-01,9.552469222732274,24.76153118442371,Calm,56.94444444444444,593.4033161217656,523.33,1.819138626277117,647.1949729226491,-8.311507204384993,-1.1976611608605254,62.4113475177305,56.94444444444444,20.863309352517987,46.18055555555556,46.599914217562116,Low
Palm oil,2019-01-01,-5.462978313022138,34.64006257406445,Elevated,79.16666666666666,561.8553953019658,500.0,-2.695509746990965,638.2177002172169,-11.964930601150868,-2.43197399752889,34.751773049645394,79.16666666666666,12.23021582733813,21.180555555555554,36.832302774801434,Low
Palm oil,2019-02-01,-7.722374801074761,26.650115411590225,Elevated,60.416666666666664,520.0998253829425,467.0,-3.567686563305794,619.3765988642023,-16.028499246389206,-2.7157420496315066,29.78723404255319,60.416666666666664,7.913669064748201,12.847222222222221,27.74119799904757,Low
Palm oil,2019-03-01,-0.8865604721369991,28.88248672337108,Elevated,66.66666666666666,515.5092052951256,467.0,-13.126672654228333,600.7329348347886,-14.186625137025466,-3.5890594603644725,10.638297872340425,66.66666666666666,8.633093525179856,4.513888888888888,22.612986738268958,Low
Palm oil,2019-04-01,-0.8787695976620213,19.651110973724865,Calm,38.88888888888889,510.998913686596,467.0,-9.051525008145077,585.6395250541938,-12.745145806320146,-1.3745131232452588,12.76595744680851,38.88888888888889,11.510791366906476,37.84722222222222,25.253214981206526,Low
Palm oil,2019-05-01,-0.8711144597947751,16.437163666722647,Calm,25.694444444444443,506.5668604153407,467.0,-2.6019937533410364,570.7048858276429,-11.238387300520202,-2.2958273946999395,36.87943262411347,25.694444444444443,13.66906474820144,29.51388888888889,26.43920767641206,Low
Palm oil,2019-06-01,-0.9000007387757414,15.49523837791848,Calm,12.5,502.0282095109473,466.83,-2.6150834254182853,552.6146236168483,-9.154012931256561,-0.7712262353631831,36.17021276595745,12.5,18.705035971223023,54.513888888888886,30.47228440651734,Low
Palm oil,2019-07-01,-0.8926199056018547,15.250985294334296,Calm,6.25,497.5669464637591,466.66,-2.6285706022214583,541.3229862442688,-8.083166777027461,0.8851993362800079,35.46099290780142,6.25,21.58273381294964,71.18055555555556,33.61857056907665,Low
Palm oil,2019-08-01,-16.511426889489655,15.184820665493707,Calm,2.7777777777777777,421.83567581822746,400.0,-16.726555015391465,527.4522795121147,-20.023916436872923,0.20510693628138976,6.382978723404255,2.7777777777777777,2.877697841726619,62.84722222222222,18.721419141282716,Low
Palm oil,2019-09-01,0.7312727005537312,50.48742221486408,High,89.58333333333334,424.9317515378185,407.335,-15.35699717914908,514.2964795052678,-17.376111159348106,6.040617498720082,7.801418439716312,89.58333333333334,6.474820143884892,96.18055555555556,50.010031868122525,Watch
Palm oil,2019-10-01,12.5222975022095,28.945460740091495,Elevated,67.36111111111111,481.6181337564496,466.66,-3.2053601672415666,506.3130071220124,-4.8773926441142645,4.49801055376901,31.914893617021278,67.36111111111111,29.496402877697843,87.84722222222221,54.15490745701311,Watch
Palm oil,2019-11-01,-0.9899541057618144,43.12869214412995,High,86.80555555555556,476.8738570932661,467.0,13.047303590025194,501.10734086535035,-4.835986583280938,2.747069096643285,85.81560283687944,86.80555555555556,30.215827338129497,79.51388888888889,70.58771865486335,Elevated
Palm oil,2019-12-01,-1.0516093027391094,25.546991666413078,Calm,57.638888888888886,471.8852833754242,467.0,11.049664250242985,490.98083813648856,-3.8892668059188007,-1.1976611608605254,82.97872340425532,57.638888888888886,33.093525179856115,46.18055555555556,54.97292325713896,Watch
Palm oil,2020-01-01,0.6926199787737453,18.46604005483467,Calm,35.41666666666667,475.165,475.165,-1.3398859602975155,483.75663852799147,-1.7760249356235547,-2.43197399752889,47.5177304964539,35.41666666666667,41.726618705035975,21.180555555555554,36.46039285592802,Low
Palm oil,2020-02-01,0.6738067345336773,16.30534349488739,Calm,22.916666666666664,478.3775046521114,483.33,0.3153134810137459,480.2797784670889,-0.39607618314662085,-2.7157420496315066,56.73758865248227,22.916666666666664,47.482014388489205,12.847222222222221,34.995872982465094,Low
Palm oil,2020-03-01,8.762730189174572,15.686896977270514,Calm,15.277777777777779,522.1878982123087,533.0,10.659924479328286,480.8363362101874,8.599924524848168,-3.5890594603644725,82.26950354609929,15.277777777777779,78.41726618705036,4.513888888888888,45.119609099954076,Low
Palm oil,2020-04-01,-0.9472647385836197,31.165588995932744,Elevated,73.61111111111111,517.264750816258,533.33,8.860027741154752,481.35848930432593,7.459359772344509,-1.3745131232452588,78.72340425531915,73.61111111111111,73.38129496402878,37.84722222222222,65.89075813817031,Watch
Palm oil,2020-05-01,-4.66938883389636,20.548480069216158,Calm,43.05555555555556,493.6668740313171,514.11,3.1960887020230144,480.2834904389906,2.7865591590695127,-2.2958273946999395,69.50354609929079,43.05555555555556,61.15107913669065,29.51388888888889,50.80601742010647,Watch
Palm oil,2020-06-01,-1.878158233373739,21.03653623038527,Calm,45.13888888888889,484.48155639777895,509.56,-7.22083792895547,478.82126934622664,1.1821294111017178,-0.7712262353631831,19.148936170212767,45.13888888888889,53.956834532374096,54.513888888888886,43.18963712009116,Low
Palm oil,2020-07-01,3.5797713870286074,17.404903958517547,Calm,31.944444444444443,502.1390519170123,533.33,-2.9241696588404587,479.2022781339977,4.786449236495671,0.8851993362800079,33.33333333333333,31.944444444444443,66.90647482014388,71.18055555555556,50.8412020383693,Watch
Palm oil,2020-08-01,-1.4647455509905427,19.597561878492712,Calm,38.19444444444444,494.8375969052116,533.0,0.23714835559742742,485.28577155791305,1.9682887706833796,0.20510693628138976,56.02836879432624,38.19444444444444,57.55395683453237,62.84722222222222,53.65599807388132,Watch
Palm oil,2020-09-01,-1.3834430547537302,16.67733165139805,Calm,27.083333333333332,488.0389367677103,533.0,0.7342653859480741,490.5447036604041,-0.510813158106882,6.040617498720082,58.156028368794324,27.083333333333332,46.76258992805755,96.18055555555556,57.04562679643519,Watch
Palm oil,2020-10-01,-5.5797481772928315,15.78554606761087,Calm,18.055555555555554,461.5533780596808,511.0,-8.082556754426463,488.87264068567333,-5.588216715845585,4.49801055376901,17.02127659574468,18.055555555555554,26.618705035971225,87.84722222222221,37.38568985237342,Low
Palm oil,2020-11-01,14.709811701494147,21.794120962188412,Calm,47.22222222222222,534.6946446940362,600.0,8.05457144689421,493.6910396524042,8.305519393364257,2.747069096643285,76.59574468085107,47.22222222222222,76.97841726618705,79.51388888888889,70.0775682645373,Elevated
Palm oil,2020-12-01,9.257726215235884,48.06241042873401,High,88.19444444444444,586.5588995392003,667.0,20.18690627923856,503.24717433271877,16.554832188963363,-1.1976611608605254,90.0709219858156,88.19444444444444,89.92805755395683,46.18055555555556,78.5934948849431,Elevated
Palm oil,2021-01-01,5.217886797517313,39.8465888223424,Elevated,81.94444444444444,617.9774428187077,712.0,33.890785377114184,515.1482112342777,19.961096504257412,-2.43197399752889,96.45390070921985,81.94444444444444,91.36690647482014,21.180555555555554,72.73645179601,Elevated
Palm oil,2021-02-01,-0.17660723179169224,29.241417419034885,Elevated,69.44444444444444,616.887013136109,720.0,15.371833112169098,526.6906702746109,17.125107383138328,-2.7157420496315066,87.94326241134752,69.44444444444444,90.64748201438849,12.847222222222221,65.22060277310067,Watch
Palm oil,2021-03-01,0.09438947998852143,19.732078609370777,Calm,40.27777777777778,617.4695644702607,729.9449999999999,5.269831376754119,534.6308091294403,15.494571941282231,-3.5890594603644725,73.04964539007092,40.27777777777778,89.20863309352518,4.513888888888888,51.76248628756569,Watch
Palm oil,2021-04-01,0.8486398224491154,16.443575569503462,Calm,26.38888888888889,622.731954873529,745.51,0.7693666023043111,543.4197428008796,14.595018514391933,-1.3745131232452588,58.86524822695035,26.38888888888889,87.76978417266187,37.84722222222222,52.71778587768084,Watch
Palm oil,2021-05-01,-2.9378699661577024,15.834367654492619,Calm,20.13888888888889,604.7030297141706,733.0,-1.9750753642871932,552.6727557744506,9.414300487240567,-2.2958273946999395,43.97163120567376,20.13888888888889,80.57553956834532,29.51388888888889,43.54998713794921,Low
Palm oil,2021-06-01,0.7881131848077594,17.087426729303566,Calm,30.555555555555557,609.487603182428,747.9449999999999,-1.2926890242243139,563.089926339838,8.239834291510274,-0.7712262353631831,48.93617021276596,30.555555555555557,76.2589928057554,54.513888888888886,52.56615186574145,Watch
Palm oil,2021-07-01,5.512918636630992,15.970198644502865,Calm,21.52777777777778,644.0316016319317,800.0,3.42035551439277,574.914305482748,12.02219104482829,0.8851993362800079,70.92198581560284,21.52777777777778,85.61151079136691,71.18055555555556,62.31045748507577,Watch
Palm oil,2021-08-01,-1.558392717963386,23.244433768548287,Calm,53.47222222222222,634.0728597513653,800.0,4.856901420037052,586.5172440532608,8.108135980702036,0.20510693628138976,72.3404255319149,53.47222222222222,75.53956834532374,62.84722222222222,66.04985958042077,Watch
Palm oil,2021-09-01,4.880302950442594,17.90192747822725,Calm,33.33333333333333,665.7850682317713,853.0,9.2368515381424,601.3294216752658,10.718857955916427,6.040617498720082,80.1418439716312,33.33333333333333,82.73381294964028,96.18055555555556,73.09738645254009,Elevated
Palm oil,2021-10-01,3.187808757542143,22.242540301394488,Calm,50.0,687.3509359927916,894.04,6.726274650357489,620.1458848363585,10.836974460318615,4.49801055376901,73.75886524822694,50.0,83.45323741007195,87.84722222222221,73.76483122013028,Elevated
Palm oil,2021-11-01,0.9923671515819521,20.189162400886836,Calm,41.66666666666667,694.2059380357327,916.5,9.483622798166614,633.4384926148331,9.593266927946198,2.747069096643285,81.56028368794325,41.66666666666667,81.29496402877699,79.51388888888889,71.00895081806894,Elevated
Palm oil,2021-12-01,0.3173656084096699,17.01445746264586,Calm,29.166666666666668,696.4126086893192,933.0,4.600214381330336,642.592968377343,8.375385813492464,-1.1976611608605254,71.63120567375887,29.166666666666668,77.6978417266187,46.18055555555556,56.169067405649955,Watch
Palm oil,2022-01-01,-2.1448546480146824,15.709448568542529,Calm,15.972222222222221,681.6346202036004,926.5,-0.8316444322483796,647.8977331594175,5.207131514362295,-2.43197399752889,53.191489361702125,15.972222222222221,69.06474820143885,21.180555555555554,39.85225383522968,Low
Palm oil,2022-02-01,-1.4251350469456803,16.12882097017538,Calm,22.22222222222222,671.9892990126098,926.5,-3.200295158232924,652.4895903157925,2.9885087802519195,-2.7157420496315066,32.62411347517731,22.22222222222222,62.589928057553955,12.847222222222221,32.570871494293925,Low
Palm oil,2022-03-01,-0.7059944855666522,15.662216247677105,Calm,14.583333333333334,667.2617991979588,933.0,-4.185853203637935,656.6389432097674,1.6177621047367419,-3.5890594603644725,26.95035460992908,14.583333333333334,56.11510791366906,4.513888888888888,25.54067118645509,Low
Palm oil,2022-04-01,4.346664325341898,15.244612077619221,Calm,5.555555555555555,696.9050081234675,988.045,2.240260026010099,662.8200309805956,5.142418084807376,-1.3745131232452588,63.12056737588653,5.555555555555555,68.34532374100719,37.84722222222222,43.71716722366787,Low
Palm oil,2022-05-01,21.592402983272052,20.609615906004,Calm,43.75,864.8647571034146,1243.045,28.702162128802833,684.5001749296993,26.34982265596053,-2.2958273946999395,93.61702127659575,43.75,93.5251798561151,29.51388888888889,65.10152250539994,Watch
Palm oil,2022-06-01,-29.614544126162556,67.55166434619694,High,95.13888888888889,643.1819812694398,936.975,-3.6087511614575685,687.3080397702837,-6.420128377312739,-0.7712262353631831,29.078014184397162,95.13888888888889,23.741007194244602,54.513888888888886,50.617949789104884,Watch
Palm oil,2022-07-01,7.180868754507053,94.67355006627635,High,97.91666666666666,691.0667310564316,1020.215,-0.8377435947484968,691.2276338889919,-0.023277835646562384,0.8851993362800079,52.4822695035461,97.91666666666666,49.64028776978417,71.18055555555556,67.80494487388812,Watch
Palm oil,2022-08-01,1.705060802584324,54.700399572456895,High,91.66666666666666,702.9508669641127,1059.085,-18.721295880014832,696.9674678233874,0.8584904485443579,0.20510693628138976,5.673758865248227,91.66666666666666,51.798561151079134,62.84722222222222,52.99655222630406,Watch
Palm oil,2022-09-01,2.8018391801892584,31.301352413193914,Elevated,74.30555555555556,722.9249337160901,1111.11,12.398194409809605,701.7291232804141,3.0205117234682666,6.040617498720082,85.1063829787234,74.30555555555556,63.30935251798561,96.18055555555556,79.72546165195503,Elevated
Palm oil,2022-10-01,4.086301177500129,22.584878768693354,Calm,51.388888888888886,753.0776945004134,1180.3000000000002,8.973223663825603,707.2063531560492,6.486273934001607,4.49801055376901,79.43262411347519,51.388888888888886,70.50359712230215,87.84722222222221,72.2930830867221,Elevated
Palm oil,2022-11-01,0.8988908049183841,21.803960374846405,Calm,47.91666666666667,759.8775565315001,1214.01,8.098245872181797,712.6789880306965,6.622696795260463,2.747069096643285,77.30496453900709,47.91666666666667,71.22302158273382,79.51388888888889,68.98963541932412,Watch
Palm oil,2022-12-01,-1.8872520330138975,17.46051421278707,Calm,32.63888888888889,745.6712281634709,1213.935,3.1464254982127793,716.7838729868758,4.030134642429939,-1.1976611608605254,68.79432624113475,32.63888888888889,65.46762589928058,46.18055555555556,53.27034914621494,Watch
Palm oil,2023-01-01,-0.3204808714470708,16.357295690242168,Calm,23.61111111111111,743.2853197454664,1232.6,-1.3003140082967435,721.9214312820313,2.9593093566284256,-2.43197399752889,48.226950354609926,23.61111111111111,61.87050359712231,21.180555555555554,38.72228015459972,Low
Palm oil,2023-02-01,0.4254016008983008,15.39748971358836,Calm,11.11111111111111,746.4540024297946,1260.5,-1.7665417258772576,728.1268232334634,2.517031183516072,-2.7157420496315066,44.680851063829785,11.11111111111111,59.71223021582733,12.847222222222221,32.08785365324761,Low
Palm oil,2023-03-01,-6.699279683506365,15.31754436963664,Calm,8.333333333333332,698.0852294959119,1200.0,-6.381632664674419,730.6954424249594,-4.462900825113126,-3.5890594603644725,23.404255319148938,8.333333333333332,30.935251798561154,4.513888888888888,16.79668233498308,Low
Palm oil,2023-04-01,-1.1263825298813757,24.215613919772892,Calm,55.55555555555556,690.2662379730141,1207.5,-7.13307263899795,730.1422115790883,-5.461398200746936,-1.3745131232452588,19.858156028368796,55.55555555555556,28.05755395683453,37.84722222222222,35.32962194074528,Low
Palm oil,2023-05-01,5.66185812911586,18.022988601829528,Calm,34.02777777777778,730.4756933125487,1300.0,-2.1405617848165637,718.9431229298494,1.604100521290408,-2.2958273946999395,40.42553191489361,34.02777777777778,55.39568345323741,29.51388888888889,39.84072050869942,Low
Palm oil,2023-06-01,-1.6902947470599727,23.960541360748728,Calm,54.166666666666664,718.2322675353251,1300.0,2.886042733487071,725.1973134520067,-0.960434600002491,-0.7712262353631831,68.08510638297872,54.166666666666664,45.32374100719424,54.513888888888886,55.522350736432124,Watch
Palm oil,2023-07-01,-1.6621980430238104,18.226334375900706,Calm,34.72222222222222,706.3924976514521,1300.0,2.3362376415501984,726.4744606682584,-2.764304060783307,0.8851993362800079,64.53900709219859,34.72222222222222,38.84892086330935,71.18055555555556,52.32267643332143,Watch
Palm oil,2023-08-01,3.279306509627311,16.39982296172438,Calm,24.305555555555554,729.9412809051096,1380.55,-0.07315950583046682,728.7236618300082,0.16708927387423245,0.20510693628138976,54.60992907801418,24.305555555555554,50.35971223021583,62.84722222222222,48.03060477150195,Low
Palm oil,2023-09-01,-8.671552702932939,18.84236403640562,Calm,36.11111111111111,669.3108271227544,1300.0,-6.811367662504053,724.2558196138967,-7.586406764454267,6.040617498720082,21.27659574468085,36.11111111111111,23.021582733812952,96.18055555555556,44.14746128629012,Low
Palm oil,2023-10-01,2.7923708549432824,29.575315640681715,Elevated,71.52777777777779,688.2638554986346,1371.9,-2.5663695768414763,718.8546663637486,-4.255493119333065,4.49801055376901,37.5886524822695,71.52777777777779,32.37410071942446,87.84722222222221,57.334438300423486,Watch
Palm oil,2023-11-01,4.15844670601766,21.962714652982246,Calm,48.61111111111111,717.4883728183058,1466.73,-1.706015047040832,715.322234387649,0.3028199497407069,2.747069096643285,45.39007092198582,48.61111111111111,51.07913669064749,79.51388888888889,56.14855190315833,Watch
Palm oil,2023-12-01,-12.158310934761296,21.771338578762414,Calm,46.52777777777778,635.3484782579046,1331.205,-5.074226725249275,706.1286718955186,-10.023696311270424,-1.1976611608605254,24.822695035460992,46.52777777777778,16.546762589928058,46.18055555555556,33.5194477396806,Low
Palm oil,2024-01-01,15.98790475865588,39.10766353311728,Elevated,80.55555555555556,745.4981708474273,1600.0,8.315752002889587,706.3130761540152,5.547836507116788,-2.43197399752889,78.01418439716312,80.55555555555556,69.7841726618705,21.180555555555554,62.38361704253619,Watch
Palm oil,2024-02-01,-18.75546217881041,54.220939873396894,High,90.27777777777779,618.0059336716487,1357.88,-13.865373003312731,695.6090704241697,-11.156142156858307,-2.7157420496315066,9.929078014184398,90.27777777777779,14.388489208633093,12.847222222222221,31.860641805704375,Low
Palm oil,2024-03-01,14.114180576783308,62.766785747342716,High,93.75,711.6881789637504,1600.0,12.015406240550952,696.7426495464897,2.1450573503701387,-3.5890594603644725,84.39716312056737,93.75,58.27338129496403,4.513888888888888,60.23360832610507,Watch
Palm oil,2024-04-01,-10.920695551711912,55.225569446321146,High,92.36111111111111,638.060374070861,1467.0,-14.411543981984408,692.3921608879768,-7.8469673526396555,-1.3745131232452588,8.51063829787234,92.36111111111111,22.302158273381295,37.84722222222222,40.25528247614674,Low
Palm oil,2024-05-01,-2.193104919230926,44.15431339141625,High,87.5,624.2193692538262,1467.0,1.0054006351140954,683.5374672164166,-8.678104830764099,-2.2958273946999395,59.57446808510638,87.5,19.424460431654676,29.51388888888889,49.003204351412485,Low
Palm oil,2024-06-01,6.0056776873357975,26.499812298491886,Calm,59.02777777777778,662.85657319054,1591.595,-6.861376543349563,678.922826021018,-2.366432857271561,-0.7712262353631831,20.56737588652482,59.02777777777778,39.568345323741006,54.513888888888886,43.419346969233125,Low
Palm oil,2024-07-01,-9.379190533700132,26.638620857382968,Calm,59.72222222222222,603.5124870747857,1479.87,-5.414516932881741,670.3494918062956,-9.970471455332019,0.8851993362800079,24.113475177304963,59.72222222222222,17.26618705035971,71.18055555555556,43.07061000136062,Low
Palm oil,2024-08-01,5.905580562448431,32.79586516487941,Elevated,77.77777777777779,640.2268310276644,1600.0,2.564396839042815,662.8732876498419,-3.416408089465861,0.20510693628138976,65.24822695035462,77.77777777777779,35.25179856115108,62.84722222222222,60.28125637787643,Watch
Palm oil,2024-09-01,6.121084585700931,28.195053823495144,Elevated,65.27777777777779,680.6398985073372,1733.0,2.6828315560333715,663.8173769318904,2.5342092810524353,6.040617498720082,67.37588652482269,65.27777777777779,60.431654676258994,96.18055555555556,72.31646863360376,Elevated
Palm oil,2024-10-01,-4.490431827019137,27.32738824478557,Elevated,63.19444444444444,650.7522911343218,1687.5,7.827477487418144,660.6914132348644,-1.5043516385174205,4.49801055376901,75.88652482269504,63.19444444444444,43.884892086330936,87.84722222222221,67.70327089392316,Watch
Palm oil,2024-11-01,8.912804662777152,22.650723741453042,Calm,52.77777777777778,711.4158300650346,1878.26,11.119340144351764,660.1853680054252,7.76001173948897,2.747069096643285,83.68794326241135,52.77777777777778,74.10071942446042,79.51388888888889,72.52008233838461,Elevated
Palm oil,2024-12-01,22.156561097198413,32.63301669659802,Elevated,77.08333333333334,887.8676794207865,2385.87,30.446023127340283,681.2286347689986,30.33328813634768,-1.1976611608605254,94.32624113475178,77.08333333333334,94.24460431654677,46.18055555555556,77.95868358504686,Elevated
Palm oil,2025-01-01,2.9380693866543517,70.3702856784101,High,95.83333333333334,914.340843538079,2500.0,40.50520543604967,695.2988574932197,31.50328577190209,-2.43197399752889,97.87234042553192,95.83333333333334,94.96402877697841,21.180555555555554,77.4625645228498,Elevated
Palm oil,2025-02-01,-1.705043279686258,39.31371884404066,Elevated,81.25,898.883091596697,2500.0,26.351291833712075,718.705287320307,25.069775811471075,-2.7157420496315066,92.19858156028369,81.25,92.08633093525181,12.847222222222221,69.59553367943943,Watch
Palm oil,2025-03-01,-8.001539984983452,24.16367905367998,Calm,54.861111111111114,829.7608970518622,2346.77,-6.544531771539552,728.5446804943163,13.892931932310715,-3.5890594603644725,22.69503546099291,54.861111111111114,86.33093525179856,4.513888888888888,42.100242678197866,Low
Palm oil,2025-04-01,-7.1021377532129115,28.961800485810397,Elevated,68.05555555555556,772.874132863206,2222.22,-15.471988555981131,739.7791603936785,4.473628650463168,-1.3745131232452588,7.092198581560284,68.05555555555556,66.18705035971223,37.84722222222222,44.795506679762575,Low
Palm oil,2025-05-01,7.118659537534011,28.099880580461086,Elevated,64.58333333333334,829.8979996832421,2425.2,-7.674534381430609,756.9190462627963,9.64157974102664,-2.2958273946999395,18.439716312056735,64.58333333333334,82.01438848920863,29.51388888888889,48.63783175587189,Low
Palm oil,2025-06-01,1.441495003235449,29.482507757949467,Elevated,70.83333333333334,841.9475762541931,2500.0,1.4686976990154754,771.8432965181008,9.08270889341698,-0.7712262353631831,61.702127659574465,70.83333333333334,79.85611510791367,54.513888888888886,66.72636624742759,Watch
Palm oil,2025-07-01,-1.5711005665495215,20.530297216749556,Calm,42.36111111111111,828.8231024196118,2500.0,7.239079065712306,790.6191811301696,4.832152090571684,0.8851993362800079,74.46808510638297,42.36111111111111,67.62589928057554,71.18055555555556,63.90891276340629,Watch
Palm oil,2025-08-01,0.6790889625331253,17.029795855493095,Calm,29.86111111111111,834.470703039499,2517.035,0.5509958281622707,806.8061704644891,3.4288945211069732,0.20510693628138976,57.446808510638306,29.86111111111111,64.02877697841727,62.84722222222222,53.54597970559723,Watch
Palm oil,2025-09-01,-0.6790889625331253,15.887848885656565,Calm,20.833333333333336,828.8231024196118,2500.0,-1.5588231624790505,819.154770790512,1.1802814283520036,6.040617498720082,46.09929078014184,20.833333333333336,53.23741007194245,96.18055555555556,54.0876474352433,Watch
Palm oil,2025-10-01,-1.2169751947092244,15.299646205866853,Calm,7.638888888888889,818.7976581727443,2469.76,-1.2095999999999885,833.1585513770473,-1.7236687039420384,4.49801055376901,50.35460992907801,7.638888888888889,42.44604316546763,87.84722222222221,47.071691051414184,Low
Palm oil,2025-11-01,1.2169751947092244,15.329438921115383,Calm,9.027777777777777,828.8231024196118,2500.0,-0.6767883640870997,842.9424907399288,-1.6750120530669932,2.747069096643285,53.90070921985816,9.027777777777777,43.16546762589928,79.51388888888889,46.401960878106024,Low
Palm oil,2025-12-01,8.923174348385476,15.832698251309276,Calm,19.444444444444446,906.180477860844,2733.335,9.333400000000026,844.4685572766002,7.307781924203782,-1.1976611608605254,80.85106382978722,19.444444444444446,72.66187050359713,46.18055555555556,54.78448358334609,Watch
Palm oil,2026-01-01,-8.923174348385476,31.602891230036064,Elevated,75.0,828.8231024196118,2500.0,1.22441046903341,837.3420788500613,-1.0173830559367936,-2.43197399752889,60.99290780141844,75.0,44.60431654676259,21.180555555555554,50.44444497593414,Watch
Palm oil,2026-02-01,0.0,32.848466424383375,Elevated,78.47222222222221,828.8231024196118,2500.0,0.0,831.5037464186374,-0.32238507770667724,-2.7157420496315066,55.319148936170215,78.47222222222221,48.201438848920866,12.847222222222221,48.71000805738388,Low
Palm oil,2026-03-01,0.0,21.169331279859133,Calm,45.83333333333333,828.8231024196118,2500.0,-8.536641136194445,831.42559686595,-0.3130159158135415,-3.5890594603644725,14.184397163120568,45.83333333333333,48.92086330935252,4.513888888888888,28.363120673673826,Low
Palm oil,2026-04-01,-1.0050335853501124,16.87962321013425,Calm,28.47222222222222,820.5348713954157,2475.0,-0.9999999999999898,835.3973250769676,-1.7790880142191656,-1.3745131232452588,51.06382978723404,28.47222222222222,41.007194244604314,37.84722222222222,39.5976171190707,Low
Palm oil,2026-05-01,-0.2528446353358582,15.662098463837456,Calm,13.88888888888889,818.4628136393666,2468.75,-1.2500000000000067,834.4443929066446,-1.9152359825450938,-2.2958273946999395,49.645390070921984,13.88888888888889,40.28776978417266,29.51388888888889,33.33398440821811,Low
Palm oil,2026-06-01,3.8084722493158196,15.212101309449357,Calm,4.861111111111112,850.23491844752,2564.585,2.5833999999999913,835.1350047560885,1.808080562476433,-0.7712262353631831,65.95744680851064,4.861111111111112,56.83453237410072,54.513888888888886,45.54174479565284,Low
Palm oil,2026-07-01,-2.550594028629849,19.545903639812927,Calm,37.5,828.8231024196118,2500.0,1.0101010101009944,835.1350047560885,-0.7557942488975344,0.8851993362800079,60.28368794326241,37.5,46.043165467625904,71.18055555555556,53.75185224161096,Watch
Rice (imported),2014-10-01,-8.726685698426895,68.49320226485487,Elevated,83.80281690140845,361.4539747992081,188.92857142857144,,,,-0.44429851215234334,,83.80281690140845,,62.323943661971825,73.06338028169014,Elevated
Rice (imported),2014-11-01,5.193883491238349,65.99491143378673,Elevated,77.46478873239437,380.7235613863431,,,,,-4.354098920366387,,77.46478873239437,,4.577464788732395,41.021126760563384,Low
Rice (imported),2014-12-01,4.937386578055136,62.97504840941533,Elevated,65.49295774647888,399.9931479734781,212.1428571428572,,,,-2.234253673163124,,65.49295774647888,,21.47887323943662,43.48591549295775,Low
Rice (imported),2015-01-01,3.2398974142966885,62.30966509663827,Calm,57.04225352112676,413.1647364518625,220.7142857142857,14.30631982436501,,,4.442724054163655,84.17266187050359,57.04225352112676,,87.67605633802818,76.29699057655284,Elevated
Rice (imported),2015-02-01,-0.7158549415133386,60.886052534831045,Calm,46.478873239436616,410.2176373320103,220.7142857142857,7.7468480905855674,,,1.7367432069125708,72.66187050359713,46.478873239436616,,70.77464788732394,63.305130543452556,Watch
Rice (imported),2015-03-01,-0.710766860247869,59.43531440397451,Calm,14.084507042253522,407.3122836876758,220.7142857142857,1.8298152734063988,395.47755693842964,2.9925153884493794,-4.336357137396252,60.431654676258994,14.084507042253522,57.66423357664233,13.028169014084506,36.30214107730984,Low
Rice (imported),2015-04-01,-13.276016877357755,59.23351787467871,Calm,1.4084507042253522,356.67321707382155,194.6428571428572,-13.672880184106106,389.9340798149142,-8.529868114343897,-2.1095134448168498,10.071942446043165,1.4084507042253522,24.817518248175183,29.929577464788732,16.55687221580811,Low
Rice (imported),2015-05-01,-4.821237704390757,71.94069387469786,High,88.02816901408451,339.88510267968024,186.7857142857143,-17.145175694970504,383.6779576730099,-11.413961661736172,-0.7048894133017711,6.474820143884892,88.02816901408451,20.437956204379564,53.87323943661971,42.20354619974217,Low
Rice (imported),2015-06-01,-0.5049055066560726,62.61272781210881,Elevated,61.97183098591549,338.1733291359015,187.1428571428572,-16.97443394680176,378.6218878355535,-10.68310100371692,7.6448632324586905,7.913669064748201,61.97183098591549,22.62773722627737,96.12676056338029,47.15999946008034,Low
Rice (imported),2015-07-01,12.685873545735493,59.6794740714153,Calm,21.830985915492956,383.9135156627104,213.92857142857144,7.637326629784713,379.15105061826915,1.256086469146056,2.926938258856667,71.94244604316546,21.830985915492956,51.82481751824818,79.22535211267606,56.205900397395666,Watch
Rice (imported),2015-08-01,1.8230995392054083,73.02980700708598,High,89.43661971830986,390.9768311995842,220.7142857142857,15.032058809607364,380.2261215802069,2.8274516160798457,-1.2872643042495082,87.76978417266187,89.43661971830986,56.20437956204379,38.028169014084504,67.859738116775,Watch
Rice (imported),2015-09-01,-6.429277355818641,61.764695094522494,Calm,52.112676056338024,366.6308668278053,209.6428571428572,8.41507453134116,379.0931836841734,-3.2874019878844973,-1.280593346945347,76.97841726618705,52.112676056338024,40.87591240875913,45.774647887323944,53.93541340465203,Watch
Rice (imported),2015-10-01,4.925987795048314,62.46586985495895,Calm,59.154929577464785,385.1432747924161,223.03571428571428,0.32032191614377314,381.0672920169407,1.0696228358780813,-0.44429851215234334,55.39568345323741,59.154929577464785,51.09489051094891,62.323943661971825,56.99236180090573,Watch
Rice (imported),2015-11-01,3.974540873979482,62.22890982684345,Calm,55.633802816901415,400.7592272259388,235.0,2.502039825823066,382.73693083690705,4.708794719554099,-4.354098920366387,61.87050359712231,55.633802816901415,60.58394160583942,4.577464788732395,45.66642820214888,Low
Rice (imported),2015-12-01,-1.2353668954338204,61.395148906779944,Calm,47.88732394366197,395.838835424324,235.0,7.966587442359763,382.39073812447754,3.516847025585834,-2.234253673163124,73.38129496402878,47.88732394366197,59.12408759124088,21.47887323943662,50.46789493459206,Watch
Rice (imported),2016-01-01,-9.287905653842188,59.54325860502227,Calm,17.6056338028169,360.72939922752727,216.7857142857143,-6.3389074047956235,378.0211266891163,-4.574275414984852,4.442724054163655,25.899280575539567,17.6056338028169,35.76642335766424,87.67605633802818,41.73684851851222,Low
Rice (imported),2016-02-01,-0.30356472090895537,65.54554988289813,Elevated,76.05633802816901,359.6360124414423,218.75,-10.261326999044284,373.8059912815689,-3.7907307990291295,1.7367432069125708,17.985611510791365,76.05633802816901,37.95620437956204,70.77464788732394,50.693200451461585,Watch
Rice (imported),2016-03-01,17.988811481285794,60.1156029471586,Calm,33.098591549295776,430.51430763015657,265.0,8.759997529969944,375.73949327677565,14.577869862892733,-4.336357137396252,77.6978417266187,33.098591549295776,79.56204379562044,13.028169014084506,50.84666152140486,Watch
Rice (imported),2016-04-01,-13.419850400962119,84.19055154611755,High,92.95774647887323,376.4488021090274,234.4642857142857,4.357671682752207,377.38745869637614,-0.24872490214465914,-2.1095134448168498,66.18705035971223,92.95774647887323,48.9051094890511,29.929577464788732,59.494870948106325,Watch
Rice (imported),2016-05-01,38.797396229844416,75.5266194529353,High,90.84507042253522,554.8822985205151,349.6428571428572,54.28997078285194,395.3038916831124,40.368539292126556,-0.7048894133017711,97.12230215827337,90.84507042253522,97.8102189781022,53.87323943661971,84.91270774888262,Elevated
Rice (imported),2016-06-01,7.363579314480884,140.9187912254342,High,97.1830985915493,597.2834609466767,380.7142857142857,38.73719185653339,416.8964026673437,43.269036893865966,7.6448632324586905,95.68345323741008,97.1830985915493,98.54014598540147,96.12676056338029,96.88336459443528,Alert
Rice (imported),2016-07-01,-7.5283720536309495,79.99588272539317,High,91.54929577464789,553.9686458051569,357.1428571428572,47.156437396423456,431.06766351254754,28.510833146507174,2.926938258856667,96.40287769784173,91.54929577464789,92.7007299270073,79.22535211267606,89.96956387804326,Alert
Rice (imported),2016-08-01,8.16519904617694,66.34821622898387,Elevated,78.87323943661971,601.0992603726013,392.8571428571429,8.329146915537699,448.57786594363233,34.00109680135992,-1.2872643042495082,76.2589928057554,78.87323943661971,96.35036496350365,38.028169014084504,72.3776915549908,Elevated
Rice (imported),2016-09-01,3.0977608596833406,66.47318260767716,Elevated,80.28169014084507,620.0112903930478,410.7142857142857,3.8051998644576868,469.69290124073586,32.00354715926779,-1.280593346945347,64.74820143884892,80.28169014084507,94.8905109489051,45.774647887323944,71.42376260398076,Elevated
Rice (imported),2016-10-01,-3.4385424915166496,61.397109384498364,Calm,48.59154929577465,599.054310889311,402.1428571428572,8.138667310064985,487.5188209154771,22.87819160794433,-0.44429851215234334,75.53956834532374,48.59154929577465,89.78102189781022,62.323943661971825,69.05902080022011,Watch
Rice (imported),2016-11-01,2.9476046316596616,60.21474113057854,Calm,35.2112676056338,616.9748797763971,419.6428571428572,2.641097810360815,505.53679196134857,22.04351682944743,-4.354098920366387,62.589928057553955,35.2112676056338,89.05109489051095,4.577464788732395,47.85743883560777,Low
Rice (imported),2016-12-01,-1.209994735556208,60.412831483967196,Calm,42.25352112676056,609.554499848452,420.0,-1.6865484075244686,523.3464306633592,16.47246720987876,-2.234253673163124,47.482014388489205,42.25352112676056,84.67153284671532,21.47887323943662,48.971485400350424,Low
Rice (imported),2017-01-01,1.5716438163465796,59.40247647471664,Calm,11.971830985915492,619.2102033350503,432.1428571428572,3.3646185461577716,544.8864976723195,13.640217913314334,4.442724054163655,63.30935251798561,11.971830985915492,77.37226277372264,87.67605633802818,60.082375653912976,Watch
Rice (imported),2017-02-01,-6.348209243557523,59.62892861855754,Calm,19.718309859154928,581.1231566440356,410.7142857142857,-5.810888628943012,563.3437596892023,3.1560475551627887,1.7367432069125708,31.654676258992804,19.718309859154928,58.3941605839416,70.77464788732394,45.135448647353314,Low
Rice (imported),2017-03-01,-1.246630258349768,62.102154405711346,Calm,54.22535211267606,573.9236682736224,410.7142857142858,-5.84538898223016,575.2945397428244,-0.23829036684667182,-4.336357137396252,30.935251798561154,54.22535211267606,49.63503649635037,13.028169014084506,36.95595235541803,Low
Rice (imported),2017-04-01,3.0246808957240745,59.645000359476185,Calm,20.422535211267608,591.5482275014779,428.5714285714286,-4.467299744833941,593.219491858862,-0.2817278225547226,-2.1095134448168498,35.97122302158273,20.422535211267608,48.175182481751825,29.929577464788732,33.62462954484772,Low
Rice (imported),2017-05-01,-8.742552691795247,60.382382213147395,Calm,41.54929577464789,542.028014522207,397.5,-6.727514069066121,592.1483015256697,-8.464144349367864,-0.7048894133017711,24.46043165467626,41.54929577464789,25.547445255474454,53.87323943661971,36.35760303035458,Low
Rice (imported),2017-06-01,-0.12929154672116638,64.92068264449466,Elevated,73.23943661971832,541.3276709586414,401.78571428571433,-5.679500448732256,587.4853190266667,-7.856817280897898,7.6448632324586905,32.37410071942446,73.23943661971832,27.00729927007299,96.12676056338029,57.18689929314901,Watch
Rice (imported),2017-07-01,58.81825710205302,60.03335080762507,Calm,30.28169014084507,974.7756509859652,732.1428571428572,64.7838004862469,622.5525694584007,56.577243241319586,2.926938258856667,98.56115107913669,30.28169014084507,99.27007299270073,79.22535211267606,76.83456658133963,Elevated
Rice (imported),2017-08-01,6.058876871557128,200.1134997310755,High,100.0,1035.6619968129044,785.7142857142858,91.0716732465999,658.766130828426,57.212392736480865,-1.2872643042495082,100.0,100.0,100.0,38.028169014084504,84.50704225352112,Elevated
Rice (imported),2017-09-01,-10.523939933447313,94.71141903843566,High,95.07042253521126,932.2086959843846,714.2857142857143,72.2078412015275,684.7825812943707,36.132068987842956,-1.280593346945347,99.28057553956835,95.07042253521126,97.08029197080292,45.774647887323944,84.30148448322663,Elevated
Rice (imported),2017-10-01,-0.9831598634827188,72.65562482303028,High,88.73239436619718,923.0885007543628,714.2857142857143,-5.302466283326002,711.7854304497918,29.686343842560014,-0.44429851215234334,33.81294964028777,88.73239436619718,94.16058394160584,62.323943661971825,69.75746790251566,Watch
Rice (imported),2017-11-01,-11.509639427818463,61.23371216195341,Calm,47.183098591549296,822.7305270643881,642.8571428571429,-20.55993851312312,728.9317343904577,12.86798039494963,-4.354098920366387,3.597122302158273,47.183098591549296,75.18248175182481,4.577464788732395,32.63504185856619,Low
Rice (imported),2017-12-01,4.442521676974565,69.11007776305766,High,85.2112676056338,860.1045367366793,678.5714285714287,-7.734765783488584,749.8109041311433,14.709526361628566,-2.234253673163124,22.302158273381295,85.2112676056338,80.2919708029197,21.47887323943662,52.32106748034285,Watch
Rice (imported),2018-01-01,-53.317642819740385,62.7665336176034,Elevated,64.08450704225352,504.6562518059902,401.9642857142857,-45.32959175706587,740.2647415037214,-31.82759849120097,4.442724054163655,2.158273381294964,64.08450704225352,3.64963503649635,87.67605633802818,39.39211794951825,Low
Rice (imported),2018-02-01,47.662900108545614,179.91293301524547,High,99.29577464788733,812.8174203351108,653.5714285714287,-1.2049032341912236,759.5725968113112,7.009839974127763,1.7367432069125708,49.64028776978417,99.29577464788733,64.96350364963503,70.77464788732394,71.16855348865761,Elevated
Rice (imported),2018-03-01,2.8166980754958715,177.64176652581912,High,98.59154929577466,836.0375178162925,678.5714285714287,-2.7981504447935346,781.4154176065337,6.990148770940019,-4.336357137396252,42.44604316546763,98.59154929577466,64.23357664233576,13.028169014084506,54.57483452941565,Watch
Rice (imported),2018-04-01,-6.335115998431995,86.42799666355405,High,93.66197183098592,784.7163617389269,642.8571428571429,55.49522252636292,797.512762126321,-1.6045386350027169,-2.1095134448168498,97.84172661870504,93.66197183098592,45.25547445255474,29.929577464788732,66.6721875917586,Watch
Rice (imported),2018-05-01,-0.9198539429970509,66.27043485305416,Elevated,78.16901408450704,777.5312144375863,642.8571428571429,-4.341221658730765,817.1380287859361,-4.847016410091165,-0.7048894133017711,37.410071942446045,78.16901408450704,34.306569343065696,53.87323943661971,50.939723701659624,Watch
Rice (imported),2018-06-01,-50.1591182042735,60.22833362426991,Calm,35.91549295774648,470.8467212169826,392.8571428571429,-43.681149328462965,811.2646163074645,-41.961388213863074,7.6448632324586905,2.877697841726619,35.91549295774648,1.4598540145985401,96.12676056338029,34.09495134436298,Low
Rice (imported),2018-07-01,-10.434254887764993,170.23280536161838,High,97.88732394366197,424.1936444215448,357.1428571428572,-45.94306107221543,765.3827824270961,-44.57758207254291,2.926938258856667,1.4388489208633095,97.88732394366197,0.7299270072992701,79.22535211267606,44.820362996125155,Low
Rice (imported),2018-08-01,-0.9452205437858296,89.46385314769906,High,94.36619718309859,420.2029690029118,357.1428571428572,-45.95677174107302,714.0945301095967,-41.1558342369013,-1.2872643042495082,0.7194244604316548,94.36619718309859,2.18978102189781,38.028169014084504,33.82589291987814,Low
Rice (imported),2018-09-01,8.594648260881765,64.20954805761072,Elevated,69.71830985915493,457.9153477014139,392.8571428571429,-2.7464083177950904,674.5700844193492,-32.1174540232429,-1.280593346945347,43.884892086330936,69.71830985915493,2.9197080291970803,45.774647887323944,40.574389465501724,Low
Rice (imported),2018-10-01,-0.9276831129078289,66.78357162469598,Elevated,80.98591549295774,453.6869875650472,392.8571428571429,6.952801752539517,635.4532916535728,-28.604195851363745,-0.44429851215234334,69.7841726618705,80.98591549295774,4.37956204379562,62.323943661971825,54.36839846514893,Watch
Rice (imported),2018-11-01,-0.9191561955112171,60.30646353610513,Calm,36.61971830985916,449.5360017567937,392.8571428571429,6.980681936514022,604.35374787794,-25.61707388508071,-4.354098920366387,70.50359712230215,36.61971830985916,7.2992700729927,4.577464788732395,29.750012573471604,Low
Rice (imported),2018-12-01,-10.441802584426085,59.36283506169471,Calm,9.15492957746479,404.96389612247225,357.1428571428572,-11.563589612084579,566.4253611600894,-28.505338233254562,-2.234253673163124,14.388489208633093,9.15492957746479,5.109489051094891,21.47887323943662,12.532945269157349,Low
Rice (imported),2019-01-01,-0.9025641325205669,67.1957481387026,Elevated,83.09859154929578,401.32528235854704,357.1428571428572,-11.5413724972645,557.8144470394691,-28.0539820206287,4.442724054163655,15.107913669064748,83.09859154929578,5.839416058394161,87.67605633802818,47.93049440369572,Low
Rice (imported),2019-02-01,-6.023820164500382,60.36774064719828,Calm,39.436619718309856,377.86389883282,339.28571428571433,-15.943573516665632,521.5683202476116,-27.55236770257994,1.7367432069125708,8.633093525179856,39.436619718309856,6.569343065693431,70.77464788732394,31.35342604912677,Low
Rice (imported),2019-03-01,-2.478106002726932,61.89620094973771,Calm,52.816901408450704,368.6151016755449,333.92857142857144,-8.975811126613243,482.6164522358826,-23.621521817623126,-4.336357137396252,20.14388489208633,52.816901408450704,10.218978102189782,13.028169014084506,24.051983354202832,Low
Rice (imported),2019-04-01,-1.8459990619128064,59.89032758179531,Calm,28.169014084507044,361.872892378241,330.7142857142857,-9.830526935270179,447.3794964558254,-19.112767740804905,-2.1095134448168498,18.705035971223023,28.169014084507044,13.86861313868613,29.929577464788732,22.668060164801233,Low
Rice (imported),2019-05-01,-3.7190615919816317,59.43555643179878,Calm,14.788732394366196,348.6618035896349,321.42857142857144,-7.728204608428357,411.6403788851629,-15.299416317245528,-0.7048894133017711,23.021582733812952,14.788732394366196,16.05839416058394,53.87323943661971,26.9354871813457,Low
Rice (imported),2019-06-01,-0.8635915418388151,60.08966168149346,Calm,32.3943661971831,345.6637538289042,321.42857142857144,-6.226372099871947,401.20846493615636,-13.844351742700866,7.6448632324586905,27.33812949640288,32.3943661971831,17.51824817518248,96.12676056338029,43.34437610803719,Low
Rice (imported),2019-07-01,5.5976546662168225,59.32961851529438,Calm,4.929577464788732,365.5646115902743,342.8571428571429,1.0201701453157241,396.32271220021704,-7.7608725574133,2.926938258856667,58.27338129496403,4.929577464788732,27.73722627737226,79.22535211267606,42.54138428745027,Low
Rice (imported),2019-08-01,-5.299415867271584,62.460049980735896,Calm,58.45070422535211,346.6961960631056,328.75,-0.563757631691364,390.1971477885666,-11.148454562520927,-1.2872643042495082,51.798561151079134,58.45070422535211,21.16788321167883,38.028169014084504,42.36132940054865,Low
Rice (imported),2019-09-01,7.397761237711009,61.56353212948179,Calm,51.40845070422535,373.3164655985984,357.8571428571429,7.999887596945365,383.1472409466653,-2.5657956778645685,-1.280593346945347,74.10071942446042,51.40845070422535,41.605839416058394,45.774647887323944,53.222414358017026,Watch
Rice (imported),2019-10-01,11.34519991863554,64.82251393818986,Elevated,71.12676056338029,418.1660039633413,405.1785714285714,14.389082177358791,380.1871589798565,9.989512819263059,-0.44429851215234334,85.61151079136691,71.12676056338029,70.07299270072993,62.323943661971825,72.28380192936224,Elevated
Rice (imported),2019-11-01,4.5501673948592725,71.21493030455574,High,85.91549295774648,437.63278411740544,428.5714285714286,26.229473841053498,379.19522417657413,15.410943022220014,-4.354098920366387,93.5251798561151,85.91549295774648,82.48175182481752,4.577464788732395,66.62497235685288,Watch
Rice (imported),2019-12-01,-1.0516093027390205,63.17784116720026,Elevated,66.19718309859155,433.05471095939816,428.5714285714286,16.00203871667214,381.5361254129846,13.50293775999547,-2.234253673163124,88.48920863309353,66.19718309859155,75.91240875912408,21.47887323943662,63.019418432561444,Watch
Rice (imported),2020-01-01,-6.874223169358107,59.78030426206268,Calm,24.647887323943664,404.28571428571433,404.28571428571433,-3.3193252311452426,381.7828280735819,5.894158814234407,4.442724054163655,41.726618705035975,24.647887323943664,62.04379562043796,87.67605633802818,54.02358949686145,Watch
Rice (imported),2020-02-01,-3.308356996044015,62.649093345239564,Elevated,62.676056338028175,391.1293296339688,395.1785714285714,-10.62613592288849,382.88828064034425,2.1523377471470706,1.7367432069125708,17.26618705035971,62.676056338028175,54.01459854014598,70.77464788732394,51.18287245396445,Watch
Rice (imported),2020-03-01,17.903194550774426,60.32879736778015,Calm,37.32394366197183,467.8137362033348,477.50000000000006,8.026474337833855,391.1548335176601,19.598096742479253,-4.336357137396252,74.82014388489209,37.32394366197183,86.13138686131386,13.028169014084506,52.825910855565574,Watch
Rice (imported),2020-04-01,4.0513357068745925,84.01624816566758,High,92.25352112676056,487.1555975447962,502.28571428571433,20.497850982811762,401.5950589482064,21.30517711564388,-2.1095134448168498,91.36690647482014,92.25352112676056,88.32116788321169,29.929577464788732,75.46779323739528,Elevated
Rice (imported),2020-05-01,-5.4607699450607505,64.91162593243665,Elevated,72.53521126760563,461.2664574134653,480.3678571428572,17.93195305632871,410.9787801001922,12.236076349492663,-0.7048894133017711,89.92805755395683,72.53521126760563,74.45255474452554,53.87323943661971,72.69726575067693,Elevated
Rice (imported),2020-06-01,-3.1248006528145744,62.03980172137599,Calm,53.52112676056338,447.0756717061777,470.2178571428572,-4.43297468463888,419.4297732566317,6.591305675534542,7.6448632324586905,36.69064748201439,53.52112676056338,62.77372262773723,96.12676056338029,62.27806435842382,Watch
Rice (imported),2020-07-01,9.119129725305886,60.15901308717206,Calm,33.80281690140845,489.7618073525284,520.1839285714286,0.5349850891311014,429.77953957015285,13.956520089897095,2.926938258856667,56.11510791366906,33.80281690140845,78.1021897810219,79.22535211267606,61.81136667719387,Watch
Rice (imported),2020-08-01,4.5928906255983115,67.03302376304536,Elevated,82.3943661971831,512.7805991542907,552.3267857142857,11.167979139365357,443.6199064944183,15.590078724463785,-1.2872643042495082,80.57553956834532,82.3943661971831,83.21167883211679,38.028169014084504,71.05243840293242,Elevated
Rice (imported),2020-09-01,1.6094411910719586,62.58376146199673,Elevated,60.56338028169014,521.1002718703741,569.1071428571429,16.55751024914771,455.9352236837329,14.29261105560995,-1.280593346945347,89.20863309352518,60.56338028169014,78.83211678832117,45.774647887323944,68.59469451271511,Watch
Rice (imported),2020-10-01,-25.324006047531356,60.08753037557307,Calm,31.690140845070424,404.52050327567775,447.8571428571429,-17.404645032987297,454.79809862642765,-11.05492646134566,-0.44429851215234334,5.755395683453238,31.690140845070424,21.897810218978105,62.323943661971825,30.4168226023684,Low
Rice (imported),2020-11-01,22.548587977395673,99.3046447818972,High,95.77464788732394,506.8364171642333,568.7392857142858,-1.1592057109533593,460.56506804699666,10.046647548292786,-4.354098920366387,50.35971223021583,95.77464788732394,71.53284671532847,4.577464788732395,55.561167905400154,Watch
Rice (imported),2020-12-01,-3.645097277310416,99.56365148950051,High,96.47887323943662,488.6943926338593,555.7142857142858,-6.218741571598308,465.2017081865351,5.0499996096111,-2.234253673163124,28.05755395683453,96.47887323943662,61.31386861313869,21.47887323943662,51.83229226221161,Watch
Rice (imported),2021-01-01,-1.3108997521179333,66.93868049103098,Elevated,81.69014084507043,482.3299062128357,555.7142857142858,19.23497135672536,471.70539084712846,2.2523625067389696,4.442724054163655,90.64748201438849,81.69014084507043,54.74452554744526,87.67605633802818,78.68955118623309,Elevated
Rice (imported),2021-02-01,-1.2939372916041414,60.36581201211469,Calm,38.732394366197184,476.129063710211,555.7142857142858,-6.058632018952181,478.7887020201487,-0.5554931222720771,1.7367432069125708,29.496402877697843,38.732394366197184,47.44525547445255,70.77464788732394,46.61217515141788,Low
Rice (imported),2021-03-01,2.140688647660305,59.405825241871014,Calm,12.676056338028168,486.4313813767717,575.0375,-0.4630728920155813,480.3401724512685,1.268103164142742,-4.336357137396252,53.23741007194245,12.676056338028168,52.55474452554745,13.028169014084506,32.874094987400646,Low
Rice (imported),2021-04-01,-1.3361639454533503,59.86916167823994,Calm,26.76056338028169,479.9750900131746,574.6071428571429,-0.48821691736898876,479.74179682363325,0.04862890644217188,-2.1095134448168498,52.51798561151079,26.76056338028169,50.36496350364964,29.929577464788732,39.89327249005771,Low
Rice (imported),2021-05-01,-1.8002940046285332,59.34232758194493,Calm,7.042253521126761,471.4114439401057,571.4285714285714,-0.9908279350442362,480.58721236752007,-1.9092826840339194,-0.7048894133017711,51.07913669064749,7.042253521126761,43.06569343065693,53.87323943661971,38.76508076976272,Low
Rice (imported),2021-06-01,-6.596713671025611,59.350195992045634,Calm,7.746478873239436,441.3173053527781,541.5714285714287,-9.274499498018596,480.10734850473676,-8.079452079366789,7.6448632324586905,19.424460431654676,7.746478873239436,26.277372262773724,96.12676056338029,37.39376803276203,Low
Rice (imported),2021-07-01,4.151142914336781,62.30955214486862,Calm,56.33802816901409,460.022572594237,571.4285714285714,-4.15699019263478,477.62907894154574,-3.686229989666001,2.926938258856667,38.1294964028777,56.33802816901409,39.416058394160586,79.22535211267606,53.277233769682105,Watch
Rice (imported),2021-08-01,-2.8061448690746893,61.54432693818866,Calm,50.70422535211267,447.2931116360346,564.3428571428572,-5.116195759374776,472.17178831502446,-5.268988384030948,-1.2872643042495082,34.53237410071942,50.70422535211267,31.386861313868614,38.028169014084504,38.6629074451963,Low
Rice (imported),2021-09-01,-0.28047707612568473,59.95779935818468,Calm,29.577464788732392,446.0403147201714,571.4642857142858,1.0702071525651835,465.9167918858409,-4.266100194675881,-1.280593346945347,58.992805755395686,29.577464788732392,36.496350364963504,45.774647887323944,42.71031719910388,Low
Rice (imported),2021-10-01,-1.517537988174933,59.31164848210848,Calm,4.225352112676056,439.3225844754735,571.4285714285714,-4.499776609227812,468.81696531915713,-6.291235818141672,-0.44429851215234334,35.25179856115108,4.225352112676056,29.927007299270077,62.323943661971825,32.93202540876726,Low
Rice (imported),2021-11-01,-4.245179720825565,59.29250196647278,Calm,3.5211267605633805,421.0628721660892,555.8928571428572,-5.864217173835917,461.6691699026451,-8.795540266446366,-4.354098920366387,30.215827338129497,3.5211267605633805,24.087591240875913,4.577464788732395,15.600502532075295,Low
Rice (imported),2021-12-01,2.9628639853886973,60.378466265088775,Calm,40.845070422535215,433.7250475951319,581.0714285714286,-2.7610210823130643,457.0883911494179,-5.1113403898828675,-2.234253673163124,43.16546762589928,40.845070422535215,32.846715328467155,21.47887323943662,34.58403165408457,Low
Rice (imported),2022-01-01,-1.077640560678983,60.44446131027363,Calm,42.95774647887324,429.0761447816204,583.2142857142858,-2.3323270999342616,452.6505776968166,-5.208086342261609,4.442724054163655,44.60431654676259,42.95774647887324,32.11678832116788,87.67605633802818,51.83872692120798,Watch
Rice (imported),2022-02-01,-1.2110349498686723,59.393768863545894,Calm,11.267605633802818,423.911220350835,584.4642857142858,0.6764662412748201,448.2990907502019,-5.440089195486719,1.7367432069125708,57.55395683453237,11.267605633802818,30.656934306569344,70.77464788732394,42.563286165557116,Low
Rice (imported),2022-03-01,0.6143846845405143,59.26152747863453,Calm,2.112676056338028,426.5236830323394,596.3875,-1.660352475081106,443.3067825548325,-3.78588827939198,-4.336357137396252,48.201438848920866,2.112676056338028,38.68613138686132,13.028169014084506,25.50710382655118,Low
Rice (imported),2022-04-01,-0.7826296146816958,59.33164860070509,Calm,6.338028169014084,423.1986108470709,599.9946428571429,-1.3698113973548809,438.5754092909906,-3.5060785712491604,-2.1095134448168498,48.92086330935252,6.338028169014084,40.14598540145985,29.929577464788732,31.3336135861538,Low
Rice (imported),2022-05-01,1.3673312460398712,59.221421824863896,Calm,0.7042253521126761,429.0248791064627,616.625,1.2063041764725169,435.04319555485364,-1.3833836524474674,-0.7048894133017711,59.71223021582733,0.7042253521126761,45.98540145985402,53.87323943661971,40.068774116103434,Low
Rice (imported),2022-06-01,-6.918913242149749,59.53161280219119,Calm,16.901408450704224,400.3446407752133,583.2142857142858,-6.13776990553212,431.6288068400566,-7.247932846251359,7.6448632324586905,28.776978417266186,16.901408450704224,28.467153284671532,96.12676056338029,42.56807517900556,Low
Rice (imported),2022-07-01,5.107055334170152,62.6633161477632,Elevated,63.38028169014085,421.3215552860567,621.9928571428571,-0.44354010455210924,428.40372206437496,-1.6531524852751,2.926938258856667,53.956834532374096,63.38028169014085,44.52554744525548,79.22535211267606,60.27200394511162,Watch
Rice (imported),2022-08-01,3.946760728446641,62.42429441391576,Calm,57.74647887323944,438.2826135455496,660.3285714285715,2.157854914700552,427.65284722350117,2.4856063489489877,-1.2872643042495082,61.15107913669065,57.74647887323944,55.47445255474452,38.028169014084504,53.10004489468978,Watch
Rice (imported),2022-09-01,0.3096989734536315,61.401091349077035,Calm,49.29577464788733,439.642074331988,675.7142857142858,9.815900989877257,427.1196605244859,2.931828001578074,-1.280593346945347,79.85611510791367,49.29577464788733,56.934306569343065,45.774647887323944,57.965211053116995,Watch
Rice (imported),2022-10-01,-0.9454501949247351,59.57428521370854,Calm,19.014084507042252,435.50506498113214,682.5678571428572,3.366433432404259,426.8015338999574,2.0392455016843503,-0.44429851215234334,64.02877697841727,19.014084507042252,53.284671532846716,62.323943661971825,49.66286917006951,Low
Rice (imported),2022-11-01,-2.9262992404912147,59.26302670341986,Calm,2.8169014084507045,422.9455443876075,675.7142857142858,-3.499356051080993,426.9584232517507,-0.9398757924906853,-4.354098920366387,40.28776978417266,2.8169014084507045,46.715328467153284,4.577464788732395,23.59936611212726,Low
Rice (imported),2022-12-01,-1.881073968846625,59.68963519082288,Calm,22.535211267605636,415.0639872119792,675.7142857142858,-5.590476561496949,425.4033348864879,-2.4304811050123942,-2.234253673163124,33.093525179856115,22.535211267605636,42.33576642335766,21.47887323943662,29.86084402756401,Low
Rice (imported),2023-01-01,-1.8463419066478082,59.41574557663836,Calm,13.380281690140844,407.4708006763933,675.7142857142858,-6.43718444605309,423.6028895443856,-3.8083047274166337,4.442724054163655,25.179856115107913,13.380281690140844,37.22627737226277,87.67605633802818,40.865617878884926,Low
Rice (imported),2023-02-01,8.140090325618399,59.370290662836695,Calm,9.859154929577464,442.0266518610162,746.4285714285714,4.5114809049559,425.1125088369008,3.9787450786598066,1.7367432069125708,66.90647482014388,9.859154929577464,59.854014598540154,70.77464788732394,51.848573058896356,Watch
Rice (imported),2023-03-01,5.150591390704751,65.5276224350207,Elevated,75.35211267605634,465.3901529972746,800.0,12.124917443052707,428.35138133397874,8.646819708611453,-4.336357137396252,82.73381294964028,75.35211267605634,68.61313868613139,13.028169014084506,59.93180833147813,Watch
Rice (imported),2023-04-01,-0.06723758914075617,62.867141216177174,Elevated,64.7887323943662,465.0773410536902,813.5714285714287,14.137587351454673,431.8412755178636,7.696361468914681,-2.1095134448168498,83.45323741007195,64.7887323943662,67.15328467153284,29.929577464788732,61.331207985189934,Watch
Rice (imported),2023-05-01,8.376745986659984,59.738072142942904,Calm,23.943661971830984,505.71394152407214,900.0,14.40802028450554,438.2320307193311,15.398671496917649,-0.7048894133017711,86.33093525179856,23.943661971830984,81.75182481751825,53.87323943661971,61.474915369441874,Watch
Rice (imported),2023-06-01,-2.4871117119777075,65.90272416793826,Elevated,76.76056338028168,493.2913925379981,892.8571428571429,5.9952363325759706,445.97759336622977,10.609008137526544,7.6448632324586905,69.06474820143885,76.76056338028168,72.26277372262774,96.12676056338029,78.55371146693214,Elevated
Rice (imported),2023-07-01,-1.6621980430237215,60.47651667749696,Calm,43.66197183098591,485.1596824529205,892.8571428571429,4.318064895127183,451.2974372968018,7.503309870082142,2.926938258856667,65.46762589928058,43.66197183098591,66.42335766423358,79.22535211267606,63.69457687679403,Watch
Rice (imported),2023-08-01,0.6110135156493612,59.47917173072283,Calm,16.19718309859155,488.1331485742506,923.2142857142858,-3.476430350493853,455.4516485491935,7.175624488167176,-1.2872643042495082,41.007194244604314,16.19718309859155,65.69343065693431,38.028169014084504,40.23149425355367,Low
Rice (imported),2023-09-01,1.6928444046578228,59.36080220441224,Calm,8.450704225352112,496.4668223163289,964.2857142857144,0.6437229244956155,460.18704421455527,7.8837026287204015,-1.280593346945347,56.83453237410072,8.450704225352112,67.88321167883211,45.774647887323944,44.735774041402216,Low
Rice (imported),2023-10-01,6.878853002311303,59.66968454141736,Calm,21.12676056338028,531.820054203747,1060.0642857142857,9.61752871032402,468.21329331643983,13.584996794253513,-0.44429851215234334,79.13669064748201,21.12676056338028,76.64233576642336,62.323943661971825,59.80743265981437,Watch
Rice (imported),2023-11-01,-1.4591007430166059,63.934242809779256,Elevated,69.01408450704226,524.1166010822221,1071.4285714285716,7.3716469805569895,476.64421470765774,9.959711019188777,-4.354098920366387,71.22302158273382,69.01408450704226,69.34306569343066,4.577464788732395,53.53940914298479,Watch
Rice (imported),2023-12-01,8.062828736449124,59.93835878069285,Calm,28.87323943661972,568.1255699142604,1190.357142857143,14.433743480299155,489.3993465995145,16.086295141535857,-2.234253673163124,87.05035971223022,28.87323943661972,83.94160583941606,21.47887323943662,55.33601955692565,Watch
Rice (imported),2024-01-01,13.306371923818983,65.49258435372636,Elevated,74.64788732394366,648.9827826573586,1392.857142857143,22.030520949239186,509.52534509792827,27.370068810340985,4.442724054163655,92.08633093525181,74.64788732394366,91.97080291970804,87.67605633802818,86.59526937923292,Alert
Rice (imported),2024-02-01,5.71787023673247,74.88331054248889,High,90.14084507042254,687.1721820309328,1509.8517857142858,31.110554523940937,529.9541392787547,29.666348670499154,1.7367432069125708,94.96402877697841,90.14084507042254,93.43065693430657,70.77464788732394,87.32754466725785,Alert
Rice (imported),2024-03-01,6.203156260189857,64.83042418568026,Elevated,71.83098591549296,731.1484026072904,1643.75,28.694859257546334,552.1006600795893,32.430271411356436,-4.336357137396252,94.24460431654677,71.83098591549296,95.62043795620438,13.028169014084506,68.68104930058215,Watch
Rice (imported),2024-04-01,-1.108054882829368,63.844340998089024,Elevated,68.30985915492957,723.0915963822811,1662.5,11.419226473385425,573.6018480236386,26.06158764545714,-2.1095134448168498,81.29496402877699,68.30985915492957,91.24087591240875,29.929577464788732,67.69381914022601,Watch
Rice (imported),2024-05-01,-6.820220826962942,59.88223475466884,Calm,27.464788732394368,675.4193080969835,1587.3267857142855,-1.7103244632537096,587.7439619047145,14.917268721593935,-0.7048894133017711,46.76258992805755,27.464788732394368,81.02189781021897,53.87323943661971,52.280628976822655,Watch
Rice (imported),2024-06-01,-0.16743649108628134,62.60644408781547,Elevated,61.267605633802816,674.2893559474863,1619.0464285714286,-7.7766765894644045,602.8271255221719,11.854514735615718,7.6448632324586905,21.58273381294964,61.267605633802816,73.72262773722628,96.12676056338029,63.174931936839755,Watch
Rice (imported),2024-07-01,11.74319794374492,59.69256524104391,Calm,23.239436619718308,758.3092695233169,1859.446428571429,4.870430429178585,625.5895911113715,21.215135337556745,2.926938258856667,67.62589928057554,23.239436619718308,87.59124087591242,79.22535211267606,64.42048222222058,Watch
Rice (imported),2024-08-01,1.8403029330504417,71.30134325376964,High,86.61971830985915,772.3936574579379,1930.3,14.357651343160871,649.2779668516788,18.961938783051878,-1.2872643042495082,84.89208633093526,86.61971830985915,85.40145985401459,38.028169014084504,73.73535837722338,Elevated
Rice (imported),2024-09-01,8.582508516448062,61.494156083331404,Calm,50.0,841.612272492792,2142.857142857143,24.814705299654307,678.0400876997174,24.124264591493528,-1.280593346945347,92.80575539568345,50.0,90.51094890510949,45.774647887323944,69.77283804702923,Watch
Rice (imported),2024-10-01,0.6525859933526945,66.41492859704651,Elevated,79.5774647887324,847.1224761548992,2196.7178571428576,11.712003294831351,704.3152895289801,20.276031026022913,-0.44429851215234334,82.01438848920863,79.5774647887324,86.86131386861314,62.323943661971825,77.6942777021315,Elevated
Rice (imported),2024-11-01,-4.279393720032232,60.36936687028996,Calm,40.140845070422536,811.6354993432767,2142.857142857143,5.080549471947959,728.2751977174013,11.446263979213867,-4.354098920366387,68.34532374100719,40.140845070422536,72.99270072992701,4.577464788732395,46.51408358252228,Low
Rice (imported),2024-12-01,1.6236807897604955,60.546172775852085,Calm,44.36619718309859,824.9214377598299,2216.721428571429,-1.9831976408239749,749.6748533711988,10.037229346863663,-2.234253673163124,45.32374100719424,44.36619718309859,70.8029197080292,21.47887323943662,45.49293278443966,Low
Rice (imported),2025-01-01,-1.308338523136765,59.80601578467943,Calm,25.352112676056336,814.1989688507759,2226.1910714285714,-3.886510891974382,763.4428688873169,6.64831672832753,4.442724054163655,38.84892086330935,25.352112676056336,63.503649635036496,87.67605633802818,53.84518487810759,Watch
Rice (imported),2025-02-01,-7.462061735746417,59.329969288236555,Calm,5.633802816901409,755.6544177223282,2101.6482142857144,-6.8973180283815605,769.1497218615997,-1.754574402836473,1.7367432069125708,23.741007194244602,5.633802816901409,43.79562043795621,70.77464788732394,35.98626958410654,Low
Rice (imported),2025-03-01,-5.830735974351864,63.22828346918185,Elevated,66.90140845070422,712.8541152309178,2016.128571428572,-13.585211560660115,767.6251979135687,-7.135133504152879,-4.336357137396252,10.79136690647482,66.90140845070422,29.1970802919708,13.028169014084506,29.979506165808587,Low
Rice (imported),2025-04-01,-2.3032815953577312,62.114510271369305,Calm,54.929577464788736,696.6227225045498,2002.976785714286,-14.4407265108899,765.4194584237579,-8.988109089999163,-2.1095134448168498,9.352517985611511,54.929577464788736,23.357664233576642,29.929577464788732,29.392334287191407,Low
Rice (imported),2025-05-01,-3.572649542385964,59.86643596688067,Calm,26.056338028169012,672.1741650552875,1964.2857142857144,-11.047411450152623,765.1490298369498,-12.151209915468996,-0.7048894133017711,15.827338129496402,26.056338028169012,19.708029197080293,53.87323943661971,28.866236197841353,Low
Rice (imported),2025-06-01,-6.675951004958591,60.07083121838727,Calm,30.985915492957744,628.7652471643796,1866.9964285714289,-11.796083696493632,761.3553541050243,-17.415009459873676,7.6448632324586905,13.66906474820144,30.985915492957744,14.5985401459854,96.12676056338029,38.84507023763122,Low
Rice (imported),2025-07-01,-11.151675643414638,62.48380206721354,Calm,59.859154929577464,562.4156766418795,1696.4285714285716,-19.265384479587333,745.0308880315712,-24.511092670556934,2.926938258856667,4.316546762589928,59.859154929577464,8.75912408759124,79.22535211267606,38.04004447310868,Low
Rice (imported),2025-08-01,-0.7926065272420679,68.68533020266996,Elevated,84.50704225352112,557.9755528789173,1683.0357142857144,-16.98943787388455,727.1627126499861,-23.266754032877056,-1.2872643042495082,7.194244604316546,84.50704225352112,10.948905109489052,38.028169014084504,35.16959024535281,Low
Rice (imported),2025-09-01,-1.9823847680481954,60.592036015571246,Calm,45.07042253521127,547.0232475969437,1650.0,-13.00040037773682,702.6136272419989,-22.144514938573156,-1.280593346945347,11.510791366906476,45.07042253521127,11.678832116788321,45.774647887323944,28.508673476557505,Low
Rice (imported),2025-10-01,-8.574063808523036,59.56474342162516,Calm,18.30985915492958,502.0755787362265,1514.4232142857145,-10.72873684210528,673.859719123776,-25.492567000580113,-0.44429851215234334,16.546762589928058,18.30985915492958,8.02919708029197,62.323943661971825,26.302440621780356,Low
Rice (imported),2025-11-01,-2.15457327658104,64.59910339760691,Elevated,70.4225352112676,491.3736964344842,1482.142857142857,-11.936339522546414,647.1712355480433,-24.07361924570477,-4.354098920366387,12.23021582733813,70.4225352112676,9.48905109489051,4.577464788732395,24.17981673055716,Low
Rice (imported),2025-12-01,-1.8237587549780443,60.18357243640966,Calm,34.50704225352113,482.4934489085597,1455.357142857143,-11.796536796536794,618.6355698104375,-22.006836907808992,-2.234253673163124,12.949640287769784,34.50704225352113,12.408759124087592,21.47887323943662,20.33607872620378,Low
Rice (imported),2026-01-01,-4.60336600715916,59.471277183899474,Calm,15.492957746478872,460.7859798396883,1389.880357142857,-8.22378156700394,589.1844873928468,-21.792581152522274,4.442724054163655,20.863309352517987,15.492957746478872,13.138686131386862,87.67605633802818,34.292752392102976,Low
Rice (imported),2026-02-01,2.745727449865587,60.63845293302324,Calm,45.774647887323944,473.61320138263534,1428.571428571429,-3.614457831325313,565.6810526978724,-16.275576294475968,1.7367432069125708,39.568345323741006,45.774647887323944,15.328467153284672,70.77464788732394,42.86152706291839,Low
Rice (imported),2026-03-01,0.0,60.35250514682497,Calm,38.028169014084504,473.61320138263534,1428.571428571429,-1.8404907975460016,545.7443098771822,-13.217015219229634,-4.336357137396252,46.043165467625904,38.028169014084504,18.248175182481752,13.028169014084506,28.83691966956917,Low
Rice (imported),2026-04-01,6.385469363082841,59.387784452522446,Calm,10.56338028169014,504.8420718488029,1522.767857142857,9.561074758490285,529.7625889892033,-4.704091541826161,-2.1095134448168498,78.41726618705036,10.56338028169014,35.03649635036496,29.929577464788732,38.48668007097355,Low
Rice (imported),2026-05-01,-12.839321476839949,63.319372777381176,Elevated,67.6056338028169,444.0123762962206,1339.2857142857144,-6.25,510.7491065926144,-13.066440926665113,-0.7048894133017711,26.618705035971225,67.6056338028169,18.97810218978102,53.87323943661971,41.76892011629722,Low
Rice (imported),2026-06-01,6.453852113757108,71.63259518003841,High,87.32394366197182,473.61320138263534,1428.571428571429,0.0,497.8197694441357,-4.862516426081143,7.6448632324586905,54.67625899280576,87.32394366197182,33.57664233576642,96.12676056338029,67.92590138848107,Watch
Rice (imported),2026-07-01,-13.353139262452274,65.10921452202854,Elevated,73.94366197183099,414.4115512098059,1250.0,-17.91263559073587,485.4860923247963,-14.639871715921494,2.926938258856667,5.0359712230215825,73.94366197183099,16.78832116788321,79.22535211267606,43.74832661885296,Low
Rice (local),2014-10-01,-1.084004526908089,134.137803475258,High,93.61702127659575,381.3099627625376,,,,,1.5855207539357163,,93.61702127659575,,62.76595744680851,78.19148936170212,Elevated
Rice (local),2014-11-01,-1.0958840775193046,92.20171137979197,High,88.65248226950354,377.15406111906884,,,,,2.1020474048230273,,88.65248226950354,,71.27659574468085,79.96453900709218,Elevated
Rice (local),2015-01-01,-2.2284687063720554,71.13507445803994,Elevated,82.97872340425532,368.8422578321313,197.03703703703704,,,,-7.983956705980723,,82.97872340425532,,12.411347517730496,47.695035460992905,Low
Rice (local),2015-02-01,-0.7158549415133386,61.95460837764787,Elevated,69.50354609929079,366.21131042176825,197.03703703703704,-3.959679477394651,,,3.922406780617182,34.78260869565217,69.50354609929079,,79.7872340425532,61.35779627916539,Watch
Rice (local),2015-03-01,-0.710766860247869,58.01346288598168,Calm,45.39007092198582,363.6176302176447,197.03703703703704,-3.5890985400659936,,,0.9894012691735302,39.130434782608695,45.39007092198582,,37.234042553191486,40.584849419262,Low
Rice (local),2015-04-01,-0.6959275322680369,56.51644949395984,Calm,21.98581560283688,361.09589990215017,,-2.1001817892316033,369.7051870425501,-2.3286898431882364,1.419465118745932,48.55072463768116,21.98581560283688,45.588235294117645,54.25531914893617,42.595023670892964,Low
Rice (local),2015-05-01,-0.7008046445585947,55.96278063004818,Calm,12.056737588652481,358.57416958665567,,-2.085446467045715,368.1150416917081,-2.5918180526409373,-0.3358344678372527,49.275362318840585,12.056737588652481,44.85294117647059,28.723404255319153,33.727111334820705,Low
Rice (local),2015-06-01,-0.7057505979130241,55.7610431230833,Calm,5.673758865248227,356.0524392711611,197.03703703703704,-2.080534692983782,366.6072163891397,-2.8790423772714457,5.208504238121074,50.0,5.673758865248227,43.38235294117647,88.29787234042553,46.838496036712556,Low
Rice (local),2015-07-01,14.293378977899351,55.68807954036656,Calm,2.8368794326241136,410.76111265860015,228.88888888888889,13.754022898046836,371.5132048635242,10.564337224431553,1.2806072703386777,81.15942028985508,2.8368794326241136,77.94117647058823,45.744680851063826,51.920539261032815,Watch
Rice (local),2015-08-01,2.0420132969657168,68.54917975393673,Elevated,80.1418439716312,419.23513507269325,236.66666666666663,16.91727141304242,376.28539788444107,11.414138690931154,-6.761458000985657,86.95652173913044,80.1418439716312,80.14705882352942,20.56737588652482,66.95320010520398,Watch
Rice (local),2015-09-01,-1.2829135928591917,60.93623870808361,Elevated,63.829787234042556,413.8910637442799,236.66666666666663,16.244411803922574,379.70409478079006,9.003581850553012,-8.188507957488474,84.78260869565217,63.829787234042556,75.73529411764706,4.25531914893617,57.150752299069495,Watch
Rice (local),2015-10-01,-1.2666631787053184,57.682595731654715,Calm,39.71631205673759,408.68152137033536,236.66666666666663,-0.5062775477466475,382.1188803299189,6.951407639811591,1.5855207539357163,53.62318840579711,39.71631205673759,72.79411764705883,62.76595744680851,57.22489388910051,Watch
Rice (local),2015-11-01,-1.2508193019890257,56.45433234664677,Calm,20.56737588652482,403.60149124881775,236.66666666666663,-3.729087215260407,383.9765077037755,5.110985477315255,2.1020474048230273,36.231884057971016,20.56737588652482,70.58823529411765,71.27659574468085,49.66602274582358,Low
Rice (local),2015-12-01,-1.2353668954338204,56.00005883138877,Calm,13.47517730496454,398.6462030514469,236.66666666666663,-3.6833026919981915,385.7675195314737,3.3384571971260657,6.761804296536968,37.68115942028986,13.47517730496454,64.70588235294117,96.45390070921985,53.07902994685386,Watch
Rice (local),2016-01-01,182.19422694518892,55.83220893826826,Calm,7.801418439716312,2465.1713169493587,1481.4814814814813,503.2010717498264,560.4616077912427,339.8465983539002,-7.983956705980723,100.0,7.801418439716312,100.0,12.411347517730496,55.0531914893617,Watch
Rice (local),2016-02-01,-34.32744057312984,507.47891071303883,High,100.0,1748.8997905726737,,333.3234213682546,675.6856478038181,158.8333489481573,3.922406780617182,99.27536231884058,100.0,99.26470588235294,79.7872340425532,94.58182556093666,Alert
Rice (local),2016-03-01,-52.68796341632331,322.8874266083291,High,98.58156028368793,1032.6282641959888,,159.03376384666677,731.4365339686801,41.178108590376425,0.9894012691735302,98.55072463768117,98.58156028368793,96.32352941176471,37.234042553191486,82.67246422158132,Elevated
Rice (local),2016-04-01,-118.29920499550556,246.69292061323875,High,97.87234042553192,316.356737819304,197.03703703703704,-87.16694715518618,727.7082704617761,-56.5269833172906,1.419465118745932,0.7246376811594203,97.87234042553192,0.7352941176470588,54.25531914893617,38.39689784331864,Low
Rice (local),2016-05-01,27.133676166238185,361.60610053360506,High,99.29078014184397,414.9704262533023,261.48148148148147,-76.27248693777811,732.4079585173303,-43.34162792368357,-0.3358344678372527,1.4492753623188406,99.29078014184397,4.411764705882353,28.723404255319153,33.46880611634108,Low
Rice (local),2016-06-01,15.631531830714263,234.70074496469152,High,97.16312056737588,485.1812701317941,309.25925925925924,-53.01491476126121,743.1686944223829,-34.71451720542478,5.208504238121074,2.1739130434782608,97.16312056737588,9.558823529411764,88.29787234042553,49.29843237017286,Low
Rice (local),2016-07-01,-6.550415187585834,154.4502214049182,High,95.0354609929078,454.41842841824496,292.96296296296293,43.64114118467071,746.80680406902,-39.15180928423256,1.2806072703386777,94.92753623188406,95.0354609929078,7.352941176470589,45.744680851063826,60.76515481308157,Watch
Rice (local),2016-08-01,5.710302920113719,104.5482132037258,High,90.0709219858156,481.1222766861102,314.4444444444444,15.941340936047354,751.9640658701381,-36.017916477248455,-6.761458000985657,84.05797101449275,90.0709219858156,8.823529411764707,20.56737588652482,50.879949574649466,Watch
Rice (local),2016-09-01,-9.69581904456609,78.74049710829024,High,86.52482269503547,436.6636682227107,289.25925925925924,-9.999891771564906,753.8617829100073,-42.076428581227376,-8.188507957488474,21.73913043478261,86.52482269503547,5.147058823529411,4.25531914893617,29.416582775570912,Low
Rice (local),2016-10-01,-2.6181788533863326,70.08536020536364,Elevated,82.26950354609929,425.3793981803316,285.55555555555554,-6.390372489732298,755.2532726441736,-43.67725191165868,1.5855207539357163,28.26086956521739,82.26950354609929,3.6764705882352944,62.76595744680851,44.24320028659012,Low
Rice (local),2016-11-01,-2.5518772790140254,61.62786448759431,Elevated,67.37588652482269,414.6615724694196,282.037037037037,-13.813682599454925,756.1749460792238,-45.163275427274485,2.1020474048230273,15.942028985507244,67.37588652482269,2.2058823529411766,71.27659574468085,39.20009840198799,Low
Rice (local),2016-12-01,-0.055244800776055314,58.23833457499327,Calm,48.93617021276596,414.4325567752703,285.55555555555554,-5.091129183686038,757.4904755562092,-45.28874353555914,6.761804296536968,31.15942028985507,48.93617021276596,1.4705882352941175,96.45390070921985,44.50501986178375,Low
Rice (local),2017-01-01,8.35857407792684,56.58242667354108,Calm,24.113475177304963,450.5621350988924,314.4444444444444,5.920065011678122,589.6063770686702,-23.58255395083416,-7.983956705980723,68.11594202898551,24.113475177304963,19.11764705882353,12.411347517730496,30.939602945711123,Low
Rice (local),2017-02-01,-4.737852125513342,60.749437115721605,Elevated,63.12056737588653,429.7129686488585,303.7037037037037,3.629802513361402,479.67414190835234,-10.415648644458209,3.922406780617182,64.4927536231884,63.12056737588653,27.205882352941174,79.7872340425532,58.65160934864233,Watch
Rice (local),2017-03-01,1.0440063625409834,58.894310546417245,Calm,51.77304964539007,434.2226993585808,310.7407407407407,4.775238397605408,429.8070115052349,1.0273652442014836,0.9894012691735302,66.66666666666666,51.77304964539007,61.029411764705884,37.234042553191486,54.17579265748853,Watch
Rice (local),2017-04-01,1.0663168408768797,56.92804958115869,Calm,31.20567375886525,438.87766335433713,317.96296296296293,-2.5933097422824236,440.01708863315434,-0.25895023358221136,1.419465118745932,45.65217391304348,31.20567375886525,52.94117647058824,54.25531914893617,46.01358582285828,Low
Rice (local),2017-05-01,-5.804538249663693,56.20197651079077,Calm,15.602836879432624,414.12808936241294,303.7037037037037,-3.6268114819640984,439.9468938922469,-5.868618437423856,-0.3358344678372527,38.405797101449274,15.602836879432624,34.55882352941176,28.723404255319153,29.3227154414032,Low
Rice (local),2017-06-01,-1.2016878830187316,57.955008264765645,Calm,44.680851063829785,409.1813440398488,303.7037037037037,-5.766938337337568,433.6135667179181,-5.634561405216221,5.208504238121074,28.985507246376812,44.680851063829785,35.294117647058826,88.29787234042553,49.31458707442273,Low
Rice (local),2017-07-01,62.03053256314588,56.54614104312994,Calm,22.69503546099291,760.8709525780962,571.4814814814814,73.3674361011604,459.1512770645724,65.7124766030198,1.2806072703386777,96.37681159420289,22.69503546099291,98.52941176470588,45.744680851063826,65.83648491774137,Watch
Rice (local),2017-08-01,2.060537747624469,180.93627485592458,High,96.45390070921985,776.7116268353747,589.2592592592592,87.55347603471944,483.78372291034447,60.54935088821003,-6.761458000985657,97.82608695652173,96.45390070921985,97.79411764705883,20.56737588652482,78.16037029983131,Elevated
Rice (local),2017-09-01,-4.056339550477439,117.80916132591781,High,92.19858156028369,745.8360092835063,571.4814814814814,82.2751746010375,509.5480846654107,46.3720562845902,-8.188507957488474,97.10144927536231,92.19858156028369,97.05882352941177,4.25531914893617,72.65354337849848,Elevated
Rice (local),2017-10-01,-14.345557956551325,84.36999378317925,High,87.2340425531915,646.1619505280538,500.0,-15.076012780007996,527.9466306943876,22.391528416079144,1.5855207539357163,13.768115942028986,87.2340425531915,91.17647058823529,62.76595744680851,63.73614663256607,Watch
Rice (local),2017-11-01,-16.401002285915656,78.01931921138748,Elevated,84.39716312056737,548.4193035962534,428.5185185185185,-29.392159889413914,539.0931082882904,1.7299785815432012,2.1020474048230273,5.797101449275362,84.39716312056737,62.5,71.27659574468085,55.992715078630894,Watch
Rice (local),2017-12-01,-0.9642004500530987,78.68194211805621,High,85.81560283687944,543.1568532577281,428.5185185185185,-27.17476140907753,549.8201329951619,-1.2119017361432949,6.761804296536968,6.521739130434782,85.81560283687944,50.73529411764706,96.45390070921985,59.881634198545285,Watch
Rice (local),2018-01-01,-47.97264284245708,64.96860518036729,Elevated,74.46808510638297,336.1883989522505,267.77777777777777,-47.971495585973145,540.2889883162751,-37.77618899842318,-7.983956705980723,2.898550724637681,74.46808510638297,8.088235294117647,12.411347517730496,24.4665546607172,Low
Rice (local),2018-02-01,46.07169206316888,144.8213305784596,High,94.32624113475178,532.9292278724193,428.5185185185185,-2.8244949844504097,548.8903432515718,-2.907887809539589,3.922406780617182,40.57971014492754,94.32624113475178,42.64705882352941,79.7872340425532,64.3350610364405,Watch
Rice (local),2018-03-01,-0.9370938564106979,161.0618719663942,High,95.74468085106383,527.9585073523705,428.5185185185185,-2.7981504447935235,556.7016605843876,-5.163116129713807,0.9894012691735302,41.30434782608695,95.74468085106383,38.23529411764706,37.234042553191486,53.129591336997336,Watch
Rice (local),2018-04-01,-0.9283938714043316,106.68047952692017,High,90.78014184397163,523.0796554504996,428.5185185185185,55.5912271454654,563.7184932590678,-7.209065924663904,1.419465118745932,95.65217391304348,90.78014184397163,30.88235294117647,54.25531914893617,67.89249696178194,Watch
Rice (local),2018-05-01,-0.9198539429971397,78.11543112520926,Elevated,85.1063829787234,518.290148619754,428.5185185185185,-2.7469086863762593,572.3986648638462,-9.452942427278854,-0.3358344678372527,42.7536231884058,85.1063829787234,28.676470588235293,28.723404255319153,46.31497025267092,Low
Rice (local),2018-06-01,-41.50120505752879,64.71631059074407,Elevated,73.75886524822694,342.24373796741475,285.55555555555554,-35.176016069195725,566.8205310244767,-39.620440821217215,5.208504238121074,5.072463768115942,73.75886524822694,6.61764705882353,88.29787234042553,43.43671210389799,Low
Rice (local),2018-07-01,-14.200805176412423,128.64717861633932,High,92.90780141843972,296.9355510950813,250.0,-43.23320587963851,528.1592475675589,-43.77916273119896,1.2806072703386777,4.3478260869565215,92.90780141843972,2.941176470588235,45.744680851063826,36.485371206762075,Low
Rice (local),2018-08-01,-0.9452205437858296,97.34053535580288,High,89.36170212765957,294.1420783020382,250.0,-43.24760385946734,487.94511852311416,-39.71820454063943,-6.761458000985657,3.6231884057971016,89.36170212765957,5.88235294117647,20.56737588652482,29.85865484028949,Low
Rice (local),2018-09-01,1.9115774126361451,73.56211905853131,Elevated,83.68794326241135,299.8189175556125,257.2222222222222,-12.396083757080046,450.7770275457897,-33.48842127382877,-8.188507957488474,18.84057971014493,83.68794326241135,11.029411764705882,4.25531914893617,29.453313471549585,Low
Rice (local),2018-10-01,3.0940228835287797,62.985604555957714,Elevated,71.63120567375887,309.2403830392867,267.77777777777777,4.143940292371839,422.70023025505907,-26.84168095846795,1.5855207539357163,65.21739130434783,71.63120567375887,15.441176470588236,62.76595744680851,53.763932723875854,Watch
Rice (local),2018-11-01,-7.788809324134682,59.094682544686236,Calm,53.90070921985816,286.0683647543232,250.0,-2.7448346031690662,400.8376520182315,-28.63236192659071,2.1020474048230273,43.47826086956522,53.90070921985816,13.970588235294118,71.27659574468085,45.65653851734959,Low
Rice (local),2018-12-01,-0.9107846039936085,60.667125706163,Elevated,62.4113475177305,283.4747272857305,250.0,-5.451353904928402,379.1974748538984,-25.243508703492566,6.761804296536968,29.71014492753623,62.4113475177305,16.911764705882355,96.45390070921985,51.371789465092235,Watch
Rice (local),2019-01-01,-0.9025641325205669,57.534421333882136,Calm,39.00709219858156,280.9276976509829,250.0,-9.155558892418936,374.5924164121261,-25.0044353962824,-7.983956705980723,25.36231884057971,39.00709219858156,17.647058823529413,12.411347517730496,23.606954345105294,Low
Rice (local),2019-02-01,-2.8392042192974642,56.354899454206766,Calm,18.439716312056735,273.0637516087778,245.1851851851852,-4.545980873038458,352.93696005682267,-22.631012755134883,3.922406780617182,32.608695652173914,18.439716312056735,20.588235294117645,79.7872340425532,37.85597032522537,Low
Rice (local),2019-03-01,1.0581530214151869,56.36676086097836,Calm,19.858156028368796,275.96852531858974,250.0,-2.647926338623774,331.9377948873409,-16.861372953250775,0.9894012691735302,44.20289855072464,19.858156028368796,22.794117647058822,37.234042553191486,31.022303694835937,Low
Rice (local),2019-04-01,-0.8787695976621102,55.9951128311427,Calm,12.76595744680851,273.55402231616483,250.0,-2.6247591093630507,311.1439921261464,-12.081213444976802,1.419465118745932,44.927536231884055,12.76595744680851,25.0,54.25531914893617,34.23720320690718,Low
Rice (local),2019-05-01,-0.8711144597947751,55.78764157216929,Calm,6.382978723404255,271.18140279193824,250.0,-0.6893440838447229,290.55159664049506,-6.6666967493983265,-0.3358344678372527,52.89855072463768,6.382978723404255,32.35294117647059,28.723404255319153,30.089468719957917,Low
Rice (local),2019-06-01,-0.8635915418387263,55.71150655218979,Calm,4.25531914893617,268.8495863113699,250.0,-2.5796199037558587,284.43541733582464,-5.479567618702363,5.208504238121074,46.3768115942029,4.25531914893617,36.76470588235294,88.29787234042553,43.92367724147938,Low
Rice (local),2019-07-01,-0.8561974475403744,55.68317088088595,Calm,2.127659574468085,266.55752928457497,250.0,-2.557627547330865,281.9039155182825,-5.443835785499129,1.2806072703386777,47.10144927536232,2.127659574468085,37.5,45.744680851063826,33.11844742522356,Low
Rice (local),2019-08-01,-1.0977874883965733,55.67220593359755,Calm,1.4184397163120568,263.6472973863921,250.0,-2.778252980469542,279.36268377531195,-5.62544223034439,-6.761458000985657,42.028985507246375,1.4184397163120568,36.029411764705884,20.56737588652482,25.011053218697285,Low
Rice (local),2019-09-01,0.23865581554520787,55.69461429443067,Calm,3.546099290780142,264.27725841444345,253.3333333333333,-1.700701109367131,276.4008788468812,-4.3862452547243524,-8.188507957488474,50.72463768115942,3.546099290780142,40.44117647058824,4.25531914893617,24.741808147865992,Low
Rice (local),2019-10-01,3.4980225949365007,55.65729006143539,Calm,0.7092198581560284,273.6853254805369,265.1851851851852,2.674017955933383,273.437957383652,0.09046589553687312,1.5855207539357163,61.59420289855072,0.7092198581560284,55.14705882352941,62.76595744680851,45.054109756761164,Low
Rice (local),2019-11-01,3.5765181962108095,56.55502355825028,Calm,23.404255319148938,283.6508785946146,277.77777777777777,7.587250621009001,273.23650020367637,3.8114887224712346,2.1020474048230273,71.01449275362319,23.404255319148938,67.64705882352942,71.27659574468085,58.3356006602456,Watch
Rice (local),2019-12-01,-4.718007739898233,56.91623685762921,Calm,29.78723404255319,270.5789990327795,267.77777777777777,2.384518689252313,272.1618561825971,-0.5815866969821171,6.761804296536968,60.86956521739131,29.78723404255319,51.470588235294116,96.45390070921985,59.64532205111462,Watch
Rice (local),2020-01-01,-2.855090680402128,57.4773228673668,Calm,38.297872340425535,262.96296296296293,262.96296296296293,-3.9177703440064326,270.66479495859545,-2.845524109188524,-7.983956705980723,35.507246376811594,38.297872340425535,44.11764705882353,12.411347517730496,32.58352832344779,Low
Rice (local),2020-02-01,-2.7345337961405036,56.78186349397671,Calm,28.368794326241137,255.86957936658084,258.5185185185185,-9.794187617425987,269.23194727174564,-4.963143505283075,3.922406780617182,23.91304347826087,28.368794326241137,38.970588235294116,79.7872340425532,42.75991502058733,Low
Rice (local),2020-03-01,8.927479869786303,56.48497943883621,Calm,21.27659574468085,279.762955681808,285.55555555555554,3.39418679271406,269.5481498020139,3.789603411226161,0.9894012691735302,62.31884057971014,21.27659574468085,66.17647058823529,37.234042553191486,46.75148736645444,Low
Rice (local),2020-04-01,6.244018881174274,61.34583103176628,Elevated,65.95744680851064,297.78830452876286,307.037037037037,13.24343975037463,271.5676733197303,9.655284404252962,1.419465118745932,79.71014492753623,65.95744680851064,76.47058823529412,54.25531914893617,69.09837478006929,Watch
Rice (local),2020-05-01,8.179858004525098,60.43221683240093,Elevated,61.702127659574465,323.17094561683206,336.5537037037037,26.302996400298717,275.9001352218049,17.13330454043622,-0.3358344678372527,93.47826086956522,61.702127659574465,83.82352941176471,28.723404255319153,66.93183054905589,Watch
Rice (local),2020-06-01,2.397843070944816,61.89267128225073,Elevated,68.08510638297872,331.0137308105412,348.1481481481481,18.319357187169505,281.08048059673575,17.764751969897308,5.208504238121074,88.40579710144928,68.08510638297872,85.29411764705883,88.29787234042553,82.52072336797809,Elevated
Rice (local),2020-07-01,4.505574135276369,58.40817972717605,Calm,50.35460992907801,346.26888539830674,367.77777777777777,16.280216560641048,287.7230936062134,20.347964099197704,1.2806072703386777,85.5072463768116,50.35460992907801,88.97058823529412,45.744680851063826,67.64428134806188,Watch
Rice (local),2020-08-01,7.025339834679123,58.109555933795725,Calm,46.808510638297875,371.4703305459232,400.1185185185184,14.94546016100018,296.7083463695077,25.197128793711187,-6.761458000985657,82.6086956521739,46.808510638297875,93.38235294117648,20.56737588652482,60.84173377954326,Watch
Rice (local),2020-09-01,1.236698427534666,59.944838062336636,Elevated,60.99290780141844,376.0928225108683,410.7407407407407,13.618496003154789,306.02631004420977,22.895584519035772,-8.188507957488474,80.43478260869566,60.99290780141844,91.91176470588235,4.25531914893617,59.398693566233156,Watch
Rice (local),2020-10-01,-33.526036598218845,57.3581879157558,Calm,36.17021276595745,268.9634818873548,297.77777777777777,-22.325252649260975,305.63282307811124,-11.997841338325355,1.5855207539357163,8.695652173913043,36.17021276595745,25.735294117647058,62.76595744680851,33.34177912608151,Low
Rice (local),2020-11-01,14.600506545699066,108.0255123392619,High,91.48936170212765,311.2450925595532,349.25925925925924,-16.21266438637544,307.9323409085228,1.075805042515654,2.1020474048230273,12.318840579710146,91.48936170212765,61.76470588235294,71.27659574468085,59.21237597721789,Watch
Rice (local),2020-12-01,0.8741883429969732,88.7359428250519,High,87.94326241134752,313.9778883645894,357.037037037037,-16.515852052583092,311.548915019507,0.7796442959624228,6.761804296536968,11.594202898550725,87.94326241134752,59.55882352941176,96.45390070921985,63.887547387132464,Watch
Rice (local),2021-01-01,-1.3108997521178445,69.53418249704566,Elevated,80.85106382978722,309.888813398478,357.037037037037,15.215943526587461,315.4594025557999,-1.765865627142471,-7.983956705980723,83.33333333333334,80.85106382978722,48.529411764705884,12.411347517730496,56.281289111389235,Watch
Rice (local),2021-02-01,1.2410851555275215,61.11010058483729,Elevated,64.53900709219859,313.7587624682755,366.2037037037037,0.8076175235570471,320.28350114760775,-2.037176019355802,3.922406780617182,56.52173913043478,64.53900709219859,46.32352941176471,79.7872340425532,61.79287741923782,Watch
Rice (local),2021-03-01,8.42401960614918,57.80308610453449,Calm,41.843971631205676,341.3350732407082,403.5111111111111,8.71309282912045,325.4145109441828,4.89239470309184,0.9894012691735302,74.63768115942028,41.843971631205676,69.11764705882352,37.234042553191486,55.70833560066025,Watch
Rice (local),2021-04-01,-0.2698800163483561,61.23477508413804,Elevated,65.24822695035462,340.4151200325527,407.5314814814814,9.850728814409205,328.96674556949864,3.4801008360996866,1.419465118745932,75.36231884057972,65.24822695035462,65.44117647058823,54.25531914893617,65.07676035261468,Watch
Rice (local),2021-05-01,1.9442787787474103,57.717353785600885,Calm,41.13475177304964,347.09850020478893,420.7407407407407,10.625914468248343,330.96070845182834,4.876044600112839,-0.3358344678372527,76.81159420289855,41.13475177304964,68.38235294117648,28.723404255319153,53.763025793110955,Watch
Rice (local),2021-06-01,0.6014515788016261,56.69332091982137,Calm,26.95035460992908,349.1924202596939,428.5185185185185,2.301945400566763,332.47559923925775,5.027984326875767,5.208504238121074,60.14492753623188,26.95035460992908,69.85294117647058,88.29787234042553,61.31152391576427,Watch
Rice (local),2021-07-01,-1.215309544232479,56.051475486927416,Calm,14.184397163120568,344.97433476303013,428.5185185185185,1.3393102897548914,332.36772001965136,3.7929720559606084,1.2806072703386777,58.69565217391305,14.184397163120568,66.91176470588235,45.744680851063826,46.38412372349495,Low
Rice (local),2021-08-01,-1.558392717963386,55.84804470921029,Calm,9.219858156028367,339.6399531168193,428.5185185185185,-2.1488272301865563,329.715188567226,3.010102322771746,-6.761458000985657,47.82608695652174,9.219858156028367,63.970588235294116,20.56737588652482,35.39597730859226,Low
Rice (local),2021-09-01,-4.294785716621519,55.83077328357341,Calm,7.092198581560284,325.361944463922,416.8518518518519,-6.824453915136308,325.4876153966472,-0.038610050515153205,-8.188507957488474,27.536231884057973,7.092198581560284,54.41176470588235,4.25531914893617,23.323878580109195,Low
Rice (local),2021-10-01,-7.412840356759798,56.84430125684858,Calm,29.078014184397162,302.11563286105013,392.9629629629629,-12.423736371988515,328.2502946444551,-7.96180908587234,1.5855207539357163,18.115942028985508,29.078014184397162,30.14705882352941,62.76595744680851,35.02674312093015,Low
Rice (local),2021-11-01,1.3911138828821557,59.52511312057036,Calm,54.60992907801418,306.34777407408217,404.44444444444446,-9.802197514520994,327.8421847706658,-6.556328530942279,2.1020474048230273,23.18840579710145,54.60992907801418,33.088235294117645,71.27659574468085,45.540791478478525,Low
Rice (local),2021-12-01,-4.346849517435469,57.23038160161049,Calm,33.33333333333333,293.3165725137421,392.9629629629629,-9.849145696181228,326.1204084497619,-10.05881112806014,6.761804296536968,22.463768115942027,33.33333333333333,27.941176470588236,96.45390070921985,45.048044657270864,Low
Rice (local),2022-01-01,7.216119722147596,57.37542589240386,Calm,36.87943262411347,315.26503790672405,428.5185185185185,4.352441123667905,326.5684271587824,-3.461262115998276,-7.983956705980723,65.94202898550725,36.87943262411347,41.17647058823529,12.411347517730496,39.10231992889663,Low
Rice (local),2022-02-01,0.5856278862434117,59.86620500810735,Calm,59.57446808510638,317.11673461829093,437.2222222222222,3.515272985663853,326.8482581712837,-2.9773827180357815,3.922406780617182,63.76811594202898,59.57446808510638,41.911764705882355,79.7872340425532,61.260395693892725,Watch
Rice (local),2022-03-01,0.5431737961521854,57.23335528810673,Calm,34.04255319148936,318.84391617623874,445.824074074074,8.703000803441018,324.9739950825779,-1.886329059893388,0.9894012691735302,73.18840579710145,34.04255319148936,47.794117647058826,37.234042553191486,48.06477979721028,Low
Rice (local),2022-04-01,2.306591649229617,56.244111932326,Calm,16.312056737588655,326.28381753725444,462.59259259259255,3.4950845497147887,323.7963865413031,0.7682083863014499,1.419465118745932,63.04347826086957,16.312056737588655,58.82352941176471,54.25531914893617,48.108595889789775,Low
Rice (local),2022-05-01,-0.967180942135748,56.26771644447793,Calm,17.73049645390071,323.1432744852155,464.4444444444444,1.9004168525444287,321.8001177313386,0.41738852159098894,-0.3358344678372527,59.42028985507246,17.73049645390071,56.61764705882353,28.723404255319153,40.62295940577896,Low
Rice (local),2022-06-01,-2.6675451533800576,55.89595636265835,Calm,9.929078014184398,314.63723730710007,458.3574074074074,-1.3193536572965292,318.9205191519558,-1.343056212326954,5.208504238121074,51.449275362318836,9.929078014184398,50.0,88.29787234042553,49.91905642923219,Low
Rice (local),2022-07-01,0.49958795705986603,56.14073497328113,Calm,14.893617021276595,316.21306008597224,466.8222222222222,-3.0865022750116378,316.523746262201,-0.09815572445909249,1.2806072703386777,39.85507246376812,14.893617021276595,53.67647058823529,45.744680851063826,38.54246023108596,Low
Rice (local),2022-08-01,-2.0841288721994644,55.83925069065584,Calm,8.51063829787234,309.6909728305721,466.5888888888889,-4.162952695232058,314.0279979050137,-1.3810950308174363,-6.761458000985657,34.05797101449276,8.51063829787234,49.26470588235294,20.56737588652482,28.100172770310714,Low
Rice (local),2022-09-01,1.3926594886293664,55.94554365055889,Calm,11.347517730496454,314.0340857407971,482.6592592592592,-0.19169745179089537,313.0840096780866,0.3034572297982763,-8.188507957488474,54.347826086956516,11.347517730496454,55.88235294117647,4.25531914893617,31.4582539768914,Low
Rice (local),2022-10-01,0.5060773872205715,55.906213408639616,Calm,10.638297872340425,315.62736946068463,494.6833333333333,-0.18522025153812072,314.2099877280562,0.45109378695344926,1.5855207539357163,55.072463768115945,10.638297872340425,57.35294117647059,62.76595744680851,46.457415065933866,Low
Rice (local),2022-11-01,5.617199078132629,55.75449209941047,Calm,4.964539007092199,333.8641914909444,533.3944444444444,7.805593569431268,316.5030225127947,5.485309062869326,2.1020474048230273,71.73913043478261,4.964539007092199,71.32352941176471,71.27659574468085,54.825948649580084,Watch
Rice (local),2022-12-01,-5.2862788318664755,57.93154430049163,Calm,43.97163120567376,316.67357442627826,515.537037037037,0.8405102520176122,318.4494393388394,-0.5576599275062821,6.761804296536968,57.2463768115942,43.97163120567376,52.20588235294118,96.45390070921985,62.46944776985725,Watch
Rice (local),2023-01-01,-1.484198051852914,58.20500539048468,Calm,48.226950354609926,312.0082186057826,517.4074074074074,-1.1466530488424165,318.1780377304276,-1.9391090499691566,-7.983956705980723,52.17391304347826,48.226950354609926,47.05882352941176,12.411347517730496,39.96775861130761,Low
Rice (local),2023-02-01,13.643094388156296,56.68343301127883,Calm,26.24113475177305,357.61624604045426,603.8888888888889,7.114286334044939,321.55299701560784,11.215335997349118,3.922406780617182,70.28985507246377,26.24113475177305,79.41176470588235,79.7872340425532,63.932497143168085,Watch
Rice (local),2023-03-01,4.027206815144613,67.81416800494316,Elevated,79.43262411347519,372.3121223978197,640.0,17.56968451578018,326.00868086740627,14.203131464847662,0.9894012691735302,87.68115942028986,79.43262411347519,81.61764705882352,37.234042553191486,71.49136828644502,Elevated
Rice (local),2023-04-01,0.9623027969691833,61.43764392162738,Elevated,66.66666666666666,375.9121863418715,657.5925925925926,20.481501423791194,330.144378267791,13.862967564135452,1.419465118745932,90.57971014492753,66.66666666666666,80.88235294117648,54.25531914893617,73.0960122254267,Elevated
Rice (local),2023-05-01,5.136739835343018,57.88154754274474,Calm,42.5531914893617,395.7263620609149,704.2592592592592,10.656707138564814,336.1929688990993,17.70810179545521,-0.3358344678372527,77.53623188405797,42.5531914893617,84.55882352941177,28.723404255319153,58.34291278953765,Watch
Rice (local),2023-06-01,-0.7220809817087392,58.333784600973765,Calm,49.645390070921984,392.8791890791522,711.1111111111111,5.524146393320062,342.7131315467703,14.637915187540962,5.208504238121074,67.3913043478261,49.645390070921984,83.08823529411765,88.29787234042553,72.10570051332282,Elevated
Rice (local),2023-07-01,1.806624090637854,56.63667336953618,Calm,24.822695035460992,400.04154275117577,736.211111111111,6.418881133946508,349.69883843553725,14.396017024494224,1.2806072703386777,69.56521739130434,24.822695035460992,82.35294117647058,45.744680851063826,55.621383613574935,Watch
Rice (local),2023-08-01,7.2650051405033444,56.258308155818455,Calm,17.02127659574468,430.18633412446127,813.6185185185185,8.708030439034008,359.74011854336135,19.582529706819084,-6.761458000985657,73.91304347826086,17.02127659574468,88.23529411764706,20.56737588652482,49.93424751954436,Low
Rice (local),2023-09-01,1.334668270166084,59.527243376725934,Calm,55.319148936170215,435.9663810531674,846.7759259259259,10.967033421903793,369.9011431527256,17.86024161411275,-8.188507957488474,78.26086956521739,55.319148936170215,86.02941176470588,4.25531914893617,55.96618735375741,Watch
Rice (local),2023-10-01,-7.631388125109861,57.21952779592154,Calm,32.62411347517731,403.9339002969757,805.1518518518517,0.9729883349192558,377.2600207224165,7.0704230794138345,1.5855207539357163,57.971014492753625,32.62411347517731,73.52941176470588,62.76595744680851,56.72262429486133,Watch
Rice (local),2023-11-01,2.5389236716310215,59.860652690255485,Calm,58.86524822695035,414.320773142325,846.9777777777778,-3.6880671754547345,383.96473586003157,7.90594407434313,2.1020474048230273,36.95652173913043,58.86524822695035,75.0,71.27659574468085,60.52459142769041,Watch
Rice (local),2023-12-01,-5.204625962094589,57.68485792382477,Calm,40.42553191489361,393.3084753548512,824.074074074074,-9.784677799069541,390.35097760407933,0.7576509142937393,6.761804296536968,24.637681159420293,40.42553191489361,58.08823529411765,96.45390070921985,54.90133726941285,Watch
Rice (local),2024-01-01,12.20525839256874,58.06166945505057,Calm,46.09929078014184,444.3652291509549,953.7037037037036,10.009392334798783,401.3807284828437,10.709159064658103,-7.983956705980723,76.08695652173914,46.09929078014184,78.67647058823529,12.411347517730496,53.31851635196169,Watch
Rice (local),2024-02-01,12.986193677182278,66.08925123221837,Elevated,77.30496453900709,505.9858726540308,1111.75,22.124186247407284,413.74486403397503,22.29417610667459,3.922406780617182,91.30434782608695,77.30496453900709,90.44117647058823,79.7872340425532,84.70943071955887,Elevated
Rice (local),2024-03-01,8.683605892918234,69.8696538266777,Elevated,81.56028368794325,551.8878239649454,1240.7407407407406,40.31933165615629,428.7095058312355,28.732350567985755,0.9894012691735302,94.20289855072464,81.56028368794325,95.58823529411765,37.234042553191486,77.14636502149426,Elevated
Rice (local),2024-04-01,-1.2029264904965586,65.90072156578042,Elevated,76.59574468085107,545.2887894745802,1253.7037037037037,22.71184910584907,442.82422275896124,23.138880271098582,1.419465118745932,92.02898550724638,76.59574468085107,92.64705882352942,54.25531914893617,78.88177704014076,Elevated
Rice (local),2024-05-01,-1.2776624148254534,59.617661485303536,Calm,56.73758865248227,538.3661576634285,1265.2333333333331,6.399444482422889,454.7108723925041,18.397467566756042,-0.3358344678372527,68.84057971014492,56.73758865248227,87.5,28.723404255319153,60.45039315448659,Watch
Rice (local),2024-06-01,2.6425677598052033,57.18010980456909,Calm,31.914893617021278,552.7824899294644,1327.2944444444445,0.16211011108950846,468.0361474633633,18.106794298988383,5.208504238121074,55.79710144927537,31.914893617021278,86.76470588235294,88.29787234042553,65.69364332226877,Watch
Rice (local),2024-07-01,10.091538682854928,56.72918099422588,Calm,27.659574468085108,611.478615250912,1499.4037037037035,12.13849010908692,485.6559035050081,25.907790029490773,1.2806072703386777,78.98550724637681,27.659574468085108,94.11764705882352,45.744680851063826,61.62685240608732,Watch
Rice (local),2024-08-01,4.616706532944459,62.816652137547905,Elevated,70.92198581560284,640.370585663335,1600.359259259259,18.947035683412494,503.1712577999142,27.2669246775574,-6.761458000985657,89.13043478260869,70.92198581560284,94.85294117647058,20.56737588652482,68.86818441530174,Watch
Rice (local),2024-09-01,-1.1943604618519288,59.82081914894173,Calm,58.156028368794324,632.767745614951,1611.111111111111,14.469571150072568,519.5713715133961,21.786491771445938,-8.188507957488474,81.88405797101449,58.156028368794324,89.70588235294117,4.25531914893617,58.50032196042153,Watch
Rice (local),2024-10-01,-11.616603641165302,57.24524982225847,Calm,34.751773049645394,563.3704517977108,1460.905555555555,-7.8675136387984175,532.857750805124,5.726237620919172,1.5855207539357163,26.08695652173913,34.751773049645394,72.05882352941177,62.76595744680851,48.9158776369012,Low
Rice (local),2024-11-01,-0.3983524835845742,64.49840016915586,Elevated,72.3404255319149,561.1307155953517,1481.4814814814813,-12.37406461852113,545.0919126762096,2.942403390356163,2.1020474048230273,19.565217391304348,72.3404255319149,63.23529411764706,71.27659574468085,56.60438319638679,Watch
Rice (local),2024-12-01,0.7040202221684666,58.99455221798058,Calm,52.4822695035461,565.0951280641979,1518.5185185185185,-10.694700862950269,559.4074670686551,1.0167295451643854,6.761804296536968,21.014492753623188,52.4822695035461,60.29411764705882,96.45390070921985,57.561195153361986,Watch
Rice (local),2025-01-01,-4.621376589999304,56.91743113007717,Calm,30.49645390070922,539.5742050362597,1475.309259259259,-4.223907499145074,567.3415483924306,-4.894290473674978,-7.983956705980723,33.33333333333333,30.49645390070922,39.705882352941174,12.411347517730496,28.98675427617855,Low
Rice (local),2025-02-01,-1.2875479796337075,57.42000977663381,Calm,37.5886524822695,532.6714616869315,1481.4814814814813,-5.0717690401647975,569.5653474785057,-6.4775509877673105,3.922406780617182,31.88405797101449,37.5886524822695,33.82352941176471,79.7872340425532,45.770868476900475,Low
Rice (local),2025-03-01,-5.628534076124048,56.36030616953388,Calm,19.148936170212767,503.51801888212464,1424.074074074074,-10.896768725119454,565.5345303882706,-10.965999098864609,0.9894012691735302,20.28985507246377,19.148936170212767,26.47058823529412,37.234042553191486,25.785855507790536,Low
Rice (local),2025-04-01,1.6762986022565762,57.882132982266846,Calm,43.262411347517734,512.0296250514991,1472.2222222222222,-5.10487338491461,562.7629333530139,-9.015040844861467,1.419465118745932,30.434782608695656,43.262411347517734,29.411764705882355,54.25531914893617,39.34106945275798,Low
Rice (local),2025-05-01,-12.111452177180926,56.68218474440155,Calm,25.53191489361702,453.6236833504789,1325.6185185185184,-14.839874861347745,555.7010604936014,-18.36911685078525,-0.3358344678372527,14.492753623188406,25.53191489361702,22.058823529411764,28.723404255319153,22.701724075384085,Low
Rice (local),2025-06-01,-6.731728496155931,65.00175978234036,Elevated,75.177304964539,424.0921124835936,1259.2592592592591,-15.774193458829311,544.9768623731121,-22.181629760045873,5.208504238121074,13.043478260869565,75.177304964539,21.323529411764707,88.29787234042553,49.4605462443997,Low
Rice (local),2025-07-01,-12.17057093061209,61.90141041668074,Elevated,68.79432624113475,375.4949298644915,1132.6148148148147,-26.66538975616405,525.3115552575771,-28.519575458344082,1.2806072703386777,7.246376811594203,68.79432624113475,14.705882352941178,45.744680851063826,34.12281656418349,Low
Rice (local),2025-08-01,-0.8472511898963475,66.78640831590934,Elevated,78.72340425531915,372.32698378413215,1123.0592592592593,-17.921617091481366,502.9745884343102,-25.974991113739133,-6.761458000985657,10.144927536231885,78.72340425531915,16.176470588235293,20.56737588652482,31.40304456657779,Low
Rice (local),2025-09-01,-1.0695927414417383,59.93565837451463,Calm,60.28368794326241,368.3658232976052,1111.111111111111,-13.140138084540364,480.9410949078647,-23.407288917954883,-8.188507957488474,16.666666666666664,60.28368794326241,19.852941176470587,4.25531914893617,25.264653733833953,Low
Rice (local),2025-10-01,-11.70020906733118,57.27295381506769,Calm,35.46099290780142,327.6920969751613,988.425925925926,-12.730620066316545,461.30123200598564,-28.963533101747863,1.5855207539357163,17.391304347826086,35.46099290780142,13.23529411764706,62.76595744680851,32.213387205020766,Low
Rice (local),2025-11-01,-7.066774268874898,64.62099585354945,Elevated,73.04964539007092,305.3341333301132,920.987037037037,-17.993015110841405,439.9848501505491,-30.60348936431848,2.1020474048230273,9.420289855072465,73.04964539007092,12.5,71.27659574468085,41.56163274745606,Low
Rice (local),2025-12-01,-11.399848106445987,62.034854246429845,Elevated,70.2127659574468,272.4372234805205,821.7592592592591,-26.041666666666664,415.5966914352427,-34.446729462722146,6.761804296536968,7.971014492753622,70.2127659574468,10.294117647058822,96.45390070921985,46.23294970161977,Low
Rice (local),2026-01-01,-0.8486613877318305,65.79971744794162,Elevated,75.88652482269504,270.13493708491046,814.8148148148148,-17.564402810304458,393.1434191059636,-31.28844997603756,-7.983956705980723,10.869565217391305,75.88652482269504,11.76470588235294,12.411347517730496,27.733035860042445,Low
Rice (local),2026-02-01,4.846976652724244,59.538810364149434,Calm,56.02836879432624,283.5508203694093,855.2814814814815,-7.134254111430383,372.38336566283664,-23.85513250177188,3.922406780617182,26.811594202898554,56.02836879432624,18.38235294117647,79.7872340425532,45.252387495238615,Low
Rice (local),2026-03-01,4.323474711486419,58.74046435445231,Calm,51.06382978723404,296.07894201976086,893.0703703703703,8.677859154929601,355.0967759243063,-16.620211138477337,0.9894012691735302,72.46376811594203,51.06382978723404,23.52941176470588,37.234042553191486,46.072763055268354,Low
Rice (local),2026-04-01,5.984538448509369,58.120796293171864,Calm,47.5177304964539,314.3388358806231,948.148148148148,16.36363636363636,338.6225434934,-7.171320421332251,1.419465118745932,86.23188405797102,47.5177304964539,31.61764705882353,54.25531914893617,54.90564519054615,Watch
Rice (local),2026-05-01,12.038381735644155,59.05402624298025,Calm,53.191489361702125,354.552104923945,1069.4444444444443,25.040056121874542,330.36657862452216,7.3208150776386205,-0.3358344678372527,92.7536231884058,53.191489361702125,74.26470588235294,28.723404255319153,62.233305671945004,Watch
Rice (local),2026-06-01,0.4319661144515763,66.17031601600789,Elevated,78.01418439716312,356.08696252101834,1074.074074074074,20.26757461773572,324.6994827943076,9.666624491235876,5.208504238121074,89.85507246376811,78.01418439716312,77.20588235294117,88.29787234042553,83.34325288857448,Elevated
Rice (local),2026-07-01,-27.625337662815763,59.6832100695891,Calm,57.446808510638306,270.13493708491046,814.8148148148148,-14.0625,315.9194833960091,-14.492473151365326,1.2806072703386777,15.217391304347828,57.446808510638306,24.264705882352942,45.744680851063826,35.66839663710073,Low
Sorghum,2014-06-01,31.907477246478244,163.69427841564953,High,100.0,169.2456524628117,,,,,12.55920876115569,,100.0,,95.90163934426229,97.95081967213115,Alert
Sorghum,2014-07-01,24.151676449495874,153.92638473575713,High,99.18032786885246,215.4799765281099,,,,,-4.100368861889122,,99.18032786885246,,28.688524590163933,63.9344262295082,Watch
Sorghum,2016-01-01,158.1482484896754,144.83079774197313,High,98.36065573770492,1047.697809703477,629.6296296296296,,,,-11.543494954648002,,98.36065573770492,,12.295081967213115,55.32786885245902,Watch
Sorghum,2016-02-01,-8.331417345208791,136.36677273341252,High,97.54098360655738,963.9469869699246,,469.55494746414973,,,5.234861786693578,100.0,97.54098360655738,,78.68852459016394,92.07650273224044,Alert
Sorghum,2016-03-01,-9.089150379299316,128.49619381202706,High,96.72131147540983,880.1961642363722,,308.4816503224134,,,3.411161125971784,99.15966386554622,96.72131147540983,,61.47540983606557,85.78546172567388,Alert
Sorghum,2016-11-01,-143.21348998920317,121.18338344203171,High,95.90163934426229,210.1895823679527,142.96296296296296,-79.93795726007662,581.1260287114413,-63.83063707643311,-0.3890877977035623,0.8403361344537815,95.90163934426229,0.8547008547008548,44.67213114754098,35.56720187023947,Low
Sorghum,2016-12-01,4.980519579552922,114.39492042267965,High,95.08196721311475,220.9231917440157,152.2222222222222,-77.08139610058156,529.6684805732377,-58.29028914370742,5.009942979418007,1.680672268907563,95.08196721311475,1.7094017094017095,70.08196721311475,42.13850210113469,Low
Sorghum,2017-01-01,4.166624763542082,108.09946570216529,High,94.26229508196722,230.3226933249933,160.74074074074073,-73.83279970041528,492.2502571672071,-53.210244185457576,-11.543494954648002,2.5210084033613445,94.26229508196722,2.564102564102564,12.295081967213115,27.910622004161063,Low
Sorghum,2017-02-01,-4.066289526647804,102.26759566871633,High,93.44262295081968,221.1449667924613,156.29629629629628,5.2121443418305935,462.1274471255687,-52.14632496555176,5.234861786693578,65.54621848739495,93.44262295081968,3.418803418803419,78.68852459016394,60.274042361795495,Watch
Sorghum,2017-03-01,-5.358454951297009,96.87164276669267,High,92.62295081967213,209.60690493471424,150.0,-5.122272007736372,436.8753929064833,-52.02135246386324,3.411161125971784,46.21848739495798,92.62295081967213,4.273504273504273,61.47540983606557,51.14758808104999,Watch
Sorghum,2017-04-01,8.635872204547468,91.88554359495318,High,91.80327868852459,228.5128893644597,165.55555555555554,-0.7857688421435305,417.93334712993567,-45.32312605976021,2.393381000376717,52.94117647058824,91.80327868852459,5.982905982905983,52.86885245901639,50.89905340025879,Watch
Sorghum,2017-05-01,-7.446692575356018,87.28469490664558,High,90.98360655737704,212.1143872344066,155.55555555555554,-4.083556451243886,400.78176713864156,-47.07484106655223,12.552380339694288,47.89915966386555,90.98360655737704,5.128205128205128,87.29508196721312,57.826513329165216,Watch
Sorghum,2017-06-01,4.355297232462263,83.04581822068958,High,90.1639344262295,221.5567277484059,164.44444444444443,5.701063530046224,405.14102341244114,-45.313677227186886,12.55920876115569,67.22689075630252,90.1639344262295,6.837606837606838,95.90163934426229,65.03251784110029,Watch
Sorghum,2017-07-01,48.12277286278919,79.14683400714205,High,89.34426229508196,358.4920171900687,269.25925925925924,56.880436017026014,417.0586934676043,-14.042789946562973,-4.100368861889122,95.7983193277311,89.34426229508196,37.60683760683761,28.688524590163933,62.85948595495365,Watch
Sorghum,2017-08-01,5.905576983884675,75.56674659930178,High,88.52459016393442,380.30066455358696,288.5185185185185,79.29036757573569,361.4422647051135,5.217541413940419,-11.361111069238708,98.31932773109243,88.52459016393442,64.95726495726495,20.491803278688526,68.07324653274507,Watch
Sorghum,2017-09-01,-23.33937466134426,72.285541076865,High,87.70491803278688,301.1379350509556,230.74074074074076,35.919111151036695,306.2081770451994,-1.6558153486199712,-12.600785927554801,88.23529411764706,87.70491803278688,61.53846153846154,4.098360655737705,60.394258586158294,Watch
Sorghum,2017-10-01,-9.698890776627067,69.2840933303362,High,86.88524590163934,273.30257314927314,211.48148148148147,-23.76327503985367,255.63371112127444,6.911788727119972,-1.166087382275867,12.605042016806722,86.88524590163934,67.52136752136752,36.885245901639344,50.97422533536323,Watch
Sorghum,2017-11-01,-23.244169738216325,66.54409431616455,High,86.0655737704918,216.6185149036195,169.25925925925924,-43.04019553636712,256.1694554992467,-15.439366304833902,-0.3890877977035623,3.361344537815126,86.0655737704918,35.04273504273504,44.67213114754098,42.28544612464573,Low
Sorghum,2017-12-01,-10.604687516403732,64.04798916328818,High,85.24590163934425,194.8228989645265,153.7037037037037,-35.30443152850853,253.99443110095595,-23.296389562537435,5.009942979418007,7.563025210084033,85.24590163934425,28.205128205128204,70.08196721311475,47.77400556691781,Low
Sorghum,2018-01-01,-21.478254813733866,61.77893127896225,Elevated,84.42622950819673,157.16691403300229,125.18518518518518,-42.4934378692584,247.8981161599567,-36.60019831228162,-11.543494954648002,4.201680672268908,84.42622950819673,14.529914529914532,12.295081967213115,28.863226669398323,Low
Sorghum,2018-02-01,31.382377778265536,59.72075098663749,Elevated,83.60655737704919,215.10626570131365,172.96296296296296,-0.6981163189022532,247.39489106902772,-13.051451963373385,5.234861786693578,54.621848739495796,83.60655737704919,39.31623931623932,78.68852459016394,64.05829250573706,Watch
Sorghum,2018-03-01,9.620368693288484,57.85793755459654,Elevated,82.78688524590164,236.8284056317029,192.2222222222222,21.560867275065434,249.66334946044344,-5.140900278907012,3.411161125971784,82.35294117647058,82.78688524590164,56.41025641025641,61.47540983606557,70.75637316717355,Elevated
Sorghum,2018-04-01,-0.9283938714044204,56.17563282686149,Elevated,81.9672131147541,234.6398800162569,192.2222222222222,49.293432055926644,250.17393201475988,-6.209300814597462,2.393381000376717,94.11764705882352,81.9672131147541,52.991452991452995,52.86885245901639,70.48629140601176,Elevated
Sorghum,2018-05-01,-0.9198539429971397,54.659634119122224,Elevated,81.14754098360656,232.49143226763377,192.2222222222222,8.082129318566821,251.8720191008621,-7.694616854390402,12.552380339694288,69.74789915966386,81.14754098360656,48.717948717948715,87.29508196721312,71.72711770710808,Elevated
Sorghum,2018-06-01,-51.80153923013462,53.29640366002589,Elevated,80.32786885245902,138.4955204226114,115.55555555555554,-41.52073098951278,244.9502518237126,-43.459735439551714,12.55920876115569,5.88235294117647,80.32786885245902,7.6923076923076925,95.90163934426229,47.45104220755137,Low
Sorghum,2018-07-01,-0.9032369073325164,52.07308169465043,Elevated,79.50819672131148,137.2502102839487,115.55555555555554,-41.506017530166076,226.5134345815359,-39.40747464383,-4.100368861889122,6.722689075630252,79.50819672131148,8.547008547008547,28.688524590163933,30.866604733528554,Low
Sorghum,2018-08-01,-0.9452205437858296,50.977500426045246,Elevated,78.68852459016394,135.95900508183098,115.55555555555554,-41.52085358340387,206.1516296255563,-34.04902724815698,-11.361111069238708,5.042016806722689,78.68852459016394,19.65811965811966,20.491803278688526,30.9701160834237,Low
Sorghum,2018-09-01,-1.902560810724374,49.99819625424539,Elevated,77.8688524590164,133.39675381524015,114.44444444444444,-3.681539007047052,192.1731978559133,-30.585141266547623,-12.600785927554801,49.57983193277311,77.8688524590164,24.786324786324787,4.098360655737705,39.083342458463,Low
Sorghum,2018-10-01,-14.419614902844913,49.124418206841945,Elevated,77.04918032786885,115.48396047110292,100.0,-15.858809810065056,179.02164679939912,-35.491622082715345,-1.166087382275867,23.52941176470588,77.04918032786885,16.23931623931624,36.885245901639344,38.42578855838258,Low
Sorghum,2018-11-01,-8.216058182170283,48.346131021682694,Elevated,76.22950819672131,106.37505119012611,92.96296296296296,-21.759466299344332,169.83469148994135,-37.36553453425251,-0.3890877977035623,16.80672268907563,76.22950819672131,11.965811965811966,44.67213114754098,37.418543499787475,Low
Sorghum,2018-12-01,2.612084584380714,47.65401193152769,Elevated,75.40983606557377,109.19026532487398,96.29629629629628,-18.146235045489277,162.69863868663697,-32.888027701830936,5.009942979418007,20.168067226890756,75.40983606557377,22.22222222222222,70.08196721311475,46.97052318195038,Low
Sorghum,2019-01-01,-10.584580673805277,47.039440779095706,Elevated,74.59016393442623,98.22356020668968,87.41,-14.946145069844775,157.78669253444426,-37.74914815123091,-11.543494954648002,26.05042016806723,74.59016393442623,10.256410256410255,12.295081967213115,30.798019081529212,Low
Sorghum,2019-02-01,-2.5323589427045157,46.494483595617915,Elevated,73.77049180327869,95.76741752607973,85.99,-9.971918739749574,147.8417885198414,-35.223039111687235,5.234861786693578,36.134453781512605,73.77049180327869,18.803418803418804,78.68852459016394,51.849222244593506,Watch
Sorghum,2019-03-01,1.4839767032139406,46.011870180362784,Elevated,72.95081967213115,97.1991809341553,88.05277777777778,-10.981825490616393,136.20601979504576,-28.6381166703098,3.411161125971784,32.773109243697476,72.95081967213115,26.495726495726498,61.47540983606557,48.423766311905176,Low
Sorghum,2019-04-01,0.3035256323828506,45.584966506206925,Elevated,72.1311475409836,97.49465355348116,89.1,-0.7420894250571908,124.7772509231478,-21.865041237741657,2.393381000376717,53.78151260504202,72.1311475409836,29.914529914529915,52.86885245901639,52.174010629892976,Watch
Sorghum,2019-05-01,-4.930454156320074,45.2077429486787,Elevated,71.31147540983606,92.80430228879663,85.55555555555554,-3.0940744919598195,113.13665675824471,-17.971500176901223,12.552380339694288,51.26050420168067,71.31147540983606,32.47863247863248,87.29508196721312,60.58642351434058,Watch
Sorghum,2019-06-01,-2.627102335292708,44.87473940673774,Elevated,70.49180327868852,90.39798490133502,84.06,-6.997174222514834,109.12852879813835,-17.163746366864665,12.55920876115569,40.33613445378151,70.49180327868852,33.33333333333333,95.90163934426229,60.015727602516414,Watch
Sorghum,2019-07-01,7.604375956531939,44.581028370400404,Elevated,69.67213114754098,97.5403107159852,91.48148148148148,0.04683042694131334,105.81937050080806,-7.823765862186494,-4.100368861889122,59.66386554621849,69.67213114754098,47.863247863247864,28.688524590163933,51.47194228679281,Watch
Sorghum,2019-08-01,-11.929823214148438,44.322176916273634,Elevated,68.85245901639344,86.57122656979573,82.09,-6.716365044806083,101.70372229147178,-14.878998900657702,-11.361111069238708,42.016806722689076,68.85245901639344,35.8974358974359,20.491803278688526,41.814626228801735,Low
Sorghum,2019-09-01,-2.688357022594978,44.09420849753467,Elevated,68.0327868852459,84.27488810925323,80.785,-6.773488146627226,97.61023348263954,-13.661831242067535,-12.600785927554801,41.17647058823529,68.0327868852459,38.46153846153847,4.098360655737705,37.942289147689344,Low
Sorghum,2019-10-01,0.9598076235406872,43.893565259100384,Elevated,67.21311475409836,85.0876591898823,82.445,-12.766671988940182,95.07720837587117,-10.506775868404683,-1.166087382275867,30.252100840336134,67.21311475409836,43.58974358974359,36.885245901639344,44.48505127145435,Low
Sorghum,2019-11-01,1.3334593983624465,43.71707146606576,Elevated,66.39344262295081,86.22986709276285,84.44444444444444,-0.3943105470010533,93.3984430344242,-7.675262786788862,-0.3890877977035623,57.98319327731093,66.39344262295081,49.572649572649574,44.67213114754098,54.65535415511307,Watch
Sorghum,2019-12-01,-5.536665919274331,43.56189849479707,Elevated,65.57377049180327,81.58536900296808,80.74074074074073,-3.191364790420703,91.09803500759871,-10.44222963078968,5.009942979418007,50.42016806722689,65.57377049180327,44.44444444444444,70.08196721311475,57.63008755414734,Watch
Sorghum,2020-01-01,3.64025184769865,43.42553170958602,Elevated,64.75409836065575,84.61,84.61,-0.5613730527200822,89.96357165704126,-5.950821603048528,-11.543494954648002,56.30252100840336,64.75409836065575,53.84615384615385,12.295081967213115,46.79946379560652,Low
Sorghum,2020-02-01,1.0867196878961316,43.30573943621328,Elevated,63.934426229508205,85.5344877248163,86.42,-0.806425188152593,89.11082750693596,-4.013361655564573,5.234861786693578,52.10084033613446,63.934426229508205,58.119658119658126,78.68852459016394,63.21086231886618,Watch
Sorghum,2020-03-01,13.575658338121066,43.20054415018265,Elevated,63.114754098360656,97.9714630792324,100.0,20.08459883985838,89.17518435235905,9.864043220944163,3.411161125971784,79.83193277310924,63.114754098360656,74.35897435897436,61.47540983606557,69.69526776662745,Watch
Sorghum,2020-04-01,7.457119511848553,43.108195921128356,Elevated,62.295081967213115,105.55661439462892,108.835,24.756665163253654,89.8470144224547,17.484832493496903,2.393381000376717,84.03361344537815,62.295081967213115,82.90598290598291,52.86885245901639,70.52588269439764,Elevated
Sorghum,2020-05-01,-1.978833197040597,43.0271480949592,Elevated,61.47540983606557,103.48835624667146,107.77388888888888,20.990209913475823,90.7373522522776,14.052651612471735,12.552380339694288,81.5126050420168,61.47540983606557,78.63247863247864,87.29508196721312,77.22889386944354,Elevated
Sorghum,2020-06-01,10.776221648804274,42.956035150828136,Elevated,60.65573770491803,115.26355891769909,121.23,17.650135350619458,92.80948342030793,24.19372963827737,12.55920876115569,76.47058823529412,60.65573770491803,89.74358974358975,95.90163934426229,80.69288875701605,Elevated
Sorghum,2020-07-01,26.066458511001045,42.89365263673766,Calm,59.83606557377049,149.58815849206852,158.88,41.71367597375315,97.14680406831489,53.98155392417869,-4.100368861889122,91.59663865546219,59.83606557377049,97.43589743589743,28.688524590163933,69.38928156382352,Watch
Sorghum,2020-08-01,10.185050971352805,42.838939066461705,Calm,59.01639344262295,165.6266928478232,178.4,60.04379512323186,103.73475959148385,59.663639748214536,-11.361111069238708,96.63865546218487,59.01639344262295,99.14529914529915,20.491803278688526,68.82303783219886,Watch
Sorghum,2020-09-01,6.078945946215875,42.79095964650361,Calm,58.19672131147541,176.0073714004875,192.2222222222222,52.69992793313014,111.37913319908671,58.025445471801106,-12.600785927554801,94.9579831932773,58.19672131147541,98.29059829059828,4.098360655737705,63.88591586277217,Watch
Sorghum,2020-10-01,-22.215333077542443,42.74889169664638,Calm,57.377049180327866,140.9453950671681,156.04500000000002,-5.777705609871964,116.03394452219385,21.469105999589132,-1.166087382275867,44.537815126050425,57.377049180327866,88.03418803418803,36.885245901639344,56.70857456055141,Watch
Sorghum,2020-11-01,-2.8579627968054133,42.71201162347023,Calm,56.557377049180324,136.97424540001546,153.7037037037037,-17.29941409512622,120.2626427144649,13.895921716295812,-0.3890877977035623,21.008403361344538,56.557377049180324,77.77777777777779,44.67213114754098,50.003922333960915,Watch
Sorghum,2020-12-01,-1.9900153572113055,42.67968331100414,Calm,55.73770491803278,134.27537986602772,152.69,-23.71036576616029,124.6534769530532,7.718920601467305,5.009942979418007,13.445378151260504,55.73770491803278,70.08547008547008,70.08196721311475,52.33763009196953,Watch
Sorghum,2021-01-01,5.155640665291461,42.6513477972992,Calm,54.91803278688525,141.37969896171245,162.89,0.3081362781220065,129.38428519986257,9.271152013028727,-11.543494954648002,60.50420168067227,54.91803278688525,72.64957264957265,12.295081967213115,50.09172227108582,Watch
Sorghum,2021-02-01,2.1031146655110966,42.62651411071088,Calm,54.09836065573771,144.3845632597374,168.5185185185185,5.4100081647327825,134.288458161106,7.518222516576278,5.234861786693578,66.38655462184873,54.09836065573771,69.23076923076923,78.68852459016394,67.1010522746299,Watch
Sorghum,2021-03-01,8.353460010560365,42.60475114997575,Calm,53.278688524590166,156.96375490472045,185.55555555555557,16.89689879211653,139.20448247989665,12.757687186824974,3.411161125971784,75.63025210084034,53.278688524590166,76.92307692307693,61.47540983606557,66.82685684614324,Watch
Sorghum,2021-04-01,2.08768293986088,42.58568049934226,Calm,52.459016393442624,160.27510541958983,191.875,13.3650068550468,143.76435673197673,11.484591217831873,2.393381000376717,73.10924369747899,52.459016393442624,76.06837606837607,52.86885245901639,63.62637215457851,Watch
Sorghum,2021-05-01,-2.227589979814404,42.56897007905762,Calm,51.63934426229508,156.74430511008515,190.0,8.560293130584506,148.20235247059455,5.763709210476575,12.552380339694288,70.58823529411765,51.63934426229508,65.8119658119658,87.29508196721312,68.83365683389792,Watch
Sorghum,2021-06-01,13.45735521567164,42.55432854053086,Calm,50.81967213114754,179.32313466407973,220.06,14.244931750601776,153.5406504494596,16.79195974430683,12.55920876115569,73.94957983193278,50.81967213114754,81.19658119658119,95.90163934426229,75.46686812598095,Elevated
Sorghum,2021-07-01,5.4319893998316715,42.54150032345068,Calm,50.0,189.33336436864656,235.1851851851852,18.130238550137957,156.85275093917446,20.707710406728964,-4.100368861889122,78.15126050420169,50.0,87.17948717948718,28.688524590163933,61.004818068463194,Watch
Sorghum,2021-08-01,-2.0866358623128356,42.530261300366945,Calm,49.18032786885246,185.4235996249161,233.9461111111111,18.29686539149784,158.50249317059885,16.984658042786506,-11.361111069238708,78.99159663865547,49.18032786885246,82.05128205128204,20.491803278688526,57.678752459369626,Watch
Sorghum,2021-09-01,-0.6391937765943823,42.520414942108715,Calm,48.36065573770492,184.24216337175807,236.05,2.7431088113047952,159.1887258348714,15.738198421711669,-12.600785927554801,63.86554621848739,48.36065573770492,80.34188034188034,4.098360655737705,49.16661073845259,Low
Sorghum,2021-10-01,-3.4187961953359824,42.5117889434914,Calm,47.540983606557376,178.0497553426811,231.59,-5.959651677659627,162.28075585783083,9.717109956441794,-1.166087382275867,42.857142857142854,47.540983606557376,73.50427350427351,36.885245901639344,50.19691146740327,Watch
Sorghum,2021-11-01,-12.313600790479295,42.50423225606205,Calm,46.72131147540984,157.4215167506452,207.83,-15.101682272868654,163.98469513704995,-4.002311545549775,-0.3890877977035623,25.210084033613445,46.72131147540984,58.97435897435898,44.67213114754098,43.89447140773082,Low
Sorghum,2021-12-01,-1.8492215169653825,42.49761248001164,Calm,45.90163934426229,154.53719513212235,207.037037037037,-16.12278519531817,165.67317974255783,-6.721658042502632,5.009942979418007,22.689075630252102,45.90163934426229,52.13675213675214,70.08196721311475,47.702358581095325,Low
Sorghum,2022-01-01,3.309510458352616,42.49181357268254,Calm,45.08196721311475,159.73719237841956,217.12,-10.28508179020886,167.20297086061677,-4.465099180815879,-11.543494954648002,34.45378151260504,45.08196721311475,57.26495726495726,12.295081967213115,37.27394698947254,Low
Sorghum,2022-02-01,-0.5721145110737069,42.48673383627932,Calm,44.26229508196721,158.82592196198738,218.98,0.8921304027115662,168.4064174191376,-5.688913524777295,5.234861786693578,61.34453781512605,44.26229508196721,54.700854700854705,78.68852459016394,59.74905304702797,Watch
Sorghum,2022-03-01,3.5308643044989374,42.48228415098997,Calm,43.44262295081967,164.53402949998116,230.06,6.468885603438035,169.03727363540932,-2.664053932354027,3.411161125971784,68.0672268907563,43.44262295081967,60.68376068376068,61.47540983606557,58.41725509035056,Watch
Sorghum,2022-04-01,0.03857819230050907,42.47838642434317,Calm,42.62295081967213,164.597515999466,233.36,3.04270004291316,169.39747451706566,-2.833547862082264,2.393381000376717,64.70588235294117,42.62295081967213,59.82905982905983,52.86885245901639,55.00668636517238,Watch
Sorghum,2022-05-01,-4.268795746392939,42.47497223052593,Calm,41.80327868852459,157.71904272491142,226.685,-0.696913465637472,169.47870265163453,-6.938724301480659,12.552380339694288,55.46218487394958,41.80327868852459,50.427350427350426,87.29508196721312,58.74697398925943,Watch
Sorghum,2022-06-01,-4.674029008067482,42.47198161674731,Calm,40.98360655737705,150.5168366636784,219.27,-8.5193275086625,167.07817781826776,-9.912330485554655,12.55920876115569,38.655462184873954,40.98360655737705,45.2991452991453,95.90163934426229,55.209963346414646,Watch
Sorghum,2022-07-01,3.1336737070374987,42.469362056278115,Calm,40.16393442622951,155.30822434155414,229.28,-5.643640246637737,164.24274948267671,-5.43982925837766,-4.100368861889122,45.378151260504204,40.16393442622951,55.55555555555556,28.688524590163933,42.4465414581133,Low
Sorghum,2022-08-01,-8.264926366430192,42.467067530353425,Calm,39.34426229508197,142.98824482461634,215.43,-9.33989811616348,160.70646991598508,-11.02520956413986,-11.361111069238708,37.81512605042017,39.34426229508197,42.73504273504273,20.491803278688526,35.09655858980835,Low
Sorghum,2022-09-01,1.1860770489600547,42.46505772318008,Calm,38.52459016393443,144.69429310250223,222.39,-3.8683669483343675,157.41081406021377,-8.078556123118164,-12.600785927554801,48.739495798319325,38.52459016393443,47.008547008547005,4.098360655737705,34.59274840663461,Low
Sorghum,2022-10-01,-7.744277453878556,42.46329731617487,Calm,37.704918032786885,133.91167205095883,209.88,-13.776831446826643,153.73264045257022,-12.893142499381305,-1.166087382275867,28.57142857142857,37.704918032786885,41.02564102564102,36.885245901639344,36.046808382873955,Low
Sorghum,2022-11-01,-0.850802286785246,42.4617553693797,Calm,36.885245901639344,132.77718146228378,212.13,-7.141190784499141,151.67894584520678,-12.461692872135899,-0.3890877977035623,39.49579831932773,36.885245901639344,41.88034188034188,44.67213114754098,40.73337931221249,Low
Sorghum,2022-12-01,-1.9848377740250278,42.46040477916672,Calm,36.0655737704918,130.1677519472798,211.91,-10.03947069628498,149.64815891313657,-13.01747185353893,5.009942979418007,35.294117647058826,36.0655737704918,40.17094017094017,70.08196721311475,45.403149700401386,Low
Sorghum,2023-01-01,-3.2147292965261975,42.45922180306777,Calm,35.24590163934426,126.0497569255191,209.03,-5.870970771276718,146.84087262539484,-14.15894316626397,-11.543494954648002,43.69747899159664,35.24590163934426,36.75213675213676,12.295081967213115,31.997649837572695,Low
Sorghum,2023-02-01,-9.42767833699012,42.4581856432792,Calm,34.42622950819672,114.70916692987278,193.7037037037037,-13.60777080325608,143.16447637271867,-19.87595677629169,5.234861786693578,29.411764705882355,34.42622950819672,31.62393162393162,78.68852459016394,43.537612607043656,Low
Sorghum,2023-03-01,0.9541409953714997,42.45727808173544,Calm,33.60655737704918,115.80889223890516,199.07407407407408,-11.031042246308619,139.104048267629,-16.746569434057857,3.411161125971784,31.932773109243694,33.60655737704918,34.18803418803419,61.47540983606557,40.30069362759816,Low
Sorghum,2023-04-01,17.944845029868617,42.45648316029028,Calm,32.78688524590164,138.57196618459864,242.4074074074074,9.934338283951405,136.93525244972338,1.195246443552711,2.393381000376717,72.26890756302521,32.78688524590164,63.24786324786324,52.86885245901639,55.29312712895162,Watch
Sorghum,2023-05-01,4.715394078067625,42.455786900646224,Calm,31.967213114754102,145.2626877299598,258.5185185185185,26.635640043280805,135.89722286681072,6.891579287332394,12.552380339694288,85.71428571428571,31.967213114754102,66.66666666666666,87.29508196721312,67.9108118657299,Watch
Sorghum,2023-06-01,11.948967743495498,42.45517705861652,Calm,31.147540983606557,163.69966211631342,296.2962962962963,41.35327516872638,136.99579165453034,19.492475016403187,12.55920876115569,90.75630252100841,31.147540983606557,86.32478632478633,95.90163934426229,76.0325672934159,Elevated
Sorghum,2023-07-01,17.2623467478207,42.45464290939115,Calm,30.327868852459016,194.54371387599124,358.0259259259259,40.39182616260915,140.26541578240008,38.696850389546825,-4.100368861889122,89.91596638655463,30.327868852459016,95.72649572649573,28.688524590163933,61.16471388891833,Watch
Sorghum,2023-08-01,24.86486736690887,42.45417505886644,Calm,29.508196721311474,249.46174118264997,471.8111111111111,71.73146461835675,149.13820714556957,67.26883469851388,-11.361111069238708,97.47899159663865,29.508196721311474,100.0,20.491803278688526,61.86974789915967,Watch
Sorghum,2023-09-01,-8.63514754024255,42.45376527866314,Calm,28.688524590163933,228.82421440094168,444.4444444444444,39.78294850624393,156.1490339204395,46.54219027543351,-12.600785927554801,89.07563025210085,28.688524590163933,96.58119658119658,4.098360655737705,54.610928019799765,Watch
Sorghum,2023-10-01,-7.27120564477568,42.453406361335965,Calm,27.86885245901639,212.77643842066863,424.1222222222222,9.37204506967495,162.72109778458199,30.761432486371444,-1.166087382275867,71.42857142857143,27.86885245901639,90.5982905982906,36.885245901639344,56.695240096879445,Watch
Sorghum,2023-11-01,4.517199838105146,42.453091994091906,Calm,27.049180327868854,222.6083675064183,455.0685185185185,-10.764525874358533,170.20702995492653,30.78682329711555,-0.3890877977035623,33.61344537815126,27.049180327868854,91.45299145299145,44.67213114754098,49.196937076638136,Low
Sorghum,2023-12-01,-16.208196764136318,42.452816647488895,Calm,26.229508196721312,189.2998111079251,396.62777777777774,-17.272823768450763,175.13470155164694,8.088122702570688,5.009942979418007,21.84873949579832,26.229508196721312,70.94017094017094,70.08196721311475,47.275096461451334,Low
Sorghum,2024-01-01,13.639996789029762,42.45257547835501,Calm,25.40983606557377,216.96412737954543,465.6518518518518,1.968116860099678,182.7108990894825,18.747227702758696,-11.543494954648002,63.02521008403361,25.40983606557377,85.47008547008546,12.295081967213115,46.55005339672649,Low
Sorghum,2024-02-01,2.0387701259944713,42.452364244529974,Calm,24.59016393442623,221.43292667512105,486.5314814814815,-0.5280308393004751,191.60454573491984,15.567679162199033,5.234861786693578,57.14285714285714,24.59016393442623,79.48717948717949,78.68852459016394,59.977181288656695,Watch
Sorghum,2024-03-01,6.845982939051876,42.452179230367854,Calm,23.770491803278688,237.1231339889743,533.0944444444444,25.263270259569246,201.71406588075897,17.554089722799503,3.411161125971784,84.87394957983193,23.770491803278688,83.76068376068376,61.47540983606557,63.47013374496499,Watch
Sorghum,2024-04-01,-2.2579157669817995,42.45201718144666,Calm,22.950819672131146,231.8290858483168,533.0111111111111,6.851343882653649,209.4854925194021,10.66593827581892,2.393381000376717,68.90756302521008,22.950819672131146,75.21367521367522,52.86885245901639,54.9852275925082,Watch
Sorghum,2024-05-01,10.399574404699408,42.45187524721913,Calm,22.131147540983605,257.2365643308972,604.5407407407408,16.169066720734815,218.81664890281357,17.558040313992574,12.552380339694288,74.78991596638656,22.131147540983605,84.61538461538461,87.29508196721312,67.20788252249199,Watch
Sorghum,2024-06-01,17.85913479340344,42.45175093098271,Calm,21.311475409836063,307.5345667800607,738.4259259259259,29.694037695352126,230.80289095812586,33.245543633964324,12.55920876115569,87.39495798319328,21.311475409836063,94.01709401709401,95.90163934426229,74.65629168859641,Elevated
Sorghum,2024-07-01,7.74305794688992,42.45164204591324,Calm,20.491803278688526,332.29331994990764,814.8148148148148,43.33547437931213,242.2820247976189,37.151454065763346,-4.100368861889122,93.27731092436974,20.491803278688526,94.87179487179486,28.688524590163933,59.332358416254266,Watch
Sorghum,2024-08-01,-0.8782254646642507,42.45154667652993,Calm,19.672131147540984,329.3878125244135,823.1777777777777,28.048597360639715,248.94253074276583,32.31480034433023,-11.361111069238708,86.5546218487395,19.672131147540984,92.3076923076923,20.491803278688526,54.756562145665335,Watch
Sorghum,2024-09-01,-5.184037674981479,42.45146314520719,Calm,18.852459016393443,312.7472765683091,796.2962962962963,1.6949996362445763,255.93611925671314,22.197397333594914,-12.600785927554801,62.18487394957983,18.852459016393443,88.88888888888889,4.098360655737705,43.506145627649964,Low
Sorghum,2024-10-01,-9.384932440118199,42.45138998253527,Calm,18.0327868852459,284.73135363310337,738.3518518518517,-14.31324780286709,261.9323621910827,8.704152190781421,-1.166087382275867,27.73109243697479,18.0327868852459,71.7948717948718,36.885245901639344,38.61099925468296,Low
Sorghum,2024-11-01,-1.4739414445240406,42.45132590148518,Calm,17.21311475409836,280.56535779767586,740.7407407407406,-14.822180077812996,266.7621113820208,5.174365408994652,-0.3890877977035623,26.89075630252101,17.21311475409836,64.1025641025641,44.67213114754098,38.21964157668111,Low
Sorghum,2024-12-01,-13.571829852406658,42.45126977475594,Calm,16.39344262295082,244.9584009098286,658.25,-21.675288879349928,271.4003271988461,-9.742776127769503,5.009942979418007,17.647058823529413,16.39344262295082,46.15384615384615,70.08196721311475,37.56907870336028,Low
Sorghum,2025-01-01,-15.417256178250582,42.451220615027566,Calm,15.573770491803279,209.95974925689217,574.074074074074,-26.26040420984327,270.8166290219583,-22.4716185209335,-11.543494954648002,10.084033613445378,15.573770491803279,29.059829059829063,12.295081967213115,16.75317878307271,Low
Sorghum,2025-02-01,-4.9840255619853835,42.45117755748038,Calm,14.754098360655737,199.75179813259933,555.5555555555555,-28.803826780123586,269.0098683100815,-25.745550009953533,5.234861786693578,9.243697478991598,14.754098360655737,27.350427350427353,78.68852459016394,32.50918694505965,Low
Sorghum,2025-03-01,-15.986542623963018,42.45113984462214,Calm,13.934426229508196,170.2401624308874,481.4814814814815,-30.502419268504966,263.4362873469076,-35.37710231745497,3.411161125971784,8.403361344537815,13.934426229508196,17.94871794871795,61.47540983606557,25.44047883970738,Low
Sorghum,2025-04-01,-4.575854142623559,42.45110681308296,Calm,13.114754098360656,162.62576141572768,467.59259259259255,-22.544315283616534,257.6693436441919,-36.88587120387403,2.393381000376717,15.966386554621847,13.114754098360656,13.675213675213676,52.86885245901639,23.90630169680314,Low
Sorghum,2025-05-01,3.5240101486493813,42.451077881711356,Calm,12.295081967213115,168.4588860542964,492.2851851851852,-15.66589756430129,250.27120378780845,-32.68946506641504,12.552380339694288,24.369747899159663,12.295081967213115,23.076923076923077,87.29508196721312,36.75920872762724,Low
Sorghum,2025-06-01,-3.8152209435570406,42.4510525415889,Calm,11.475409836065573,162.1528665378446,481.4814814814815,-4.750521720352574,238.15606210095712,-31.913189566803414,12.55920876115569,47.05882352941176,11.475409836065573,23.931623931623932,95.90163934426229,44.59187416034089,Low
Sorghum,2025-07-01,-9.575371333903071,42.45103034693431,Calm,10.655737704918032,147.3463293190421,444.4444444444444,-9.39545614647489,222.74381288171833,-33.84941767281047,-4.100368861889122,36.97478991596639,10.655737704918032,21.367521367521366,28.688524590163933,24.42164339464243,Low
Sorghum,2025-08-01,-13.551908105467358,42.45101090731335,Calm,9.836065573770492,128.67202390697,388.1166666666667,-23.61814391584105,206.01749716359802,-37.54315741211445,-11.361111069238708,14.285714285714285,9.836065573770492,11.11111111111111,20.491803278688526,13.931173562321103,Low
Sorghum,2025-09-01,-4.680247573928131,42.450993880747134,Calm,9.01639344262295,122.7886077658684,370.3703703703703,-24.276017817291585,190.18760809672798,-35.43816603265812,-12.600785927554801,11.76470588235294,9.01639344262295,17.094017094017094,4.098360655737705,10.493369268682674,Low
Sorghum,2025-10-01,-10.536051565782678,42.45097896766922,Calm,8.19672131147541,110.50974698928157,333.3333333333333,-25.0,175.6691408764095,-37.09211166061902,-1.166087382275867,10.92436974789916,8.19672131147541,12.82051282051282,36.885245901639344,17.206712445381683,Low
Sorghum,2025-11-01,-7.6959041138128015,42.450965905766324,Calm,7.377049180327869,102.32404445256994,308.64259259259256,-20.476851653044392,160.81569809765065,-36.37185569381626,-0.3890877977035623,18.487394957983195,7.377049180327869,15.384615384615385,44.67213114754098,21.48029766761686,Low
Sorghum,2025-12-01,-4.082399451825491,42.45095446523336,Calm,6.557377049180328,98.23088621269471,296.2962962962963,-20.000000000000007,148.58840520622283,-33.89061139975084,5.009942979418007,19.327731092436977,6.557377049180328,20.51282051282051,70.08196721311475,29.119973966888143,Low
Sorghum,2026-01-01,-14.550276440574272,42.45094444481117,Calm,5.737704918032787,84.92919633341819,256.17407407407404,-23.14777777777779,138.16919246260002,-38.53246529148888,-11.543494954648002,15.126050420168067,5.737704918032787,9.401709401709402,12.295081967213115,10.640136676780843,Low
Sorghum,2026-02-01,6.043495201567861,42.45093566825323,Calm,4.918032786885246,90.22015744204948,272.1333333333333,-11.828976342047293,129.04155573838753,-30.084415887733584,5.234861786693578,31.092436974789916,4.918032786885246,25.64102564102564,78.68852459016394,35.085004998216185,Low
Sorghum,2026-03-01,8.506781239006411,42.450927981110674,Calm,4.098360655737705,98.23088621269471,296.2962962962963,0.0,123.04078272020479,-20.16396186614634,3.411161125971784,58.82352941176471,4.098360655737705,30.76923076923077,61.47540983606557,38.79163266819969,Low
Sorghum,2026-04-01,20.54886160754892,42.450921248181395,Calm,3.278688524590164,120.6398071299657,363.88888888888886,42.04750820477974,119.5419531963913,0.9183838010165202,2.393381000376717,92.43697478991596,3.278688524590164,62.39316239316239,52.86885245901639,52.74441954167123,Watch
Sorghum,2026-05-01,-12.466928697353552,42.450915351066605,Calm,2.459016393442623,106.49947105964829,321.237037037037,18.04398715226736,114.37866861350396,-6.888694937060514,12.552380339694288,77.31092436974791,2.459016393442623,51.28205128205128,87.29508196721312,54.58676850311373,Watch
Sorghum,2026-06-01,10.734450331622902,42.45091018591705,Calm,1.639344262295082,118.56774937391668,357.6388888888889,20.70312500000002,110.74657551650995,7.062226367659341,12.55920876115569,80.67226890756302,1.639344262295082,68.37606837606837,95.90163934426229,61.64733022254719,Watch
Sorghum,2026-07-01,21.730127568998192,42.450905661918284,Calm,0.819672131147541,147.3463293190421,444.4444444444444,22.137404580152698,110.74657551650996,33.04820364136305,-4.100368861889122,83.19327731092437,0.819672131147541,93.16239316239316,28.688524590163933,51.46596679865725,Watch
Vegetable oil,2016-02-01,-19.261430806084512,137.48418883754817,High,100.0,4288.936035786834,,,,,3.743441950235996,,100.0,,72.88135593220339,86.4406779661017,Alert
Vegetable oil,2016-03-01,-23.87840850213223,133.65064113311632,High,99.15254237288136,3377.901324883614,,,,,-3.215750824133186,,99.15254237288136,,29.66101694915254,64.40677966101694,Watch
Vegetable oil,2016-06-01,-165.60740492209902,129.94168707459053,High,98.30508474576271,644.7971921739545,411.0,,,,3.4388854962186364,,98.30508474576271,,63.559322033898304,80.9322033898305,Elevated
Vegetable oil,2016-07-01,-3.849906218090915,126.35377877881228,High,97.45762711864407,620.4448833017757,400.0,-85.53382754779295,,,-1.4100998044061233,0.8695652173913043,97.45762711864407,,38.983050847457626,45.770081061164326,Low
Vegetable oil,2016-08-01,2.676372515635972,122.88347626164656,High,96.61016949152543,637.2745067695705,416.5,-81.13401057410911,,,0.4439912632352758,1.7391304347826086,96.61016949152543,,47.45762711864407,48.60230901498403,Low
Vegetable oil,2016-09-01,19.29640094586107,119.52744380524797,High,95.76271186440678,772.9114660064986,512.0,19.8689255144866,1723.7109014870412,-55.160029135993184,0.6295053985249397,86.95652173913044,95.76271186440678,0.8849557522123894,55.08474576271186,59.67223377961537,Watch
Vegetable oil,2016-10-01,0.7961826767908242,116.28244640264128,High,94.91525423728814,779.0898160446776,523.0,25.569544856047944,1588.765032138132,-50.96255265662587,10.893824401272843,90.43478260869566,94.91525423728814,1.7699115044247788,96.61016949152543,70.9325294604835,Elevated
Vegetable oil,2016-11-01,5.52347481022446,113.14534627653008,High,94.0677966101695,823.3332863739495,560.0,29.196017984076562,1493.0860639176092,-44.85694386473208,7.737556662908849,93.91304347826087,94.0677966101695,2.6548672566371683,81.35593220338984,67.99790988711435,Watch
Vegetable oil,2016-12-01,4.767397258056061,110.11309946955103,High,93.22033898305084,863.5355414519738,595.0,11.725026659743353,1423.136005865872,-39.321643336078985,8.922471968946418,78.26086956521739,93.22033898305084,3.5398230088495577,88.98305084745762,66.00102060114385,Watch
Vegetable oil,2017-01-01,6.0121698839338045,107.18275250352225,High,92.37288135593221,917.0451936995124,640.0,17.707249512670266,1372.526924649236,-33.18563175481069,-16.192325379520707,84.34782608695653,92.37288135593221,4.424778761061947,4.23728813559322,46.34569358488598,Low
Vegetable oil,2017-02-01,-2.3621429411625705,104.35143910559476,High,91.52542372881356,895.6371155094683,633.0,8.781842096285564,1329.17330563653,-32.61697991440211,3.743441950235996,73.91304347826086,91.52542372881356,5.3097345132743365,72.88135593220339,60.90738941313805,Watch
Vegetable oil,2017-03-01,20.019597126312938,101.61637699960703,High,90.67796610169492,1094.1480437592083,783.0,26.70561792042467,1309.587867146753,-16.450963604063574,-3.215750824133186,91.30434782608695,90.67796610169492,18.58407079646018,29.66101694915254,57.556850418348645,Watch
Vegetable oil,2017-04-01,6.979084803200397,98.97486476136213,High,89.83050847457628,1173.237317877931,850.0,27.93669558911236,1049.946307321011,11.742601473736581,-7.818641604666043,93.04347826086956,89.83050847457628,81.41592920353983,12.288135593220339,69.1445128830515,Watch
Vegetable oil,2017-05-01,-12.737585451824263,96.42427873699617,High,88.98305084745762,1032.9213106932625,757.5,15.328104743147275,854.5313061384818,20.87577169769268,-7.172859528616897,81.73913043478261,88.98305084745762,89.38053097345133,20.76271186440678,70.21635603002458,Elevated
Vegetable oil,2017-06-01,-41.352941262252955,93.96207002408207,High,88.13559322033898,683.0833437270111,507.0,-37.569385822770904,857.7218187679033,-20.360735989176092,3.4388854962186364,2.608695652173913,88.13559322033898,14.15929203539823,63.559322033898304,42.11572573545235,Low
Vegetable oil,2017-07-01,33.39930572036405,91.5857615156113,High,87.28813559322035,953.948737077094,716.5,-18.69089718331417,885.5138065825131,7.728273685386533,-1.4100998044061233,11.304347826086957,87.28813559322035,75.22123893805309,38.983050847457626,53.19919330120451,Watch
Vegetable oil,2017-08-01,14.89948460707513,89.29294500751598,High,86.4406779661017,1107.2168256836142,840.0,7.192756526679367,924.6756664920167,19.74110121055872,0.4439912632352758,70.43478260869566,86.4406779661017,88.49557522123894,47.45762711864407,73.20716572867009,Elevated
Vegetable oil,2017-09-01,-24.054106545188425,87.08127837092498,High,85.59322033898306,870.4964803102182,667.0,27.436349942402536,932.8077510173267,-6.679969226150984,0.6295053985249397,92.17391304347827,85.59322033898306,38.93805309734513,55.08474576271186,67.94748306062958,Watch
Vegetable oil,2017-10-01,25.24173322300909,84.9484827908878,Elevated,84.7457627118644,1120.4448222156454,867.0,17.453357677132274,961.2540015315741,16.560744655463733,10.893824401272843,83.47826086956522,84.7457627118644,84.95575221238938,96.61016949152543,87.4474863213361,Alert
Vegetable oil,2017-11-01,-25.268205723074733,82.89234007383776,Elevated,83.89830508474576,870.2660686281082,680.0,-21.40057408441284,965.1650667194207,-9.832411197171954,7.737556662908849,8.695652173913043,83.89830508474576,28.31858407079646,81.35593220338984,50.56711838321128,Watch
Vegetable oil,2017-12-01,-0.9642004500530987,80.91069002659226,Elevated,83.05084745762711,861.9152831298089,680.0,-0.9857819502442133,965.0300451925735,-10.685134890508808,8.922471968946418,50.43478260869565,83.05084745762711,26.548672566371685,88.98305084745762,62.25433837003801,Watch
Vegetable oil,2018-01-01,-2.8852675644187364,79.0014279101922,Elevated,82.20338983050848,837.4020576391534,667.0,-25.26164242669118,958.3931171875437,-12.624366492055472,-16.192325379520707,5.217391304347826,82.20338983050848,23.893805309734514,4.23728813559322,28.887968645046012,Low
Vegetable oil,2018-02-01,-0.9459584403223253,77.16250197235128,Elevated,81.35593220338984,829.5179312665861,667.0,-4.682261992100612,952.8831851673035,-12.946524382110647,3.743441950235996,33.04347826086956,81.35593220338984,22.123893805309734,72.88135593220339,52.35116505044313,Watch
Vegetable oil,2018-03-01,-3.5188621590047653,75.39191106270626,Elevated,80.50847457627118,800.8359381187643,650.0,-7.086467336934987,928.4405096972664,-13.743968541410345,-3.215750824133186,28.695652173913043,80.50847457627118,20.353982300884958,29.66101694915254,39.80478150005543,Low
Vegetable oil,2018-04-01,1.6533744311897358,73.68770233541667,Elevated,79.66101694915254,814.1868206575667,667.0,-2.772292803654708,898.5196349289027,-9.385750849841923,-7.818641604666043,44.34782608695652,79.66101694915254,30.973451327433626,12.288135593220339,41.817607489190756,Low
Vegetable oil,2018-05-01,3.9091749697809597,72.04796904394244,Elevated,78.8135593220339,846.6451001653717,700.0,2.0647135225436486,882.9966173849119,-4.1168353880221105,-7.172859528616897,58.26086956521739,78.8135593220339,48.67256637168141,20.76271186440678,51.627426780834874,Watch
Vegetable oil,2018-06-01,-22.51407804902863,70.470848433016,Elevated,77.96610169491525,675.9646746780535,564.0,-15.5926148536796,882.4033949641654,-23.395050547657448,3.4388854962186364,14.782608695652174,77.96610169491525,10.619469026548673,63.559322033898304,41.7318753627536,Low
Vegetable oil,2018-07-01,5.284303464476192,68.95451973290739,Elevated,77.11864406779661,712.6453226281951,600.0,-12.471523175401323,862.2947770934238,-17.354790779280716,-1.4100998044061233,18.26086956521739,77.11864406779661,16.8141592920354,38.983050847457626,37.794180943126754,Low
Vegetable oil,2018-08-01,-12.786043648815948,67.49720226104449,Elevated,76.27118644067797,627.1109109399456,533.0,-25.92989544055063,822.2859508647848,-23.735665156333607,0.4439912632352758,4.3478260869565215,76.27118644067797,9.734513274336283,47.45762711864407,34.45278823015371,Low
Vegetable oil,2018-09-01,-0.9363697195507115,66.0971536358844,Elevated,75.42372881355932,621.2662408269,533.0,-8.091907151391464,801.5167642411749,-22.488677898699304,0.6295053985249397,27.82608695652174,75.42372881355932,11.504424778761061,55.08474576271186,42.459746577888495,Low
Vegetable oil,2018-10-01,-12.870286680298992,64.75266810762835,Elevated,74.57627118644068,546.2391330283169,473.0,-23.35049207734665,753.6662901422309,-27.522414074638867,10.893824401272843,6.086956521739131,74.57627118644068,6.1946902654867255,96.61016949152543,45.86702186629799,Low
Vegetable oil,2018-11-01,4.632114797514664,63.46207500992618,Elevated,73.72881355932203,572.1367295086465,500.0,-8.76626135381715,728.8221785489424,-21.498446898563206,7.737556662908849,25.217391304347824,73.72881355932203,13.274336283185843,81.35593220338984,48.39411833756139,Low
Vegetable oil,2018-12-01,-7.738668679323091,62.22373733612435,Elevated,72.88135593220339,529.5307905697446,467.0,-14.765883646768952,701.1234708356037,-24.47396035128503,8.922471968946418,16.52173913043478,72.88135593220339,7.964601769911504,88.98305084745762,46.58768692000183,Low
Vegetable oil,2019-01-01,-0.9025641325205669,61.03605044287925,Elevated,72.03389830508475,524.7729392120361,467.0,-3.9298161772616913,675.0710443000106,-22.264042630330916,-16.192325379520707,37.391304347826086,72.03389830508475,12.389380530973451,4.23728813559322,31.512967829869375,Low
Vegetable oil,2019-02-01,-0.8944907257452783,59.897440883089715,Elevated,71.1864406779661,520.0998253829425,467.0,-9.095186769497122,649.2862021430402,-19.896676740350237,3.743441950235996,22.608695652173914,71.1864406779661,15.04424778761062,72.88135593220339,45.43018501248851,Low
Vegetable oil,2019-03-01,-9.841084916164267,58.806365369111724,Elevated,70.33898305084746,471.3542412441513,427.0,-10.986433718613164,621.8293940701559,-24.1987841457729,-3.215750824133186,20.0,70.33898305084746,8.849557522123893,29.66101694915254,32.21238938053097,Low
Vegetable oil,2019-04-01,2.1203017707061456,57.76130986612289,Elevated,69.49152542372882,481.4550792764502,440.0,-8.25459102381101,594.1017489550628,-18.960837916525485,-7.818641604666043,26.956521739130434,69.49152542372882,15.929203539823009,12.288135593220339,31.166346573975652,Low
Vegetable oil,2019-05-01,2.1509398044936567,56.76078881432219,Elevated,68.64406779661016,491.923064664576,453.5,-5.417567809721991,564.5415793299966,-12.863271249498565,-7.172859528616897,31.30434782608696,68.64406779661016,23.008849557522122,20.76271186440678,35.92999426115651,Low
Vegetable oil,2019-06-01,1.962683531381959,55.80334447740956,Elevated,67.79661016949152,501.67332805701625,466.5,6.432335632079389,550.0173004449101,-8.789536683444021,3.4388854962186364,68.69565217391305,67.79661016949152,33.6283185840708,63.559322033898304,58.41997574034341,Watch
Vegetable oil,2019-07-01,-0.7490737093904798,54.88754641351794,Elevated,66.94915254237289,497.92946470358606,467.0,3.4217907622647203,532.1243122845259,-6.426101343525136,-1.4100998044061233,60.86956521739131,66.94915254237289,39.823008849557525,38.983050847457626,51.65619436419484,Watch
Vegetable oil,2019-08-01,-14.849394711026775,54.01199106349675,Elevated,66.10169491525424,429.2178001450464,407.0,-12.746965739914218,515.6332197182844,-16.75908693789182,0.4439912632352758,17.391304347826086,66.10169491525424,17.699115044247787,47.45762711864407,37.16243535649305,Low
Vegetable oil,2019-09-01,10.501153685704168,53.17530145020582,Elevated,65.2542372881356,476.7422648502658,457.0,-4.9695811621695345,503.5895550535649,-5.331184877423323,0.6295053985249397,32.17391304347826,65.2542372881356,45.13274336283185,55.08474576271186,49.411409864289396,Low
Vegetable oil,2019-10-01,-7.864140105431083,52.376126981301795,Elevated,64.40677966101694,440.6868879141215,427.0,-11.496121609019605,494.7935346273819,-10.935196789506751,10.893824401272843,19.130434782608695,64.40677966101694,24.778761061946902,96.61016949152543,51.23153624927449,Watch
Vegetable oil,2019-11-01,7.891738683267047,51.61314334691911,Elevated,63.559322033898304,476.8738570932661,467.0,11.103001071277841,486.85496192610026,-2.050118744471008,7.737556662908849,76.52173913043478,63.559322033898304,53.98230088495575,81.35593220338984,68.85482356316967,Watch
Vegetable oil,2019-12-01,-1.0516093027391094,50.885052502692744,Elevated,62.71186440677966,471.8852833754242,467.0,-1.0187855856176542,482.0511696599069,-2.108881157088549,8.922471968946418,49.56521739130435,62.71186440677966,53.09734513274337,88.98305084745762,63.58936944457125,Watch
Vegetable oil,2020-01-01,0.9731810744741942,50.190582727766454,Elevated,61.86440677966102,476.5,476.5,8.126657059253727,478.0284247255706,-0.31973511333516225,-16.192325379520707,72.17391304347827,61.86440677966102,56.63716814159292,4.23728813559322,48.72819402508136,Low
Vegetable oil,2020-02-01,10.175423038317177,49.52848874679936,Elevated,61.016949152542374,527.5385553960551,533.0,10.624339654853454,478.64831889333,10.214229231132155,3.743441950235996,75.65217391304347,61.016949152542374,79.64601769911505,72.88135593220339,72.29912417422607,Elevated
Vegetable oil,2020-03-01,21.407414964668536,48.89755190454221,Calm,60.16949152542372,653.4696587384801,667.0,38.480618438484,493.82460368452394,32.32829102940853,-3.215750824133186,98.26086956521739,60.16949152542372,99.11504424778761,29.66101694915254,71.80160557189532,Elevated
Vegetable oil,2020-04-01,-1.0091592760224088,48.29658038131208,Calm,59.32203389830508,646.9082721662836,667.0,35.762491535421525,507.6123697586767,27.44139242978443,-7.818641604666043,96.52173913043478,59.32203389830508,96.46017699115043,12.288135593220339,66.14802140327765,Watch
Vegetable oil,2020-05-01,-23.42593908893784,47.72440943765545,Calm,58.47457627118644,511.8057300163234,533.0,-2.9823081590539147,509.26925853798906,0.49806098361719897,-7.172859528616897,41.73913043478261,58.47457627118644,59.29203539823009,20.76271186440678,45.067113492151485,Low
Vegetable oil,2020-06-01,-0.9891940234455276,47.179901676651625,Calm,57.6271186440678,506.7679361802657,533.0,-22.449660913319434,509.6938092149265,-0.574045236917331,3.4388854962186364,6.956521739130435,57.6271186440678,55.75221238938053,63.559322033898304,45.973793701619265,Low
Vegetable oil,2020-07-01,3.9620312134990954,46.6619473126644,Calm,56.779661016949156,527.2492998209867,560.0,-18.497053986432764,512.1371288080433,2.9508055875807626,-1.4100998044061233,12.173913043478262,56.779661016949156,65.48672566371681,38.983050847457626,43.35583764290046,Low
Vegetable oil,2020-08-01,-0.8685665725023384,46.16946443588414,Calm,55.932203389830505,522.6896192450922,563.0,2.1265665056977134,519.9264470663803,0.5314544382773345,0.4439912632352758,59.130434782608695,55.932203389830505,60.17699115044248,47.45762711864407,55.67431411038144,Watch
Vegetable oil,2020-09-01,-1.917727495803323,45.70139926269881,Calm,55.08474576271186,512.7613594557555,560.0,1.1826761023329357,522.9280382835045,-1.9441831539805832,0.6295053985249397,56.52173913043478,55.08474576271186,54.86725663716814,55.08474576271186,55.38962182325666,Watch
Vegetable oil,2020-10-01,-28.479841831135833,45.25672636276676,Calm,54.23728813559322,385.68158988548674,427.0,-26.85024142916178,518.344263447785,-25.59354523958418,10.893824401272843,3.4782608695652173,54.23728813559322,7.079646017699115,96.61016949152543,40.35134112859575,Low
Vegetable oil,2020-11-01,33.8282829833374,44.83444885461178,Calm,53.38983050847458,540.9327488821333,607.0,3.490241429204044,523.6825044301905,3.294027260030852,7.737556662908849,61.73913043478261,53.38983050847458,67.2566371681416,81.35593220338984,65.93538257869716,Watch
Vegetable oil,2020-12-01,8.09781263090068,44.433598562594916,Calm,52.54237288135594,586.5588995392003,667.0,14.392180440775304,533.2386391105052,9.999324227073746,8.922471968946418,80.8695652173913,52.54237288135594,78.76106194690266,88.98305084745762,75.28901272327688,Elevated
Vegetable oil,2021-01-01,-1.3108997521179333,44.05323612920977,Calm,51.69491525423729,578.9198797192106,667.0,50.103062967329734,541.7736290871061,6.856415417394213,-16.192325379520707,100.0,51.69491525423729,73.45132743362832,4.23728813559322,57.3458827058647,Watch
Vegetable oil,2021-02-01,-1.2939372916042302,43.69245107777114,Calm,50.847457627118644,571.4772746691452,667.0,5.64664015076437,545.4351890265303,4.774551801304505,3.743441950235996,65.21739130434783,50.847457627118644,69.91150442477876,72.88135593220339,64.71442732211216,Watch
Vegetable oil,2021-03-01,14.884489240647358,43.35036182169391,Calm,50.0,663.1953620405434,784.0,13.065433422210205,546.2456643017023,21.40972558351466,-3.215750824133186,80.0,50.0,91.1504424778761,29.66101694915254,62.70286485675716,Watch
Vegetable oil,2021-04-01,8.397191636805434,43.02611561766659,Calm,49.152542372881356,721.2901812628836,863.5,24.592401562151544,552.4441567264189,30.563455596486744,-7.818641604666043,88.69565217391305,49.152542372881356,97.34513274336283,12.288135593220339,61.87036572084439,Watch
Vegetable oil,2021-05-01,-8.883802353597492,42.71888846108921,Calm,48.30508474576271,659.976021516148,800.0,15.485960819393707,564.791681018071,16.852999733725092,-7.172859528616897,82.6086956521739,48.30508474576271,85.84070796460178,20.76271186440678,59.37930005673629,Watch
Vegetable oil,2021-06-01,-1.2302612124563517,42.427884923149925,Calm,47.45762711864407,651.9063334148132,800.0,-1.7022176679577061,576.8865474542832,13.004252966476916,3.4388854962186364,46.95652173913044,47.45762711864407,82.30088495575221,63.559322033898304,60.06858896185625,Watch
Vegetable oil,2021-07-01,2.826881905659029,42.15233792984373,Calm,46.61016949152542,670.597905199249,833.0,-7.028000294538761,588.8322645691384,13.886066635621663,-1.4100998044061233,29.565217391304348,46.61016949152542,83.1858407079646,38.983050847457626,49.586069609563005,Low
Vegetable oil,2021-08-01,9.778763150086789,41.8915084840775,Calm,45.76271186440678,739.48747268503,933.0,12.047627273824602,606.8987523558,21.84692583640353,0.4439912632352758,79.13043478260869,45.76271186440678,92.03539823008849,47.45762711864407,66.096542998937,Watch
Vegetable oil,2021-09-01,-1.534479031932623,41.644685332750505,Calm,44.91525423728814,728.2268096837546,933.0,11.707276391864418,624.8542065414665,16.543475591602363,0.6295053985249397,77.39130434782608,44.91525423728814,84.070796460177,55.08474576271186,65.36552520200077,Watch
Vegetable oil,2021-10-01,-1.5112881834793868,41.41118458134333,Calm,44.06779661016949,717.3039498023294,933.0,6.964836042725642,652.4894032012033,9.933425168767007,10.893824401272843,69.56521739130434,44.06779661016949,77.87610619469027,96.61016949152543,72.02982242192238,Elevated
Vegetable oil,2021-11-01,-1.4887878862045234,41.19034925908795,Calm,43.22033898305085,706.7039172802386,933.0,-4.433280699909147,666.3036672343788,6.063338989795564,7.737556662908849,33.91304347826087,43.22033898305085,72.56637168141593,81.35593220338984,57.76392158652938,Watch
Vegetable oil,2021-12-01,-1.4669477483487903,40.9815488382304,Calm,42.3728813559322,696.4126086893192,933.0,-4.368721471302505,675.4581429968888,3.1022596899134447,8.922471968946418,34.78260869565217,42.3728813559322,66.3716814159292,88.98305084745762,58.1275555787428,Watch
Vegetable oil,2022-01-01,-1.4457391358217109,40.784178711235114,Calm,41.52542372881356,686.4167303291518,933.0,-4.306015529635554,684.4162138810503,0.29229530328589437,-16.192325379520707,35.65217391304348,41.52542372881356,57.52212389380531,4.23728813559322,34.73425241781389,Low
Vegetable oil,2022-02-01,5.509872766533608,40.5976596300248,Calm,40.67796610169492,725.2987577038423,1000.0,2.6312066438185733,697.2346708006086,4.025056136552818,3.743441950235996,60.0,40.67796610169492,68.14159292035397,72.88135593220339,60.42522873856308,Watch
Vegetable oil,2022-03-01,1.841609015990553,40.42143711150591,Calm,39.83050847457627,738.7796769254999,1033.0,6.0836159063687,703.5333637076883,5.0098993219113375,-3.215750824133186,67.82608695652173,39.83050847457627,70.79646017699115,29.66101694915254,52.02851813931042,Watch
Vegetable oil,2022-04-01,27.358363044041933,40.25498081370604,Calm,38.983050847457626,971.2494837644184,1377.0,41.49560184797405,724.3633055828162,34.0831977929859,-7.818641604666043,99.1304347826087,38.983050847457626,100.0,12.288135593220339,62.60040530582167,Watch
Vegetable oil,2022-05-01,1.9193078872551617,40.097783886854714,Calm,38.13559322033898,990.0707933808984,1423.0,36.50523771959489,751.8712032382119,31.68090347346615,-7.172859528616897,97.3913043478261,38.13559322033898,98.23008849557522,20.76271186440678,63.62992448203677,Watch
Vegetable oil,2022-06-01,-2.3901696300799635,39.949362303680864,Calm,37.28813559322034,966.6869914629824,,30.849158640359462,778.1029247422262,24.236390935457706,3.4388854962186364,94.78260869565217,37.28813559322034,92.92035398230088,63.559322033898304,72.13760507626792,Elevated
Vegetable oil,2022-07-01,-2.448700582403074,39.80925417308916,Calm,36.440677966101696,943.3031895450664,,-2.877354859539938,800.8283651043777,17.790931321734462,-1.4100998044061233,43.47826086956522,36.440677966101696,87.61061946902655,38.983050847457626,51.628152288037775,Watch
Vegetable oil,2023-02-01,-19.058551716616723,39.677019041220476,Calm,35.59322033898305,779.6165761196545,1316.5,-21.25648172516875,804.1724570572629,-3.053559062127875,3.743441950235996,9.565217391304348,35.59322033898305,50.442477876106196,72.88135593220339,42.12056788464925,Low
Vegetable oil,2023-03-01,-3.041832146991652,39.55223718370984,Calm,34.74576271186441,756.2589986205713,1300.0,-21.767955367222825,806.5084728019978,-6.230495509470357,-3.215750824133186,7.82608695652174,34.74576271186441,41.5929203539823,29.66101694915254,28.45644674288025,Low
Vegetable oil,2023-04-01,-1.7494375049450284,39.43450889273331,Calm,33.89830508474576,743.143775871568,1300.0,-21.218990446754525,808.661791641101,-8.102029358475137,-7.818641604666043,10.434782608695652,33.89830508474576,35.39823008849557,12.288135593220339,23.00486334378933,Low
Vegetable oil,2023-05-01,1.7579390123303895,39.32345376219429,Calm,33.05084745762712,756.3232947682235,1346.0,-2.987786825591554,812.7967397650997,-6.948040295190793,-7.172859528616897,40.869565217391305,33.05084745762712,37.16814159292036,20.76271186440678,32.96281653308639,Low
Vegetable oil,2023-06-01,0.912968668819758,39.218709974142556,Calm,32.20338983050847,763.2599058461936,1381.5,0.9257287831803795,818.3673478615059,-6.733827071585241,3.4388854962186364,55.65217391304348,32.20338983050847,38.05309734513274,63.559322033898304,47.36699578064575,Low
Vegetable oil,2023-07-01,2.6752237565583314,39.119933589255865,Calm,31.35593220338983,783.9543938935817,1442.74,5.491618088861805,826.495486491875,-5.147165749066862,-1.4100998044061233,64.34782608695652,31.35593220338983,46.017699115044245,38.983050847457626,45.17612706321206,Low
Vegetable oil,2023-08-01,1.1596383801266263,39.02679784394546,Calm,30.508474576271187,793.0983458459776,1500.0,4.862345419232916,832.1454521703863,-4.692341491810925,0.4439912632352758,63.47826086956522,30.508474576271187,47.78761061946903,47.45762711864407,47.30799329598737,Low
Vegetable oil,2023-09-01,-3.216998337182808,38.9389924563811,Calm,29.66101694915254,767.9904114923565,1491.665,0.6197765151725543,834.5796800509578,-7.9787790369561185,0.6295053985249397,54.78260869565217,29.66101694915254,36.283185840707965,55.08474576271186,43.952889312056136,Low
Vegetable oil,2023-10-01,-0.2647220315770582,38.85622294346991,Calm,28.8135593220339,765.96006025195,1526.77,-2.2953291392706077,817.4722280915853,-6.301396679847093,10.893824401272843,46.08695652173913,28.8135593220339,40.707964601769916,96.61016949152543,53.0546624842671,Watch
Vegetable oil,2023-11-01,2.1594910756977725,38.77820995057019,Calm,27.966101694915253,782.6807909494518,1600.0,-1.3135262418702554,800.1897278889647,-2.188098188376464,7.737556662908849,48.69565217391305,27.966101694915253,52.21238938053098,81.35593220338984,52.55751886318728,Watch
Vegetable oil,2023-12-01,-11.175724310336932,38.704688595478586,Calm,27.11864406779661,699.9211566702478,1466.5,-8.863294880184347,777.9592416562369,-10.031127700192865,8.922471968946418,24.347826086956523,27.11864406779661,27.43362831858407,88.98305084745762,41.970787330198704,Low
Vegetable oil,2024-01-01,16.004153630238438,38.635407827999494,Calm,26.27118644067797,821.3992033668311,1762.9,7.2378634333290615,767.8005761413839,6.980800599917436,-16.192325379520707,71.30434782608695,26.27118644067797,74.33628318584071,4.23728813559322,44.037276397049716,Low
Vegetable oil,2024-02-01,-4.456261435758968,38.57012980618826,Calm,25.423728813559322,785.5991046334269,1726.115,0.3728612887553995,768.2991201841984,2.251725141255001,3.743441950235996,53.91304347826087,25.423728813559322,64.60176991150442,72.88135593220339,54.204974533881995,Watch
Vegetable oil,2024-03-01,8.17789232978301,38.50862929015879,Calm,24.576271186440678,852.5446137340323,1916.67,21.805807069736804,776.3229214436534,9.818297281321641,-3.215750824133186,87.82608695652175,24.576271186440678,76.99115044247787,29.66101694915254,54.76363138364822,Watch
Vegetable oil,2024-04-01,-6.925916383377917,38.45069305415908,Calm,23.728813559322035,795.4964433295042,1828.97,-3.153492227793031,780.6856437318147,1.89715280620395,-7.818641604666043,40.0,23.728813559322035,61.94690265486725,12.288135593220339,34.49096295185241,Low
Vegetable oil,2024-05-01,3.1385108023305186,38.39611931744735,Calm,22.88135593220339,820.8591082540108,1929.13,4.488294781985114,786.0636281889638,4.426547523285551,-7.172859528616897,62.60869565217392,22.88135593220339,69.02654867256636,20.76271186440678,43.81982803033761,Low
Vegetable oil,2024-06-01,2.2345239746596413,38.34471719434526,Calm,22.033898305084744,839.4078682793871,2015.515,-1.5408865698075314,792.4092917250632,5.9310986184940795,3.4388854962186364,47.82608695652174,22.033898305084744,71.68141592920354,63.559322033898304,51.275180806177076,Watch
Vegetable oil,2024-07-01,-3.5192852519990048,38.296306163704024,Calm,21.1864406779661,810.3804850702554,1987.13,1.8710381253817854,794.6114659897861,1.9844942787009767,-1.4100998044061233,57.391304347826086,21.1864406779661,62.83185840707964,38.983050847457626,45.09816357008236,Low
Vegetable oil,2024-08-01,0.34216838203970923,38.250715557892974,Calm,20.33898305084746,813.1581002147774,2032.175,-0.9381644135756373,796.2831121871859,2.1192196304703925,0.4439912632352758,51.30434782608696,20.33898305084746,63.716814159292035,47.45762711864407,45.70444303871763,Low
Vegetable oil,2024-09-01,9.071118783947885,38.20778407130728,Calm,19.491525423728813,890.369676812541,2267.0,6.0711616436971205,806.4813842972013,10.401764274874514,0.6295053985249397,66.95652173913044,19.491525423728813,80.53097345132744,55.08474576271186,55.51594159422464,Watch
Vegetable oil,2024-10-01,7.953490904749216,38.16735928829305,Calm,18.64406779661017,964.0774683471434,2500.0,18.966027206783398,822.9911683051341,17.143112280604676,10.893824401272843,85.21739130434783,18.64406779661017,86.72566371681415,96.61016949152543,71.7993230773244,Elevated
Vegetable oil,2024-11-01,10.980422377297483,38.12929723030055,Calm,17.796610169491526,1075.967866588729,2840.74,32.31963947780099,847.4317579417407,26.968084038065964,7.737556662908849,95.65217391304348,17.796610169491526,95.57522123893806,81.35593220338984,72.59498438121572,Elevated
Vegetable oil,2024-12-01,3.2999384131973564,38.093461922001694,Calm,16.94915254237288,1112.0664838326968,2988.335,24.89941119893193,881.7772018719446,26.116493085993376,8.922471968946418,89.56521739130436,16.94915254237288,93.80530973451327,88.98305084745762,72.32568262891203,Elevated
Vegetable oil,2025-01-01,3.5339876415131144,38.05972497604328,Calm,16.101694915254235,1152.0694628579795,3150.0,19.49967722336026,909.3330568295404,26.69389441034491,-16.192325379520707,86.08695652173914,16.101694915254235,94.69026548672566,4.23728813559322,50.27905126482806,Watch
Vegetable oil,2025-02-01,-1.2666405907774347,38.027965196053145,Calm,15.254237288135593,1137.5689122069175,3163.84,5.725175214896483,938.6638741273313,21.19023045011792,3.743441950235996,66.08695652173913,15.254237288135593,90.2654867256637,72.88135593220339,61.12200911693546,Watch
Vegetable oil,2025-03-01,-8.392614239341611,37.99806819747091,Calm,14.40677966101695,1045.993665580963,2958.33,-5.941444977643451,954.7846284479087,9.552838872293412,-3.215750824133186,30.434782608695656,14.40677966101695,76.10619469026548,29.66101694915254,37.65219347728265,Low
Vegetable oil,2025-04-01,-7.149366187713646,37.96992604573777,Calm,13.559322033898304,973.8223812300208,2800.0,-15.471904027885163,969.6451232729519,0.43080276039226817,-7.818641604666043,15.65217391304348,13.559322033898304,58.4070796460177,12.288135593220339,24.976677796544955,Low
Vegetable oil,2025-05-01,-1.6220703622827237,37.94343691135041,Calm,12.711864406779661,958.1537189151732,2800.0,-15.771808755187722,981.0863408280487,-2.3374723465745317,-7.172859528616897,13.91304347826087,12.711864406779661,51.32743362831859,20.76271186440678,24.678763344441474,Low
Vegetable oil,2025-06-01,-2.5492776843677234,37.918504741260534,Calm,11.864406779661017,934.0364343545716,2773.44,-10.70343300446359,988.9720546676475,-5.554820285749884,3.4388854962186364,20.869565217391305,11.864406779661017,43.36283185840708,63.559322033898304,34.914031472339424,Low
Vegetable oil,2025-07-01,1.236832415741418,37.8950389460851,Calm,11.016949152542372,945.6606375214996,2852.42,-2.891876819769801,1000.2454007052511,-5.457137133074042,-1.4100998044061233,42.608695652173914,11.016949152542372,44.24778761061947,38.983050847457626,34.214120815698344,Low
Vegetable oil,2025-08-01,-2.5484841606893127,37.87295410257994,Calm,10.16949152542373,921.8651262510324,2780.645,-3.787345594736813,1009.3043195416058,-8.663313095725723,0.4439912632352758,38.26086956521739,10.16949152542373,34.51327433628318,47.45762711864407,32.6003156363921,Low
Vegetable oil,2025-09-01,-1.1082003501378779,37.852169670823045,Calm,9.322033898305085,911.705412661573,2750.0,-2.390808417278667,1011.0822975290251,-9.828763208526004,0.6295053985249397,45.21739130434783,9.322033898305085,29.20353982300885,55.08474576271186,34.706927697093406,Low
Vegetable oil,2025-10-01,0.0,37.83260972555025,Calm,8.47457627118644,911.705412661573,2750.0,-3.5906353201842545,1006.7179595552275,-9.437851584134993,10.893824401272843,39.130434782608695,8.47457627118644,30.08849557522124,96.61016949152543,43.57591903013545,Low
Vegetable oil,2025-11-01,-3.11642357150399,37.8142027010869,Calm,7.627118644067797,883.7309753087061,2665.62,-4.136630170338174,990.6982186152254,-10.797157125813307,7.737556662908849,36.52173913043478,7.627118644067797,25.663716814159294,81.35593220338984,37.79212669801293,Low
Vegetable oil,2025-12-01,11.400024129418895,37.79688114932294,Calm,6.779661016949152,990.443607391436,2987.5,8.636363636363619,980.5629789117871,1.007648533765182,8.922471968946418,73.04347826086956,6.779661016949152,61.06194690265486,88.98305084745762,57.4670342569828,Watch
Vegetable oil,2026-01-01,-17.814618538347382,37.78058151018472,Calm,5.932203389830509,828.8231024196118,2500.0,-9.090909090909083,953.6257822085898,-13.087175506091707,-16.192325379520707,23.47826086956522,5.932203389830509,21.238938053097346,4.23728813559322,13.721672612021573,Low
Vegetable oil,2026-02-01,5.4724899689246875,37.76524389406564,Calm,5.084745762711865,875.444401930715,2640.625,-0.9376805396117738,931.7820730189061,-6.0462282672665175,3.743441950235996,52.17391304347826,5.084745762711865,42.47787610619469,72.88135593220339,43.15447271114705,Low
Vegetable oil,2026-03-01,-5.4724899689246875,37.75081187568832,Calm,4.23728813559322,828.8231024196118,2500.0,-16.317991631799156,913.6845260887936,-9.287825419616969,-3.215750824133186,13.043478260869565,4.23728813559322,31.858407079646017,29.66101694915254,19.700047606315337,Low
Vegetable oil,2026-04-01,-9.982033528221113,37.73723229888235,Calm,3.389830508474576,750.0849076897487,2262.5,-9.500000000000009,895.0397366271042,-16.195351223578946,-7.818641604666043,21.73913043478261,3.389830508474576,19.469026548672566,12.288135593220339,14.221530771287522,Low
Vegetable oil,2026-05-01,6.807370148162928,37.72445509177553,Calm,2.5423728813559325,802.9240381152039,2421.88,-8.283834319526617,882.1039298937735,-8.976254281976138,-7.172859528616897,26.08695652173913,2.5423728813559325,32.743362831858406,20.76271186440678,20.53385102484006,Low
Vegetable oil,2026-06-01,3.1746633800581847,37.712433091910405,Calm,1.694915254237288,828.8231024196118,2500.0,0.0,873.3361522325268,-5.096897649218512,3.4388854962186364,53.04347826086957,1.694915254237288,46.902654867256636,63.559322033898304,41.30009260406545,Low
Vegetable oil,2026-07-01,0.0,37.70112188081257,Calm,0.847457627118644,828.8231024196118,2500.0,10.497237569060779,863.5996909740362,-4.026933881275552,-1.4100998044061233,74.78260869565217,0.847457627118644,49.557522123893804,38.983050847457626,41.04265982353056,Low
Yam,2014-08-01,6.333164836143279,48.59816625013082,Elevated,79.16666666666666,244.2648052193784,125.8,,,,-16.105345164943582,,79.16666666666666,,4.513888888888888,41.84027777777777,Low
Yam,2014-09-01,-22.107409531182842,39.98259192744301,Calm,42.36111111111111,195.81665911825127,101.6,,,,-6.253518555742177,,42.36111111111111,,21.180555555555554,31.77083333333333,Low
Yam,2014-10-01,-8.087203412075628,61.70884474041483,High,92.36111111111111,180.60399738927535,94.4,,,,-4.0611604098088945,,92.36111111111111,,29.51388888888889,60.9375,Watch
Yam,2014-11-01,-14.570142970112698,42.04410085965196,Calm,58.333333333333336,156.11694049369453,82.2,-36.08701001624722,,,-2.206135269004636,0.7092198581560284,58.333333333333336,,37.84722222222222,32.29659180457053,Low
Yam,2014-12-01,11.618166289151777,49.81216784485607,Elevated,81.94444444444444,175.35053153584798,93.0,-10.451678460127356,,,3.868411183532886,25.53191489361702,81.94444444444444,,62.84722222222222,56.774527186761226,Watch
Yam,2015-01-01,0.7731416046119932,45.01743835792386,Elevated,68.05555555555556,176.71149375235643,94.4,-2.1552699238040596,188.14407125146735,-6.076501599580308,-0.17183845372621764,46.09929078014184,68.05555555555556,38.1294964028777,46.18055555555556,49.61622457353266,Low
Yam,2015-02-01,7.027319071768279,37.84240271099477,Calm,1.3888888888888888,189.57630618450185,102.0,21.432245331606858,188.34867624190085,0.6517858086904305,10.36475756145344,82.97872340425532,1.3888888888888888,57.55395683453237,87.84722222222221,57.442197837474694,Watch
Yam,2015-03-01,-3.898287713292792,40.494765452538424,Calm,47.22222222222222,182.3282688662761,98.8,3.9793077724441517,187.59612531994773,-2.808083826191632,8.45602425894532,57.446808510638306,47.22222222222222,50.35971223021583,79.51388888888889,58.63565796299131,Watch
Yam,2015-04-01,-13.654848906664885,38.94815300722127,Calm,31.944444444444443,159.05662142682857,86.8,-9.990788912841975,184.42506933182338,-13.755422729081968,11.716562385348803,27.659574468085108,31.944444444444443,11.510791366906476,96.18055555555556,41.82384145874789,Low
Yam,2015-05-01,15.042886703249092,48.544165645014694,Elevated,78.47222222222221,184.87669982851892,101.6,-2.4790051302134297,184.47023238149293,0.2203431099850217,5.685499718473867,44.680851063829785,78.47222222222221,56.11510791366906,71.18055555555556,62.61218418881916,Watch
Yam,2015-06-01,22.08975604436283,49.43904027681179,Elevated,80.55555555555556,230.57741800319627,127.6,26.46279122647035,188.66179471073872,22.217335182633935,2.2315069744737626,87.2340425531915,80.55555555555556,85.61151079136691,54.513888888888886,76.97874944725072,Elevated
Yam,2015-07-01,8.583087336156225,60.42138979904626,High,90.97222222222221,251.24223395623116,140.0,57.95773335460359,193.8768313145297,29.588580674003584,-13.52476422900257,97.87234042553192,90.97222222222221,89.92805755395683,12.847222222222221,72.90496060598329,Elevated
Yam,2015-08-01,5.599700753676462,41.8171460547087,Calm,56.94444444444444,265.71240955311544,150.0,43.72411980502415,195.6641316756745,35.80026511632204,-16.105345164943582,95.74468085106383,56.94444444444444,91.36690647482014,4.513888888888888,62.14248016480433,Watch
Yam,2015-09-01,-3.985780831651109,39.49659689567141,Calm,38.19444444444444,255.3299801690065,146.0,10.735033109559367,200.62357509657076,27.268183734689533,-6.253518555742177,69.50354609929079,38.19444444444444,87.76978417266187,21.180555555555554,54.162082567988165,Watch
Yam,2015-10-01,-5.463083088608567,38.993688830593236,Calm,32.63888888888889,241.7552661627336,140.0,-3.776024295003799,205.71951416102561,17.51693423381373,-4.0611604098088945,40.42553191489361,32.63888888888889,80.57553956834532,29.51388888888889,45.78846231525417,Low
Yam,2015-11-01,-18.346599116352902,39.89122095447414,Calm,40.97222222222222,201.23229281983308,118.0,-24.266881942671514,209.4791268548705,-3.936828532205461,-2.206135269004636,6.382978723404255,40.97222222222222,45.32374100719424,37.84722222222222,32.631541043760734,Low
Yam,2015-12-01,-2.2575223025876667,55.490346418689356,High,86.80555555555556,196.7403233087704,116.8,-22.94664215359856,211.26160950261405,-6.873603882897605,3.868411183532886,7.801418439716312,86.80555555555556,35.25179856115108,62.84722222222222,48.17649869466129,Low
Yam,2016-01-01,12.815444142231947,38.258874590890244,Calm,23.61111111111111,223.64034187364587,134.4,-7.493083636446607,215.1723468460548,3.9354476314976905,-0.17183845372621764,31.20567375886525,23.61111111111111,64.02877697841727,46.18055555555556,41.25652935098729,Low
Yam,2016-02-01,-24.0047392195617,46.47615648280191,Elevated,72.22222222222221,175.9133866570712,107.0,-12.581929971562944,214.03377021876892,-17.81045277235177,10.36475756145344,21.98581560283688,72.22222222222221,7.913669064748201,87.84722222222221,47.49223227800738,Low
Yam,2016-03-01,20.108662310536207,65.0089749953164,High,93.05555555555556,215.0946955857839,132.4,9.329237630766517,216.7643057787279,-0.7702422162846001,8.45602425894532,65.24822695035462,93.05555555555556,53.23741007194245,79.51388888888889,72.76377036668538,Elevated
Yam,2016-04-01,18.50462319845283,57.13439973297669,High,88.19444444444444,258.81786948961246,161.2,15.729508961241656,225.07774311729324,14.990432152474732,11.716562385348803,78.01418439716312,88.19444444444444,77.6978417266187,96.18055555555556,85.02175653094545,Alert
Yam,2016-05-01,9.645133930635552,54.575927619845345,Elevated,84.72222222222221,285.02472960163084,179.6,62.02560533796289,233.42341226505255,22.106316087087663,5.685499718473867,98.58156028368793,84.72222222222221,84.17266187050359,71.18055555555556,84.66424998299232,Elevated
Yam,2016-06-01,-43.494428945404366,42.84924968430349,Elevated,63.19444444444444,184.4967148410147,117.6,-14.225353471148782,229.58335366820407,-19.63846163356817,2.2315069744737626,19.858156028368796,63.19444444444444,5.755395683453238,54.513888888888886,35.83047126128884,Low
Yam,2016-07-01,5.125302840881574,102.38544483329468,High,99.30555555555556,194.1992484734558,125.2,-24.966831364304266,224.8297715446395,-13.62387323562354,-13.52476422900257,5.673758865248227,99.30555555555556,12.23021582733813,12.847222222222221,32.51418811759103,Low
Yam,2016-08-01,-1.3658189342556248,39.21343636465774,Calm,35.41666666666667,191.56486974201732,125.2,-32.79008807068745,218.6508098937146,-12.38776118179652,-16.105345164943582,1.4184397163120568,35.41666666666667,18.705035971223023,4.513888888888888,15.013507810772659,Low
Yam,2016-09-01,-18.18360932157983,38.0189865559267,Calm,15.972222222222221,159.71490840524913,105.8,-13.432112575619925,210.68288724673485,-24.191798160519852,-6.253518555742177,20.56737588652482,15.972222222222221,1.4388489208633095,21.180555555555554,14.789750646291477,Low
Yam,2016-10-01,-11.467271162435111,55.23225175808351,High,85.41666666666666,142.41106388885498,95.6,-26.66755149244541,202.40420372391165,-29.640263755040376,-4.0611604098088945,4.964539007092199,85.41666666666666,0.7194244604316548,29.51388888888889,30.15362975576985,Low
Yam,2016-11-01,13.081674222361261,45.72082752964402,Elevated,70.13888888888889,162.3142764565786,110.4,-15.269288844468631,199.16103569364043,-18.500987961190052,-2.206135269004636,19.148936170212767,70.13888888888889,7.194244604316546,37.84722222222222,33.58232297141011,Low
Yam,2016-12-01,5.700793937103654,46.81392324204819,Elevated,74.30555555555556,171.83631614775413,118.4,7.5894028075006,197.0857017635557,-12.811373625720112,3.868411183532886,63.12056737588653,74.30555555555556,16.546762589928058,62.84722222222222,54.20502693589809,Watch
Yam,2017-01-01,-1.9564758954128791,39.56013521320577,Calm,39.58333333333333,168.5070543422854,117.6,18.324412261814913,192.49126113594238,-12.459893842515124,-0.17183845372621764,80.1418439716312,39.58333333333333,17.985611510791365,46.18055555555556,45.97283609282786,Low
Yam,2017-02-01,1.9178167958787462,38.167097817895126,Calm,21.52777777777778,171.76989861429618,121.4,5.825502453721065,192.14597046571112,-10.604475234129929,10.36475756145344,60.28368794326241,21.52777777777778,24.46043165467626,87.84722222222221,48.529779899484666,Low
Yam,2017-03-01,9.519798239996824,37.9810636649164,Calm,13.194444444444445,188.9256903144891,135.2,9.945146957201167,189.96522002643655,-0.5472210712059833,8.45602425894532,67.37588652482269,13.194444444444445,53.956834532374096,79.51388888888889,53.51026359763253,Watch
Yam,2017-04-01,7.27242372243575,42.72228155616323,Elevated,62.5,203.1770978725076,147.2,20.57483211343638,185.3284890583445,9.630796055615631,11.716562385348803,82.26950354609929,62.5,69.06474820143885,96.18055555555556,77.50370182577342,Elevated
Yam,2017-05-01,7.869058136034646,40.687383910149116,Calm,49.30555555555556,219.81110928548364,161.2,27.96835246381699,179.89402069866557,22.189224762329275,5.685499718473867,89.36170212765957,49.30555555555556,84.89208633093526,71.18055555555556,73.68497489242648,Elevated
Yam,2017-06-01,7.809143466997526,41.181183878466655,Calm,54.166666666666664,237.6645006576819,176.4,25.797873366010382,184.32466951672117,28.9379773639697,2.2315069744737626,86.52482269503547,54.166666666666664,89.20863309352518,54.513888888888886,71.10350283602905,Elevated
Yam,2017-07-01,8.116584479638256,41.13002468084445,Calm,52.77777777777778,257.7592121397424,193.6,26.864304510090363,189.62133315557836,35.93365675172162,-13.52476422900257,88.65248226950354,52.77777777777778,92.08633093525181,12.847222222222221,61.59095330118883,Watch
Yam,2017-08-01,14.471202593142696,41.396192791693295,Calm,55.55555555555556,297.89405071963904,226.0,35.522745728353414,198.4820982370468,50.08610517804215,-16.105345164943582,92.90780141843972,55.55555555555556,98.56115107913669,4.513888888888888,62.88459923550521,Watch
Yam,2017-09-01,-34.78183887299062,48.65005621560222,Elevated,79.86111111111111,210.38085850975588,161.2,-11.47989795380665,202.70426074575573,3.7870924546715035,-6.253518555742177,23.404255319148938,79.86111111111111,63.30935251798561,21.180555555555554,46.938818625950304,Low
Yam,2017-10-01,-0.9831598634827188,85.1123798191154,High,98.61111111111111,208.32261285024452,161.2,-19.17937243798532,208.19688982587152,0.060386600625084164,-4.0611604098088945,10.638297872340425,98.61111111111111,55.39568345323741,29.51388888888889,48.539745331394464,Low
Yam,2017-11-01,-0.9735878620357852,37.94581819136131,Calm,9.027777777777777,206.3042503865456,161.2,-30.745763506130764,211.8627209867021,-2.623618999260091,-2.206135269004636,3.546099290780142,9.027777777777777,51.07913669064749,37.84722222222222,25.37505899535691,Low
Yam,2017-12-01,-24.652718366703663,37.944218861952834,Calm,7.638888888888889,161.2288588442819,127.2,-23.363342089981387,210.97876621141276,-23.58052815479953,3.868411183532886,7.092198581560284,7.638888888888889,2.158273381294964,62.84722222222222,19.93414576849159,Low
Yam,2018-01-01,13.648163199909558,66.15697439223491,High,94.44444444444444,184.80597134105457,147.2,-11.288568815184362,212.33700929464354,-12.965727474943511,-0.17183845372621764,24.822695035460992,94.44444444444444,15.107913669064748,46.18055555555556,45.13890217613144,Low
Yam,2018-02-01,-11.542414719509253,47.547983788557794,Elevated,75.0,164.65993118395204,132.4,-20.18587553313417,211.7445120087815,-22.236505861779676,10.36475756145344,9.929078014184398,75.0,2.877697841726619,87.84722222222221,43.9134995195333,Low
Yam,2018-03-01,6.0628475534246995,45.81254535132965,Elevated,70.83333333333334,174.95185109671465,142.0,8.511498717290245,210.58002540730033,-16.919066393725746,8.45602425894532,63.829787234042556,70.83333333333334,8.633093525179856,79.51388888888889,55.70252574536116,Watch
Yam,2018-04-01,12.00131497716903,39.79677033953676,Calm,40.27777777777778,197.26025519979424,161.6,6.739113335118163,210.0869551845742,-6.105424286582151,11.716562385348803,61.702127659574465,40.27777777777778,37.410071942446045,96.18055555555556,58.89263323383847,Watch
Yam,2018-05-01,19.5962509333806,45.47320929646368,Elevated,69.44444444444444,239.96341124687103,198.4,45.732728977514704,211.76631368135648,13.315194978528332,5.685499718473867,96.45390070921985,69.44444444444444,74.10071942446042,71.18055555555556,77.79490503342006,Elevated
Yam,2018-06-01,-21.675406172318468,56.30636424045609,High,87.5,193.20125098954293,161.2,10.431098487057389,208.06104287567825,-7.142034703255062,2.2315069744737626,68.08510638297872,87.5,32.37410071942446,54.513888888888886,60.61827399782302,Watch
Yam,2018-07-01,45.34992453337097,60.971295112388354,High,91.66666666666666,304.06200432136325,256.0,54.142558526752026,211.9196088908133,43.47988178763777,-13.52476422900257,97.16312056737588,91.66666666666666,95.68345323741008,12.847222222222221,74.34011567341871,Elevated
Yam,2018-08-01,-26.838486460365374,104.64040332955439,High,100.0,232.48989868993104,197.6,-3.1144383712945922,206.46926288833765,12.602668037646758,-16.105345164943582,42.5531914893617,100.0,73.38129496402878,4.513888888888888,55.112093835569844,Watch
Yam,2018-09-01,-17.045473497042707,70.09862026822671,High,95.83333333333334,196.0543746849617,168.2,1.4767625368912185,205.27538923627148,-4.4920214671698595,-6.253518555742177,54.60992907801418,95.83333333333334,41.726618705035975,21.180555555555554,53.33760916798476,Watch
Yam,2018-10-01,4.397649120755354,53.460448354454854,Elevated,84.02777777777779,204.86854587573657,177.39999999999998,-32.62277332776806,204.98755032172912,-0.058054474920921084,-4.0611604098088945,2.127659574468085,84.02777777777779,54.67625899280576,29.51388888888889,42.58639630848513,Low
Yam,2018-11-01,-7.080314190594539,38.82811803350502,Calm,29.86111111111111,190.86481296408445,166.8,-17.904040545590092,203.70093053652406,-6.301452594561452,-2.206135269004636,14.184397163120568,29.86111111111111,35.97122302158273,37.84722222222222,29.465988379509156,Low
Yam,2018-12-01,-4.325750589205413,41.13831976726726,Calm,53.47222222222222,182.78450415383904,161.2,-6.768464387721984,205.49723431232044,-11.052572183994435,3.868411183532886,32.62411347517731,53.47222222222222,23.741007194244602,62.84722222222222,43.171141278466585,Low
Yam,2019-01-01,1.306114607763842,39.178849735185175,Calm,34.02777777777778,185.187538291528,164.8,-9.60665167025988,205.52903155819322,-9.89713867303742,-0.17183845372621764,29.078014184397162,34.02777777777778,25.899280575539567,46.18055555555556,33.796407023317514,Low
Yam,2019-02-01,-0.6520663645947167,37.88679199876678,Calm,3.4722222222222223,183.98392109906231,165.2,-3.605112832566437,207.1393640511191,-11.178678209296011,10.36475756145344,41.13475177304964,3.4722222222222223,22.302158273381295,87.84722222222221,38.68908862271884,Low
Yam,2019-03-01,6.351136474982244,37.89706654949039,Calm,4.166666666666666,196.04804038632616,177.6,7.256378922211026,208.8973798252534,-6.1510294909758905,8.45602425894532,62.4113475177305,4.166666666666666,36.69064748201439,79.51388888888889,45.69563763882511,Low
Yam,2019-04-01,7.747264830778633,39.99522010103963,Calm,43.05555555555556,211.8402348816381,193.6,14.392273279291935,210.1123781320737,0.8223488615593633,11.716562385348803,76.59574468085107,43.05555555555556,58.27338129496403,96.18055555555556,68.52630927173155,Watch
Yam,2019-05-01,3.277178847908413,41.077553192688846,Calm,52.083333333333336,218.89762833365256,201.8,18.976499156027703,208.35689622263885,5.058979233281757,5.685499718473867,81.56028368794325,52.083333333333336,65.46762589928058,71.18055555555556,67.57294961902818,Watch
Yam,2019-06-01,10.462197593438916,38.354404050970565,Calm,26.38888888888889,243.0400260254784,226.0,23.969627825175554,212.51012747563345,14.36632640171256,2.2315069744737626,85.1063829787234,26.38888888888889,76.2589928057554,54.513888888888886,60.56703839056414,Watch
Yam,2019-07-01,-8.963766386847727,43.70936584552871,Elevated,65.27777777777779,222.2023564116217,208.4,4.891479437687196,205.68849014982166,8.028580621974267,-13.52476422900257,59.57446808510638,65.27777777777779,68.34532374100719,12.847222222222221,51.51119795652839,Watch
Yam,2019-08-01,-12.039865896843516,42.907646425463696,Elevated,63.888888888888886,196.99726060711225,186.8,-10.004844681623915,202.73077030958677,-2.8281398495743737,-16.105345164943582,26.95035460992908,63.888888888888886,49.64028776978417,4.513888888888888,36.248355039372754,Low
Yam,2019-09-01,-13.253041179972058,46.42958013830791,Elevated,71.52777777777779,172.54523108585113,165.4,-29.00542601663364,200.77167500966087,-14.05897715524439,-6.253518555742177,4.25531914893617,71.52777777777779,10.79136690647482,21.180555555555554,26.938754847186082,Low
Yam,2019-10-01,5.591034422522245,48.00287744235625,Elevated,77.08333333333334,182.46707677568315,176.8,-17.882474460500507,198.90488591798976,-8.264155536673979,-4.0611604098088945,14.893617021276595,77.08333333333334,30.215827338129497,29.51388888888889,37.92666664540708,Low
Yam,2019-11-01,4.439151798359653,39.491201899233126,Calm,37.5,190.74954283730645,186.8,-3.171474441091915,198.8952800740916,-4.095490468024554,-2.206135269004636,41.843971631205676,37.5,43.884892086330936,37.84722222222222,40.26902148493971,Low
Yam,2019-12-01,-6.102078826406299,38.8484737184603,Calm,30.555555555555557,179.4578722215746,177.6,4.006277711775197,198.6180607464029,-9.646750377495717,3.868411183532886,58.156028368794324,30.555555555555557,27.33812949640288,62.84722222222222,44.72423391074375,Low
Yam,2020-01-01,1.62615924015439,40.35215141061253,Calm,45.83333333333333,182.4,182.4,-0.03676102936948089,198.38576588877558,-8.057919789335067,-0.17183845372621764,51.77304964539007,45.83333333333333,30.935251798561154,46.18055555555556,43.68054758321003,Low
Yam,2020-02-01,-4.374740475595651,37.93035627163797,Calm,6.944444444444445,174.59249750818788,176.4,-8.470293081068714,197.60314725620273,-11.644880189170447,10.36475756145344,30.49645390070922,6.944444444444445,20.863309352517987,87.84722222222221,36.53785747997347,Low
Yam,2020-03-01,17.080345776035166,39.206602709440155,Calm,34.72222222222222,207.1116729494973,211.4,15.409633684823177,198.52511663646695,4.325173790857795,8.45602425894532,77.30496453900709,34.72222222222222,64.74820143884892,79.51388888888889,64.07231927224177,Watch
Yam,2020-04-01,12.83943929889828,52.393178584102024,Elevated,83.33333333333334,235.4862495981614,242.8,29.104303507763916,200.49561786284391,17.452068084228188,11.716562385348803,90.0709219858156,83.33333333333334,79.13669064748201,96.18055555555556,87.18037538054662,Alert
Yam,2020-05-01,-6.154422048998409,46.50640579713124,Elevated,72.91666666666666,221.43039651362884,230.6,26.82698264468346,200.7066818778419,10.325373546058735,5.685499718473867,87.94326241134752,72.91666666666666,69.7841726618705,71.18055555555556,75.45616432386005,Elevated
Yam,2020-06-01,2.2785966301801075,40.39178276886427,Calm,46.52777777777778,226.5338245296625,238.26,9.377622856100999,199.33116508652392,13.646967563416723,2.2315069744737626,65.95744680851064,46.52777777777778,74.82014388489209,54.513888888888886,60.45481434001734,Watch
Yam,2020-07-01,4.944110047312833,38.05824617572492,Calm,17.36111111111111,238.0153982049026,252.8,1.0740111624593762,200.64891856929736,18.622816361056096,-13.52476422900257,53.191489361702125,17.36111111111111,81.29496402877699,12.847222222222221,41.173696680953114,Low
Yam,2020-08-01,-28.083299756574487,39.111888870333885,Calm,33.33333333333333,179.738384166696,193.6,-18.82849554684636,199.21067886592934,-9.774724332091845,-16.105345164943582,11.347517730496454,33.33333333333333,26.618705035971225,4.513888888888888,18.953361247172474,Low
Yam,2020-09-01,-1.3834430547537302,72.3862781359994,High,96.52777777777779,177.26892712613264,193.6,-21.747258938401526,199.60432020261945,-11.189834495472862,-6.253518555742177,8.51063829787234,96.52777777777779,21.58273381294964,21.180555555555554,36.95042636103883,Low
Yam,2020-10-01,-9.990599209519502,38.022789506338164,Calm,16.666666666666664,160.41463785401038,177.6,-32.60325211568341,197.76661695914672,-18.886897940339576,-4.0611604098088945,2.8368794326241136,16.666666666666664,6.474820143884892,29.51388888888889,13.87306378301614,Low
Yam,2020-11-01,7.27983962869061,44.00223467530993,Elevated,67.36111111111111,172.52813868794237,193.6,-4.011522364675635,196.24816661336638,-12.086751348946589,-2.206135269004636,39.00709219858156,67.36111111111111,20.14388489208633,37.84722222222222,41.089827606000306,Low
Yam,2020-12-01,-1.3283128547118217,40.69330582722429,Calm,50.0,170.2515786368653,193.6,-3.9585891351811786,195.48097548130727,-12.906318265663918,3.868411183532886,39.71631205673759,50.0,15.827338129496402,62.84722222222222,42.09771810211405,Low
Yam,2021-01-01,6.6297780083231395,38.0110201464497,Calm,15.277777777777779,181.9214494589903,209.6,13.407013158333324,195.44109626955643,-6.91750459274928,-0.17183845372621764,73.75886524822694,15.277777777777779,34.53237410071942,46.18055555555556,42.437393170569926,Low
Yam,2021-02-01,4.633723701349801,40.195343017390464,Calm,44.44444444444444,190.5495440575981,222.4,10.445487621153603,196.77085014867396,-3.1617010783737687,10.36475756145344,68.79432624113475,44.44444444444444,47.482014388489205,87.84722222222221,62.14200182407265,Watch
Yam,2021-03-01,-2.1807567125978977,38.94653722253272,Calm,31.25,186.4391043287446,220.4,9.508003286363742,195.0481360969446,-4.413798532235679,8.45602425894532,66.66666666666666,31.25,42.44604316546763,79.51388888888889,54.96914968025579,Watch
Yam,2021-04-01,10.728117414918703,38.23443361829652,Calm,22.916666666666664,207.55281586463667,248.474,14.089249223700984,192.72034995248418,7.69636725743259,11.716562385348803,74.46808510638297,22.916666666666664,66.18705035971223,96.18055555555556,64.93808942207936,Watch
Yam,2021-05-01,2.5165519008230497,44.00106789738807,Elevated,66.66666666666666,212.8422669389577,258.0,11.69917408704011,192.00467248792827,10.852649667856129,5.685499718473867,70.92198581560284,66.66666666666666,71.22302158273382,71.18055555555556,69.99805740513972,Watch
Yam,2021-06-01,-0.8071266828452828,38.11785986073962,Calm,20.833333333333336,211.131274437222,259.094,13.24409393478858,190.72112664689155,10.701566286423315,2.2315069744737626,73.04964539007092,20.833333333333336,70.50359712230215,54.513888888888886,54.72511618364882,Watch
Yam,2021-07-01,1.7455093510329256,37.918212870638314,Calm,5.555555555555555,214.84894230441245,266.88,3.515310746029199,188.79058865518402,13.802782138055946,-13.52476422900257,56.73758865248227,5.555555555555555,75.53956834532374,12.847222222222221,37.66998369389595,Low
Yam,2021-08-01,0.415404386735041,37.94983994889347,Calm,9.722222222222223,215.7432905304021,272.20000000000005,1.362992244522765,191.7909975188262,12.488747293378433,-16.105345164943582,53.90070921985816,9.722222222222223,72.66187050359713,4.513888888888888,35.1996727086416,Low
Yam,2021-09-01,-8.45476135181551,37.832395563651374,Calm,0.6944444444444444,198.2525291100468,254.0,-6.099875710741564,193.53963101748573,2.4351075114611875,-6.253518555742177,35.46099290780142,0.6944444444444444,61.15107913669065,21.180555555555554,29.621768011123017,Low
Yam,2021-10-01,-5.691961301758841,42.39796282697881,Elevated,60.416666666666664,187.28321776189435,243.6,-12.83028170716387,195.77867934314273,-4.339319076904347,-4.0611604098088945,21.27659574468085,60.416666666666664,43.16546762589928,29.51388888888889,38.59315473153392,Low
Yam,2021-11-01,-4.6583609672176784,40.051416190264284,Calm,43.75,178.7589758608106,236.0,-17.14274153261779,196.29791577421508,-8.934857939896846,-2.206135269004636,16.312056737588655,43.75,28.776978417266186,37.84722222222222,31.671564344269264,Low
Yam,2021-12-01,3.814807835592582,39.37252663752516,Calm,36.80555555555556,185.7100289838185,248.8,-6.326527173464791,197.5861199697945,-6.010589705284741,3.868411183532886,34.04255319148936,36.80555555555556,38.84892086330935,62.84722222222222,43.13606295814412,Low
Yam,2022-01-01,-8.695893746366501,38.56332075766292,Calm,28.47222222222222,170.24312046963104,231.4,-9.098571402125055,196.61292588734793,-13.41204058619515,-0.17183845372621764,29.78723404255319,28.47222222222222,12.949640287769784,46.18055555555556,29.347413027025187,Low
Yam,2022-02-01,3.2190088966125963,42.63661273842705,Elevated,61.111111111111114,175.81241886741134,242.4,-1.6483407220309831,195.38483212149902,-10.017365750232177,10.36475756145344,47.5177304964539,61.111111111111114,25.179856115107913,87.84722222222221,55.413979986223794,Watch
Yam,2022-03-01,3.142539207797679,38.33385829128828,Calm,25.694444444444443,181.4251218616718,253.678,-2.3073105666899796,194.96700024924294,-6.945728441356436,8.45602425894532,45.39007092198582,25.694444444444443,33.81294964028777,79.51388888888889,46.10283847390173,Low
Yam,2022-04-01,-7.961137429601006,38.30746446867297,Calm,25.0,167.5415939553357,237.534,-1.5868638373421007,191.63273175680118,-12.571515095886255,11.716562385348803,48.226950354609926,25.0,17.26618705035971,96.18055555555556,46.668423240131304,Low
Yam,2022-05-01,20.70571102217338,41.92553595328108,Calm,57.638888888888886,206.08500983796355,296.2,17.218687488386266,191.06962699838502,7.858592218691807,5.685499718473867,79.43262411347519,57.638888888888886,67.62589928057554,71.18055555555556,68.9694919596238,Watch
Yam,2022-06-01,9.1819696442478,58.11113657402609,High,88.88888888888889,225.90362024592167,329.092,24.51617390570786,192.30065581577665,17.474180879724365,2.2315069744737626,85.81560283687944,88.88888888888889,79.85611510791367,54.513888888888886,77.26862393064272,Elevated
Yam,2022-07-01,-0.9784727379890334,42.38684252181948,Calm,59.72222222222222,223.70399382958365,330.25200000000007,33.521466847939905,193.0385767762076,15.88564190924744,-13.52476422900257,91.48936170212765,59.72222222222222,78.41726618705036,12.847222222222221,60.619018083405614,Watch
Yam,2022-08-01,-13.366953120337755,37.94503363622524,Calm,8.333333333333332,195.71395708557287,294.868,-5.032414905162208,191.36946565580516,2.2702114022629116,-16.105345164943582,38.297872340425535,8.333333333333332,60.431654676258994,4.513888888888888,27.89418730972669,Low
Yam,2022-09-01,-5.958309610893675,48.15534794684583,Elevated,77.77777777777779,184.39332178158972,283.40599999999995,-18.37522498273525,190.21453171176708,-3.0603392273931385,-6.253518555742177,13.47517730496454,77.77777777777779,48.201438848920866,21.180555555555554,40.15873737180468,Low
Yam,2022-10-01,-1.0924434061117871,40.24474456310565,Calm,45.13888888888889,182.38989218833188,285.86,-18.468200291821613,189.80675458063686,-3.9075861176236626,-4.0611604098088945,12.76595744680851,45.13888888888889,46.043165467625904,29.51388888888889,33.36547517305305,Low
Yam,2022-11-01,1.8701613926423555,37.96487773858531,Calm,11.805555555555555,185.832972766998,296.894,-5.048686596354779,190.39625432281915,-2.3967286394636966,-2.206135269004636,37.5886524822695,11.805555555555555,51.798561151079134,37.84722222222222,34.7599978527816,Low
Yam,2022-12-01,-1.737018583594363,37.972062649236754,Calm,12.5,182.632892947332,297.322,-0.9547139870623389,190.13982631977862,-3.9481120382540924,3.868411183532886,49.645390070921984,12.5,44.60431654676259,62.84722222222222,42.3992322099767,Low
Yam,2023-01-01,8.581350880053229,38.107106514238154,Calm,18.75,198.9973677721921,330.0,9.10548023500759,192.53601359499203,3.3559197869297286,-0.17183845372621764,64.53900709219859,18.75,62.589928057553955,46.18055555555556,48.01487267632703,Low
Yam,2023-02-01,-26.42617616297578,41.81554160634883,Calm,56.25,152.784714499712,258.0,-17.78385061337997,190.6170382310171,-19.847293863339978,10.36475756145344,15.602836879432624,56.25,3.597122302158273,87.84722222222221,40.82429535095328,Low
Yam,2023-03-01,7.185056851391547,69.34743438324205,High,95.13888888888889,164.16637646978864,282.2,-10.111276331185737,189.17880944836017,-13.221582825004052,8.45602425894532,26.24113475177305,95.13888888888889,14.388489208633093,79.51388888888889,53.82060043454598,Watch
Yam,2023-04-01,1.1148868482477425,40.61803229569821,Calm,48.61111111111111,166.00688654854105,290.4,-16.578350554575096,189.05091716446063,-12.189324950945856,11.716562385348803,17.73049645390071,48.61111111111111,19.424460431654676,96.18055555555556,45.48665588805551,Low
Yam,2023-05-01,-6.3713592266634755,37.86681205383168,Calm,2.7777777777777777,155.75989398941422,277.2,1.947301796154366,184.85715751041482,-15.740404057311796,5.685499718473867,55.319148936170215,2.7777777777777777,9.352517985611511,71.18055555555556,34.65750006377877,Low
Yam,2023-06-01,34.98223323216338,40.55901063302087,Calm,47.91666666666667,220.99454385702316,400.0,34.61620376185408,184.44806781133994,19.81396524200203,2.2315069744737626,92.19858156028369,47.91666666666667,82.01438848920863,54.513888888888886,69.16088140126197,Watch
Yam,2023-07-01,31.291195604410404,84.06834250852683,High,97.91666666666666,302.18818994915904,556.1279999999999,82.03352657951216,190.98841748797122,58.22330690194413,-13.52476422900257,99.29078014184397,97.91666666666666,99.28057553956835,12.847222222222221,77.3338111425753,Elevated
Yam,2023-08-01,8.968449246192645,77.0033568054149,High,97.22222222222221,330.54224125938094,625.1600000000001,112.21267734160456,202.22410783578857,63.45343035351163,-16.105345164943582,100.0,97.22222222222221,100.0,4.513888888888888,75.43402777777779,Elevated
Yam,2023-09-01,-6.767578276116026,42.1800219721215,Calm,59.02777777777778,308.91268944127125,600.0,39.78294850624388,212.6007218074287,45.30180651083624,-6.253518555742177,94.32624113475178,59.02777777777778,96.40287769784173,21.180555555555554,67.73436304148171,Watch
Yam,2023-10-01,-2.287992527304894,40.87665555647377,Calm,51.388888888888886,301.92503354194054,601.8199999999999,-0.08708361741825987,222.56198358689608,35.65885272767544,-4.0611604098088945,51.06382978723404,51.388888888888886,90.64748201438849,29.51388888888889,55.65352239485008,Watch
Yam,2023-11-01,-1.0495541343712667,38.2687723507452,Calm,24.305555555555554,298.7727383291342,610.768,-9.611329193268459,231.9736307170741,28.795991770948937,-2.206135269004636,28.368794326241137,24.305555555555554,88.48920863309353,37.84722222222222,44.75269518427811,Low
Yam,2023-12-01,-2.9753638014259565,37.95722232832575,Calm,10.416666666666668,290.01410910900967,607.648,-6.11777404367666,240.9220653972139,20.376732048538827,3.868411183532886,34.751773049645394,10.416666666666668,82.73381294964028,62.84722222222222,47.687368722043644,Low
Yam,2024-01-01,20.981793769321566,38.52151907817613,Calm,27.77777777777778,357.718910426716,767.742,18.479380868239637,254.14886061842424,40.75172698247522,-0.17183845372621764,80.85106382978722,27.77777777777778,94.24460431654677,46.18055555555556,62.26350036991683,Watch
Yam,2024-02-01,-6.729293351752208,58.56696583431456,High,89.58333333333334,334.43902570777254,734.828,11.937597646324626,269.2867198857626,24.194399875957128,10.36475756145344,71.63120567375887,89.58333333333334,86.33093525179856,87.84722222222221,83.84817412027824,Elevated
Yam,2024-03-01,6.20381059571482,40.84528156065387,Calm,50.69444444444444,355.8440894818752,800.0,22.698888883409985,285.2598626367698,24.743833987953103,8.45602425894532,84.39716312056737,50.69444444444444,87.05035971223022,79.51388888888889,75.41396404153272,Elevated
Yam,2024-04-01,16.40567415103895,39.89270404644545,Calm,41.66666666666667,419.2843903233197,964.0,17.210574588624205,306.366321284668,36.857206942707975,11.716562385348803,78.72340425531915,41.66666666666667,92.80575539568345,96.18055555555556,77.34409546830621,Elevated
Yam,2024-05-01,13.03625427617563,51.391691012756304,Elevated,82.63888888888889,477.6661073871576,1122.58,42.82606713623625,333.1918390678133,43.36068636121067,5.685499718473867,95.0354609929078,82.63888888888889,94.96402877697841,71.18055555555556,85.95473355358266,Alert
Yam,2024-06-01,1.8202894784900003,46.75596692150662,Elevated,73.61111111111111,486.4406318734042,1168.0,36.70049503468875,355.31234640251176,36.90507430956118,2.2315069744737626,93.61702127659575,73.61111111111111,93.5251798561151,54.513888888888886,78.81680028317771,Elevated
Yam,2024-07-01,11.973171924028225,37.96294207266166,Calm,11.11111111111111,548.313159312536,1344.516,30.77356848169788,375.8227605161265,45.896740942332556,-13.52476422900257,90.78014184397163,11.11111111111111,97.12230215827337,12.847222222222221,52.96519433389459,Watch
Yam,2024-08-01,5.653588190077752,45.43937035950833,Elevated,68.75,580.2055656188209,1450.0,21.46676447122364,396.62803754607984,46.28455648484335,-16.105345164943582,83.68794326241135,68.75,97.84172661870504,4.513888888888888,63.698389692501316,Watch
Yam,2024-09-01,-20.788153526925246,39.53032715988523,Calm,38.88888888888889,471.3028725959635,1200.0,-3.111943839712039,410.16055280897086,14.906923488439228,-6.253518555742177,43.262411347517734,38.88888888888889,76.97841726618705,21.180555555555554,45.077568264537305,Low
Yam,2024-10-01,9.45435084311983,59.47412243660301,High,90.27777777777779,518.0358443177047,1343.346,-5.521901942457907,428.1697870402845,20.98841627724777,-4.0611604098088945,36.17021276595745,90.27777777777779,83.45323741007195,29.51388888888889,59.85377921067402,Watch
Yam,2024-11-01,-13.081158569799456,42.65652008196677,Elevated,61.80555555555556,454.5158796322349,1200.0,-21.662957654074045,441.14838214887624,3.0301590177536752,-2.206135269004636,9.219858156028367,61.80555555555556,61.87050359712231,37.84722222222222,42.685784882732115,Low
Yam,2024-12-01,-1.7652410368686589,47.77431110457617,Elevated,75.69444444444444,446.5629792507319,1200.0,-5.24925579361798,454.19412132735306,-1.6801499002936482,3.868411183532886,36.87943262411347,75.69444444444444,52.51798561151079,62.84722222222222,56.984771225572736,Watch
Yam,2025-01-01,-1.7346200309095394,38.11449367232162,Calm,20.13888888888889,438.8836048982779,1200.0,-15.27929781069044,460.95784586664996,-4.788776493622782,-0.17183845372621764,18.439716312056735,20.13888888888889,41.007194244604314,46.18055555555556,31.441588750276374,Low
Yam,2025-02-01,8.002334247351683,38.10648316658427,Calm,18.055555555555554,475.4480314044241,1322.33,4.60537303759907,472.7085963413709,0.5795187741995056,10.36475756145344,58.86524822695035,18.055555555555554,56.83453237410072,87.84722222222221,55.400639594707215,Watch
Yam,2025-03-01,4.031232195792089,41.29622335523036,Calm,54.861111111111114,495.0060107605804,1400.0,10.847973020766055,484.30542311459635,2.2094709526826906,8.45602425894532,70.2127659574468,54.861111111111114,58.992805755395686,79.51388888888889,65.89514292821062,Watch
Yam,2025-04-01,-24.626796747904134,38.65703357319654,Calm,29.166666666666668,386.9524967062398,1112.592,-11.832546855805749,481.6110986465064,-19.654572373080683,11.716562385348803,22.69503546099291,29.166666666666668,5.0359712230215825,96.18055555555556,38.26955722655918,Low
Yam,2025-05-01,13.945113257636965,66.1108591331252,High,93.75,444.8570837820448,1300.0,-6.434130672918514,478.8770133460803,-7.104105775787062,5.685499718473867,33.33333333333333,93.75,33.093525179856115,71.18055555555556,57.839353517186254,Watch
Yam,2025-06-01,-9.888196357998957,47.94086461891332,Elevated,76.38888888888889,402.973622504843,1196.552,-18.592175903950935,471.92142923203346,-14.610018205655662,2.2315069744737626,12.056737588652481,76.38888888888889,10.071942446043165,54.513888888888886,38.25786445311836,Low
Yam,2025-07-01,-1.28335363854033,43.88922691494455,Elevated,65.97222222222221,397.8350891614136,1200.0,2.812384607363172,459.3815900527732,-13.397685545972626,-13.52476422900257,56.02836879432624,65.97222222222221,13.66906474820144,12.847222222222221,37.12921949674303,Low
Yam,2025-08-01,-0.8368249670517081,38.001697958681675,Calm,13.88888888888889,394.5197967517352,1190.0,-11.315383943615487,443.90777598051613,-11.125729690067121,-16.105345164943582,24.113475177304963,13.88888888888889,23.021582733812952,4.513888888888888,16.38445892222392,Low
Yam,2025-09-01,0.8368249670517081,37.922601968097595,Calm,6.25,397.8350891614136,1200.0,-1.2751537709810412,437.7854606943036,-9.125559233861013,-6.253518555742177,48.93617021276596,6.25,28.05755395683453,21.180555555555554,26.10606993128901,Low
Yam,2025-10-01,-2.0367686912298844,37.84585194146696,Calm,2.083333333333333,389.8140707054376,1175.806,-2.0161666666666522,427.1003128932814,-8.730090112849076,-4.0611604098088945,46.808510638297875,2.083333333333333,29.496402877697843,29.51388888888889,26.975533934554484,Low
Yam,2025-11-01,2.0367686912298844,38.19050568589277,Calm,22.22222222222222,397.8350891614136,1200.0,0.8403361344537563,422.3769136873796,-5.810408602050288,-2.206135269004636,52.4822695035461,22.22222222222222,39.568345323741006,37.84722222222222,38.03001481793289,Low
Yam,2025-12-01,-18.23215567939549,38.004748287224736,Calm,14.583333333333334,331.5292409678447,1000.0,-16.66666666666665,412.79076883047236,-19.68588786344703,3.868411183532886,17.02127659574468,14.583333333333334,4.316546762589928,62.84722222222222,24.69209472847254,Low
Yam,2026-01-01,15.272108701766385,55.30901466750046,High,86.11111111111111,386.23156572753913,1165.0,-0.9190291595722266,408.4030988995774,-5.428835685081335,-0.17183845372621764,50.35460992907801,86.11111111111111,40.28776978417266,46.18055555555556,55.73351159497933,Watch
Yam,2026-02-01,-4.450904084015317,49.76055565438583,Elevated,81.25,369.41772874261386,1114.284,-7.142999999999988,399.5672403444266,-7.545541415213086,10.36475756145344,31.914893617021278,81.25,31.654676258992804,87.84722222222221,58.16669802455907,Watch
Yam,2026-03-01,2.483172758025365,39.250281995937094,Calm,36.11111111111111,378.70585195756905,1142.3000000000002,14.23000000000001,389.8755604441756,-2.8649419506781015,8.45602425894532,75.177304964539,36.11111111111111,48.92086330935252,79.51388888888889,59.930792068472876,Watch
Yam,2026-04-01,-0.7881807275039066,38.109081700369664,Calm,19.444444444444446,375.7326977245693,1133.332,-2.718283261802612,388.9405771957031,-3.395860510714477,11.716562385348803,43.97163120567376,19.444444444444446,46.76258992805755,96.18055555555556,51.589805283432824,Watch
Yam,2026-05-01,10.396365650903228,37.91546976577961,Calm,4.861111111111112,416.8980205170647,1257.5,12.852737722160601,386.6106552569548,7.8340741126185165,5.685499718473867,72.3404255319149,4.861111111111112,66.90647482014388,71.18055555555556,53.82214175468137,Watch
Yam,2026-06-01,3.707741778289897,43.63802730586805,Elevated,64.58333333333334,432.64565946303736,1305.0,14.24319355685897,389.083325003471,11.196145313906158,2.2315069744737626,75.88652482269504,64.58333333333334,71.94244604316546,54.513888888888886,66.73154827202069,Watch
Yam,2026-07-01,-8.388148398070161,38.5189914240439,Calm,27.083333333333332,397.8350891614136,1200.0,5.882477508797068,389.083325003471,2.249329024281499,-13.52476422900257,60.99290780141844,27.083333333333332,59.71223021582733,12.847222222222221,40.15892339320033,Low
