item,month,price_real_kg,mom_3m,mom_6m,mom_12m,trend_gap,z12,vol_ann,vol_chg,seasonal_risk,pos_12m,sin_m,cos_m,fx_mom_3m,fx_mom_12m,fx_vol_12m,mkt_mom_3m,rel_strength,future_ret,event,naive_score
Beans,2018-12-01,330.6449219060761,-7.780029271691324,-20.12798751821856,-47.828156363652774,-36.91052457308982,-1.0115018634226176,163.0511143454094,0.00027090217849945475,0.0,0.001445596360258206,-2.4492935982947064e-16,1.0,0.21783743890895213,-2.738739927315126,5.6230405662376075,-9.515402082736573,1.7353728110452487,-0.10126274932638957,0.0,43.40659340659341
Beans,2019-01-01,302.5029448305784,-14.842754303933582,-23.56321262839114,-54.64101260694139,-38.73007457824208,-0.9786457455441878,165.69715322700733,0.00024015411108280205,0.0,0.0,0.49999999999999994,0.8660254037844387,0.7819502152876412,0.47397449155464066,4.783917091017496,-10.25957789071661,-4.583176413216972,-0.1029324018990353,0.0,39.56043956043956
Beans,2019-02-01,278.42603071892,-15.63063989007608,-34.192861759165396,-61.61227488266338,-39.006168618779554,-0.9383941907936193,166.80629698295203,0.00016604276311227295,0.0,0.0,0.8660254037844386,0.5000000000000001,0.02507858383955508,0.10108132515367352,4.798759775636695,-9.031489927460784,-6.5991499626152965,-0.10082160633084447,0.0,39.28571428571428
Beans,2019-03-01,297.16290806305744,-10.126274932638957,-17.11847705043903,-61.4214915314532,-28.7474415942803,-0.7208428845078573,165.4843863777898,9.717559802879805e-05,0.0,0.038653714339400076,1.0,6.123233995736766e-17,0.023634637485647758,0.06570359069988374,4.798161843619375,-5.800105641197982,-4.326169291440975,-0.29431745472631476,0.0,46.15384615384615
Beans,2019-04-01,271.3655901376356,-10.29324018990353,-23.608194142535986,-64.44197969548745,-27.842246582532447,-0.8061386586673543,167.3786660433994,7.612961704239751e-05,0.0,0.0,0.8660254037844387,-0.4999999999999998,-0.25775280898874264,0.30000000000001137,4.791958492891877,-1.766975641060807,-8.526264548842724,-0.28254124153800886,0.0,48.07692307692307
Beans,2019-05-01,250.35467105751744,-10.082160633084447,-24.136894301464086,-66.89196770653339,-25.025772462442387,-1.4692750402670756,167.53350777732342,4.368882596850199e-05,0.9064983958197103,0.0,0.49999999999999994,-0.8660254037844387,0.06617660554422145,0.2148618893462073,4.791804782490723,-2.0679354436102373,-8.01422518947421,-0.2973748958900486,0.0,51.098901098901095
Beans,2019-06-01,209.7026773228685,-29.431745472631476,-36.57768094123725,-49.34331740514977,-33.82661624341667,-1.7530775169848425,174.7032950750336,7.590194707063347e-05,30.84707559302147,0.0,1.2246467991473532e-16,-1.0,0.01476408422196318,-2.8538298009405327,3.4013119425555476,-3.724469846017529,-25.70727562661395,-0.06675361984399153,0.0,48.901098901098905
Beans,2019-07-01,194.69361938945357,-28.254124153800888,-35.63909948100014,-50.80459531983937,-35.1331881333458,-1.6222918224421556,173.0804606468792,2.9913889363797352e-05,15.780107156275502,0.0,-0.4999999999999997,-0.8660254037844388,-0.0027090533712192943,0.39583492046566526,0.7015440048429618,-5.8648051075840035,-22.389319046216883,-0.07658125635999358,0.0,46.97802197802197
Beans,2019-08-01,175.90547681620083,-29.737489589004863,-36.82146875347907,-58.42401660407308,-37.074274216248156,-1.6832142416458853,173.82784440722213,1.529805439304255e-05,6.169281136111158,0.0,-0.8660254037844384,-0.5000000000000004,-0.02108910768262584,0.29230406060325453,0.7029065931552817,-10.736803362786471,-19.00068622621839,-0.029392717419098657,0.0,41.48351648351649
Beans,2019-09-01,195.70426452059053,-6.675361984399153,-34.14243190840547,-45.41624458814233,-26.42005818254034,-1.1612245038688205,177.56267560386016,2.9305099445764426e-05,11.2516686093411,0.11040840948105649,-1.0,-1.8369701987210297e-16,-0.03764705882353114,0.21857974743884068,0.7016236519659728,-6.2354704574365565,-0.4398915269625965,-0.138777614691862,0.0,61.53846153846155
Beans,2019-10-01,179.7837374113348,-7.658125635999358,-33.74851346475093,-49.38929302830862,-28.47406373759842,-1.2310645325499376,176.53941139762026,1.1455897777068458e-05,7.174533889320158,0.02506316726728225,-0.8660254037844386,0.5000000000000001,-0.015498265568492098,0.5038799354377232,0.630906585895665,-5.683987419440127,-1.974138216559231,-0.11894144442225074,0.0,56.31868131868132
Beans,2019-11-01,170.73513684367043,-2.9392717419098657,-31.802695702671713,-48.26340695736566,-28.28720456863596,-1.1875240873412283,172.5103792470104,2.5835261965312384e-06,13.17230114677353,0.0,-0.5000000000000004,0.8660254037844384,0.34254483873450425,0.41294860939227185,0.5764128265743904,8.429833799093416,-11.369105541003282,-0.174505699601484,0.0,60.98901098901099
Beans,2019-12-01,168.54489350539777,-13.8777614691862,-19.626732640185708,-49.025409937106154,-24.94889352754249,-1.0827214682476558,167.5587518209682,6.30036538495915e-07,17.890148040585817,0.0,-2.4492935982947064e-16,1.0,0.0,0.0007406950188304506,0.6883625196415979,0.2936812863157331,-14.171442755501934,-0.10483165639672143,0.0,57.967032967032964
Beans,2020-01-01,158.4,-11.894144442225073,-18.641401553511606,-47.636873390203036,-25.48158834270304,-1.1134284842473519,164.60631241844143,1.3738480220126803e-07,18.283872260506797,0.0,0.49999999999999994,0.8660254037844387,-0.013987366277767865,-0.2898615526250703,0.6081246423592884,-0.3214706089457841,-11.57267383327929,0.023759551154372005,0.0,56.318681318681314
Beans,2020-02-01,140.9408823422106,-17.4505699601484,-19.87692203041741,-49.37941614931294,-29.917751917634217,-1.255835410782186,165.81651624359358,5.942209213571914e-08,23.244264761319172,0.0,0.8660254037844386,0.5000000000000001,-0.33121917405805057,0.05526922578222848,0.5031296740553997,-6.225394149861218,-11.225175810287181,0.19909506769708596,1.0,51.098901098901095
Beans,2020-03-01,150.8760531420179,-10.483165639672142,-22.906098386964967,-49.22783125072855,-20.136433821488342,-0.9745051828083225,167.31542871139547,9.615453677724872e-08,-0.3951635892105534,0.07617552661410514,1.0,6.123233995736766e-17,0.03913650131022184,0.016239010694207856,0.4996330271715269,12.455535479070537,-22.938701118742678,0.2124579146786123,1.0,49.175824175824175
Beans,2020-04-01,162.16351290285252,2.3759551154372005,-9.800788860100418,-40.24168177674855,-9.817512599983392,-0.5949005402964245,168.7212289927089,1.3750982930105238e-07,-11.23692870709273,0.1939666911257675,0.8660254037844387,-0.4999999999999998,17.68406725103715,17.646182727158234,16.258083848537417,19.306692409727898,-16.930737294290697,0.24363892697825196,1.0,49.45054945054945
Beans,2020-05-01,169.00151685342007,19.909506769708596,-1.0153855980082782,-32.49516130873666,-2.3325159526573103,-0.20470123951314173,72.14753089963615,3.079848497122839e-06,-17.14743117483475,0.4080846714240469,0.49999999999999994,-0.8660254037844387,17.675280332968658,17.662453531598498,16.256820863859744,15.604335684281526,4.3051710854270695,0.37336155607987065,1.0,48.901098901098905
Beans,2020-06-01,182.9308647675105,21.24579146786123,8.535394317153866,-12.76655734544524,7.098201751570965,0.7378228731843269,168.71005702917054,1.1475677297312359e-07,13.069643519949498,0.766752905956878,1.2246467991473532e-16,-1.0,17.647459357305717,17.649194314677153,16.25784046145075,6.610664591936004,14.635126875925227,0.25135428336017474,1.0,76.09890109890111
Beans,2020-07-01,201.6728571815274,24.363892697825197,27.31872296813598,3.584728566842754,17.670165798384872,1.7358148660366362,70.70536169507818,1.0730441459827489e-06,-0.48003420784057516,1.0,-0.4999999999999997,-0.8660254037844388,5.694697125622605,24.349145198036503,16.69139420624582,12.553026676220936,11.81086602160426,-0.21980756804334745,0.0,63.46153846153846
Beans,2020-08-01,232.1001861656715,37.33615560798707,64.6791068060168,31.945969145797015,31.82180871845002,2.261697394424049,70.85982858960266,8.574007068773426e-07,-9.746948406681561,1.0,-0.8660254037844384,-0.5000000000000004,5.463752066381011,24.11741352277652,16.714942848529176,19.805492309673824,17.530663298313243,-0.014006357729948182,0.0,61.81318681318681
Beans,2020-09-01,228.91132118560515,25.135428336017473,51.72144049270268,16.967978059323706,27.998966594207374,1.7442330934676342,69.69352298494364,4.373976025817683e-07,-5.7709301806612405,0.9650187655421119,-1.0,-1.8369701987210297e-16,5.74839138030514,24.4589856071832,16.68480397874494,13.010755200064583,12.12467313595289,-0.039585891351811786,0.0,60.98901098901099
Beans,2020-10-01,157.34363690410254,-21.980756804334746,-2.9722321084875825,-12.48171877520302,-11.089419169946058,-0.6683300568131054,177.73152248230815,2.846999223038438e-07,-1.9751152473532763,0.17993505735473259,-0.8660254037844386,0.5000000000000001,0.026002442798200853,24.400758973381585,16.69038554541653,-20.16561264271251,-1.8151441616222357,0.5169670189823601,1.0,46.97802197802198
Beans,2020-11-01,228.8493079290475,-1.4006357729948182,35.41257628328578,34.03761648581332,25.871916330933175,1.4327732646146554,185.33162857137293,1.4441304472256888e-06,-5.512302703522535,0.9643384920652792,-0.5000000000000004,0.8660254037844384,0.2730537712008374,24.031457445231563,16.72202559601739,-6.824460132422619,5.423824359427801,0.10594624550021892,1.0,66.48351648351648
Beans,2020-12-01,219.8496624959521,-3.9585891351811786,20.181830865645445,30.439824027603212,18.143704726724287,0.9856346841635306,181.96997784142712,3.7224751281428325e-07,-1.4037994061852213,0.8656141155548559,-2.4492935982947064e-16,1.0,0.000991776972414371,24.460219962742546,16.677327379716218,-4.1378914315107185,0.17930229632953987,0.8468892430844304,1.0,64.83516483516483
Beans,2021-01-01,238.68510783025928,51.69670189823601,18.35261877378811,50.685042822133376,23.8140514526485,1.2701355428351961,182.4989586576106,3.9712838884042867e-07,-1.9458861260787614,1.0,0.49999999999999994,0.8660254037844387,0.027577673200762653,24.45247343145114,16.678068397869577,25.52430450377894,26.172397394457068,0.8275077306045775,1.0,76.0989010989011
Beans,2021-02-01,253.09503288945356,10.59462455002189,9.04559667556497,79.57531461661193,25.218165947127492,1.4150151430317615,181.2122915791104,2.3697791107224475e-07,3.0577304682788875,1.0,0.8660254037844386,0.5000000000000001,-0.0148543893785269,24.4251532946538,16.680688695784095,7.47451711224219,3.1201074377797005,0.6297633688755837,1.0,75.82417582417582
Beans,2021-03-01,406.0379767595164,84.68892430844303,77.37784861688601,169.12022703650496,81.76457610109149,2.770717918297142,188.87697857604365,1.3658547004524735e-06,-21.440200520111716,1.0,1.0,6.123233995736766e-17,-0.03910266492881398,24.362881419244786,16.68664419602845,20.961967775502334,63.726956532940704,0.08694411110027955,0.0,75.82417582417582
Beans,2021-04-01,436.198879739986,82.75077306045775,177.22689542624437,168.9870686270223,77.15600409622208,2.1859084169173015,188.01723208110855,9.170900909794e-07,-26.99057323144994,1.0,0.8660254037844387,-0.4999999999999998,-0.040651442883921085,5.708346602203429,5.547473399023885,22.62806284595644,60.12271021450131,0.10217979217374262,1.0,74.17582417582418
Beans,2021-05-01,412.4850134475925,62.97633688755837,80.24306788617402,144.07178179669992,54.770880684896596,1.5323046546087724,186.116190297851,3.4345981703154393e-07,-25.1113409038924,0.914959941038835,0.49999999999999994,-0.8660254037844387,7.790444169656241,13.973321342925683,8.936438430752382,15.671770685743118,47.30456620181525,0.22745593659196817,1.0,72.52747252747253
Beans,2021-06-01,441.34058772182857,8.694411110027955,100.74653866250745,141.26086556401222,53.21800834687282,1.4810662127519811,185.12196614691135,2.1579901954282832e-07,-0.60239105635981,1.0,1.2246467991473532e-16,-1.0,7.863961073935166,14.020932315312496,8.930982484097918,4.4913892718618325,4.203021838166123,0.13645402704086762,1.0,74.17582417582418
Beans,2021-07-01,480.7695906182371,10.217979217374262,101.42420907136609,138.39082628035183,54.43657485478237,1.4966482456608803,185.06513657096554,1.7487354853074066e-07,-14.431060446059469,1.0,-0.4999999999999997,-0.8660254037844388,8.001417291195633,8.015364659002167,7.522291442305491,3.1094876792160386,7.108491538158224,-0.08401661154999496,0.0,64.56043956043956
Beans,2021-08-01,506.3071785114652,22.745593659196818,100.0462722366461,118.14165118767579,51.518157647231355,1.399197111770353,182.85928472184958,6.752159720235795e-08,-22.592039703062348,1.0,-0.8660254037844384,-0.5000000000000004,0.16842257307645436,8.250726819859588,7.498238893241577,8.209514894716149,14.536078764480669,-0.25198247260417306,0.0,65.65934065934066
Beans,2021-09-01,501.5632882130554,13.645402704086763,23.52620122282689,119.10811820721592,40.542298967207316,1.1397427058086884,179.54445511272814,1.7572403976373607e-08,-18.982379132923526,0.9864057709967093,-1.0,-1.8369701987210297e-16,0.1259257865191099,7.958629517639437,7.518416047078869,1.9122055235364925,11.73319718055027,-0.3154312461375528,0.0,61.81318681318681
Beans,2021-10-01,440.3769586782146,-8.401661154999495,0.9578380716427137,179.88228017547007,15.747578438532095,0.5353941962114841,182.16546231504412,2.4092429384836578e-08,-10.268585386359732,0.7698429395384404,-0.8660254037844386,0.5000000000000001,-0.26476479020859367,7.701373017457969,7.5451635942109,-6.830313402153392,-1.571347752846103,-0.1646823981288018,0.0,55.769230769230774
Beans,2021-11-01,378.7266437729038,-25.198247260417304,-8.184144532314708,65.49171470089141,-3.6203693205750564,-0.14042671502464335,185.3255556985094,3.8573659821850015e-08,-9.86314765083183,0.554626680726882,-0.5000000000000004,0.8660254037844384,-0.13910825992905496,7.8057733876128355,7.537522669592949,-11.230190313760888,-13.968056946656416,-0.021767780200657172,0.0,46.7032967032967
Beans,2021-12-01,343.3545551951628,-31.543124613755282,-22.201908288667337,56.17697625598343,-14.852137663036736,-0.6848624391463749,186.10599392725746,2.9300053938641213e-08,-0.6928538042395163,0.3911091753325038,-2.4492935982947064e-16,1.0,-0.30834652983442457,7.6246754331174005,7.554646948711459,-8.544865788494313,-22.99825882526097,0.12477476673990218,1.0,48.35164835164835
Beans,2022-01-01,367.8546250424179,-16.46823981288018,-23.48629526060876,54.11712460251916,-11.148199078241138,-0.6417188778134233,185.31551457439045,1.9409640117373783e-08,1.7287319447457332,0.4532151957839906,0.49999999999999994,0.8660254037844387,0.9477469854029863,8.692134771746286,7.531817180757442,-1.8814561172202677,-14.586783695659914,-0.03668067953902909,0.0,59.06593406593406
Beans,2022-02-01,370.48260543512265,-2.176778020065717,-26.82651537267644,46.38082826261607,-12.579036509278962,-0.9921705379852971,182.10497870149834,5.032433136875625e-09,8.970624060391737,0.16647814369519182,0.8660254037844386,0.5000000000000001,1.1888967609536838,9.103679420906708,7.50246942716402,2.220618684338861,-4.397396704404578,0.017119973146894063,0.0,67.85714285714286
Beans,2022-03-01,386.1965397287221,12.477476673990218,-23.00143395569404,-4.88659636941936,-8.514157883503204,-0.657986879322076,179.8547737393117,1.8726780126598896e-09,-10.307675995195735,0.2629106771138014,1.0,6.123233995736766e-17,1.3933249480362786,9.166924062699433,7.496358549513211,5.204733227647633,7.272743446342584,-0.06991386545268707,0.0,57.69230769230769
Beans,2022-04-01,354.3614674242873,-3.6680679539029093,-19.532241539634953,-18.761490713704088,-14.67712685398247,-1.055916505647396,180.30298184216127,1.2456666809157468e-09,-12.02070531068355,0.06754670164320904,0.8660254037844387,-0.4999999999999998,0.05568685628540848,8.796889510028816,7.540109984204614,5.95375282331244,-9.62182077721535,-0.03610615901661085,0.0,47.80219780219781
Beans,2022-05-01,376.8252576915633,1.7119973146894063,-0.502047086626578,-8.645103359751493,-8.614439836317889,-0.6041472825965586,179.18686722280108,7.013909453235101e-10,-9.473492519733737,0.205401433958087,0.49999999999999994,-0.8660254037844387,-0.13083196751972892,1.0858965930091058,1.186672234428615,9.94383118382868,-8.231833869139273,-0.14035055124270512,0.0,54.94505494505495
Beans,2022-06-01,359.1960468118349,-6.991386545268707,4.613741503347124,-18.612505442569528,-11.419245997303584,-0.7732336941285641,79.57596350728065,6.583384504210699e-08,7.779745099053489,0.0972153212036523,1.2246467991473532e-16,-1.0,-0.17333057934475482,1.032544434438254,1.1901333945498294,3.781507519767413,-10.77289406503612,-0.14723890507316917,0.0,57.692307692307686
Beans,2022-07-01,341.5668359321064,-3.610615901661085,-7.146244010736636,-28.95415130294022,-13.286121193900136,-0.9115737035774418,176.28940892330473,9.308109838457312e-11,-4.162781283410707,0.0,-0.4999999999999997,-0.8660254037844388,0.21318582101956807,0.9512947021877993,1.1898856370316293,3.7643835409428354,-7.3749994426039205,-0.15483831296109163,0.0,53.02197802197803
Beans,2022-08-01,323.937625052378,-14.035055124270512,-12.563337576423795,-36.019547262839666,-14.46142086136578,-1.1320545508283097,76.49955043463714,9.676753620624368e-09,-12.311574246402746,0.0,-0.8660254037844384,-0.5000000000000004,0.9945314787629611,1.9195720894348511,1.4703835032371046,-2.9376237083869103,-11.097431415883602,-0.16326486505120819,0.0,35.989010989010985
Beans,2022-09-01,306.3084141726495,-14.723890507316916,-20.685872952716966,-38.929259503033045,-15.485342797045687,-1.6508549511629151,75.04668252964869,3.5532536912796786e-09,-10.840330144961834,0.0,-1.0,-1.8369701987210297e-16,3.229403529992503,4.164123499058325,2.481113019874577,-1.604914753388345,-13.118975753928572,-0.1726613772006126,0.0,36.53846153846153
Beans,2022-10-01,288.6792032929211,-15.483831296109162,-18.535385522806546,-34.4472507918244,-17.47090312455536,-2.010808796803616,159.722608770936,3.950617610826157e-12,-3.839601753958824,0.0,-0.8660254037844386,0.5000000000000001,4.7961022923614705,6.073868316482289,2.6567049917708774,-4.675353675669933,-10.80847762043923,-0.1832055514768779,0.0,41.48351648351648
Beans,2022-11-01,271.0499924131926,-16.32648650512082,-28.070110248541035,-28.43123216445195,-20.470696943940926,-1.9178683383809776,72.3512935901329,4.511093720793724e-10,-2.9131178403565725,0.0,-0.5000000000000004,0.8660254037844384,5.325750428990217,7.497091470632067,2.78760025737139,-2.9061745001361134,-13.420312004984705,-0.19512132123052273,0.0,39.56043956043956
Beans,2022-12-01,253.4207815334642,-17.26613772006126,-29.44778101463381,-26.192684005773625,-23.971473175920533,-1.8067187509838227,71.06980707402502,1.5009504750196356e-10,6.253462627064269,0.0,-2.4492935982947064e-16,1.0,3.9346823818370957,8.597507560620654,2.6632961810215265,-2.4649080413629525,-14.801229678698306,-0.19334703544405685,0.0,46.97802197802198
Beans,2023-01-01,235.79157065373576,-18.320555147687788,-30.967662592218325,-35.90088186969342,-26.845056770690267,-1.7034523496004494,69.8175020789927,4.702371825260343e-11,8.809524349179007,0.0,0.49999999999999994,0.8660254037844387,3.978702876193929,9.258735989450884,2.8033053767643006,-1.6953383519935816,-16.625216795694207,0.09194207058691095,0.0,44.78021978021978
Beans,2023-02-01,218.1623597740073,-19.51213212305227,-32.65297301024162,-41.114007358650206,-29.539737070996086,-1.6220025864821166,68.5818350750998,1.3528733688872308e-11,15.868807098568983,0.0,0.8660254037844386,0.5000000000000001,4.276996247750131,10.777705486879196,2.9392118783244046,-11.249474576294867,-8.262657546757405,0.24505701770803934,1.0,44.78021978021978
Beans,2023-03-01,204.4226247040529,-19.334703544405684,-33.262484722724295,-47.06772234478163,-30.58108781980875,-1.543858984888682,67.11700263517618,0.005147406928486475,-0.2513652351096045,0.0,1.0,6.123233995736766e-17,3.3530618654492805,10.696487397948772,2.962368815037195,-9.163933886631282,-10.170769657774402,0.2972803426839572,1.0,33.24175824175824
Beans,2023-04-01,257.47073588658014,9.194207058691095,-10.810777863576792,-27.342344031355147,-10.101822639274182,-0.5171506381173853,69.951953073297,2.1159962670935784e-11,-5.283894072386058,0.3076989618039666,0.8660254037844387,-0.4999999999999998,1.6954022988505901,11.049271263016891,2.8376391944129264,-4.001799809048183,13.196006867739278,0.12704727395618032,1.0,49.450549450549445
Beans,2023-05-01,271.62457703637386,24.505701770803935,0.21198474055124095,-27.917629858372617,-2.165181194015242,-0.12473510483699118,68.82570984340812,6.764366844436154e-12,-4.8766956864921465,0.4341956869411499,0.49999999999999994,-0.8660254037844387,-0.048829743127820624,10.868664673201867,2.885443336832333,9.40992791420369,15.095773856600244,0.10576792829346426,1.0,55.769230769230774
Beans,2023-06-01,265.19345262842774,29.72803426839572,4.645503428616382,-26.17027526270368,-1.7082487111589661,-0.11295314947302722,68.5121589923722,5.158540261618327e-12,8.984552498801929,0.4431162451568635,1.2246467991473532e-16,-1.0,32.73078438042718,47.18342989661743,27.519688422728052,19.43213907945068,10.295895188945043,0.12531097837047467,1.0,68.13186813186813
Beans,2023-07-01,290.1816910044618,12.704727395618033,23.067033397304492,-15.043950267425398,9.287968974322581,0.707654203767336,67.1168243936616,1.0231815394945443e-12,-3.399564689668133,0.7175590181187725,-0.4999999999999997,-0.8660254037844388,68.5115553431721,86.73276642136013,34.04221455635608,24.918306306119025,-12.213578910500992,0.12259720098445936,1.0,55.21978021978022
Beans,2023-08-01,300.35374582309964,10.576792829346427,37.674411907825785,-7.280376654445442,13.962484737079862,1.1577053644020687,66.40649919975311,4.689582056016661e-13,-11.73937525354343,0.9415554575313446,-0.8660254037844384,-0.5000000000000004,65.04250761398626,81.17854665553948,34.58308152360877,33.84654449059806,-23.269751661251636,0.1607361861234331,1.0,47.25274725274725
Beans,2023-09-01,298.42510363474014,12.531097837047467,45.98438116464685,-2.5736513178074127,13.513651272607131,1.150083087926601,66.24911895715171,3.979039320256561e-13,-11.199220017728603,0.979895552497858,-1.0,-1.8369701987210297e-16,25.806739397744806,79.37396493132032,34.685008735801546,15.73383557685513,-3.202737739807663,0.11951454540809081,1.0,49.17582417582418
Beans,2023-10-01,325.7571540985461,12.259720098445936,26.522011512037302,12.843997898941906,22.470705344361352,1.6955477427400276,64.87362845488806,7.105427357601002e-14,-7.0806757641561004,1.0,-0.8660254037844386,0.5000000000000001,-1.0980255497307412,76.23021171255522,34.913816941694144,1.4246848835787616,10.835035214867174,0.2443767551937175,1.0,53.84615384615385
Beans,2023-11-01,348.6314614145917,16.07361861234331,28.350484782496554,28.622568224658984,27.960250214237846,1.7878169473007353,63.609372959232694,7.105427357601002e-15,-8.05576948803683,1.0,-0.5000000000000004,0.8660254037844384,11.070831643002045,91.06108212794955,35.02471982079529,-3.004483047059265,19.078101659402574,0.29596999956615133,1.0,54.94505494505495
Beans,2023-12-01,334.0912442340085,11.951454540809081,25.980200839315582,31.832615388683806,19.670698921701213,1.2044686864929903,63.1072673639003,0.0,-0.5318054049416725,0.8991724951656823,-2.4492935982947064e-16,1.0,2.7502907833943713,77.32990213942648,36.828365707479,-4.83153008098018,16.78298462178926,0.5337591083200841,1.0,57.142857142857146
Beans,2024-01-01,405.36463039828857,24.437675519371748,39.693386235059094,71.91650629172572,38.20509961135856,2.0005851311643323,63.632098363770325,1.4210854715202004e-14,-0.2105646306148472,1.0,0.49999999999999994,0.8660254037844387,12.892938711554326,91.33866782006919,36.89703621741637,13.76917713911463,10.668498380257118,0.3472714317395993,1.0,64.01098901098902
Beans,2024-02-01,451.8159148982151,29.596999956615132,50.42792746268017,107.10076447937568,44.45272876905364,2.0739031953061673,61.98652601517866,0.0,5.77523394499058,1.0,0.8660254037844386,0.5000000000000001,79.74478374797451,229.33661426293006,62.26024410930895,11.890384592054817,17.706615364560314,0.38288615547885807,1.0,68.68131868131869
Beans,2024-03-01,512.4154888539003,53.37591083200841,71.70656309164778,150.6647635484259,51.403435173849154,2.1863219599807295,51.15533960221021,-0.1922129861790296,-7.920892488208455,1.0,1.0,6.123233995736766e-17,104.06518823920798,250.12857101062426,61.4865962049102,29.07094629326633,24.304964538742077,0.5583167209616917,1.0,55.49450549450549
Beans,2024-04-01,546.1361859732957,34.72714317395993,67.65132525933164,112.11582904469468,50.658582028966826,1.9329171452041665,50.098881940107,-0.21962132068006213,-11.75816267495729,1.0,0.8660254037844387,-0.4999999999999998,33.330934351401886,150.86053824766356,75.18959052025758,9.335142176641252,25.39200099731868,0.5167768742191969,1.0,48.35164835164835
Beans,2024-05-01,624.8099735377556,38.288615547885804,79.21789703159723,130.02703965705055,59.418223097002084,1.9979907552563885,51.939527813810436,-0.127000832146841,-11.656234278727272,1.0,0.49999999999999994,-0.8660254037844387,0.47195335138681127,231.05258157648962,77.20054878561815,14.8025547753594,23.486060772526404,0.3527368153726911,1.0,52.747252747252745
Beans,2024-06-01,798.5056243607922,55.83167209616917,139.00824644224815,201.1030688904706,82.98651869334799,2.290414205587614,59.69579273496801,0.0,-2.043723384452381,1.0,1.2246467991473532e-16,-1.0,-7.320037553101166,144.47910079280862,75.26876049436305,16.407644128882712,39.42402796728646,0.0516669316264462,0.0,65.1098901098901
Beans,2024-07-01,828.3667370585695,51.67768742191969,104.35101509588117,185.46485279315314,72.13789230605474,1.860092977405209,54.706960562958244,-0.04332003575538579,-12.711749271682912,1.0,-0.4999999999999997,-0.8660254037844388,38.74183367365218,106.54281542865394,73.11991054204762,24.225759066992293,27.4519283549274,-0.24854243070545645,0.0,53.84615384615384
Beans,2024-08-01,845.2034538165589,35.273681537269105,87.06810139854544,181.40266787761698,60.49378236757374,1.5610006247214998,52.430565647560094,-0.14701061280201344,-19.454649493011175,1.0,-0.8660254037844384,-0.5000000000000004,4.624096601555228,109.8615549156726,72.94420688152344,18.760190414261306,16.5134911230078,-0.3367637314442149,0.0,50.27472527472528
Beans,2024-09-01,839.761959857974,5.16669316264462,63.88301644359673,181.3978950262199,46.878726139128844,1.283448183286676,49.999605330147155,-0.21094687046711158,-18.182040302226724,0.989524434072321,-1.0,-1.8369701987210297e-16,8.979941010482761,111.77973541196282,72.8818228452473,6.097271513666653,-0.9305783510220333,-0.4351920681503162,0.0,39.285714285714285
Beans,2024-10-01,622.4824547144849,-24.854243070545646,13.979346306293339,91.08788460442383,4.361866772429668,0.13403574389506245,64.02951888479485,0.0,-10.18249528767479,0.5642424600187486,-0.8660254037844386,0.5000000000000001,2.1805092619002764,113.38957267732357,72.81239067675358,-4.2206053691793795,-20.63363770136627,-0.26954901238470474,0.0,32.967032967032964
Beans,2024-11-01,560.5695848797563,-33.67637314442149,-10.281588223418037,60.791450836139084,-8.720892953302107,-0.30000532366800436,62.34188594047631,3.268496584496461e-13,-8.74579875463893,0.44310884459348654,-0.5000000000000004,0.8660254037844384,4.64415134325038,97.71873487281233,72.84364475451608,-6.801588728813651,-26.874784415607838,-0.22527146492780648,0.0,28.846153846153847
Beans,2024-12-01,474.30421579341953,-43.519206815031616,-40.6010175353364,41.96846639333094,-24.209713635174335,-0.9330072447268556,61.42684318583224,0.0,1.54159853227742,0.1567382907660518,-2.4492935982947064e-16,1.0,-5.292247493274638,95.20317280286889,73.09014835260193,-4.885551090024145,-38.63365572500747,-0.18744652879668555,0.0,31.868131868131865
Beans,2025-01-01,454.6929238193888,-26.954901238470473,-45.10970763578115,12.168869635378154,-27.81758810029381,-1.1173384749865312,61.063293476482585,0.0,3.4331486034063388,0.007313421592062349,0.49999999999999994,0.8660254037844387,-4.879783242381808,79.79567755556285,73.10794064157763,-1.9279987879445255,-25.02690245052595,-0.20450608105546086,0.0,33.79120879120879
Beans,2025-02-01,434.28925329992126,-22.52714649278065,-48.61719372550287,-3.879159857005532,-30.896441294444177,-1.2234626698444302,56.549953346170696,-0.0134883357600728,10.46457751997469,0.0,0.8660254037844386,0.5000000000000001,-9.433962264150942,-0.37762415023496754,47.3329713478189,-5.125526890567311,-17.401619602213337,-0.15689463428782302,0.0,34.065934065934066
Beans,2025-03-01,385.39753694930897,-18.744652879668557,-54.10633544123743,-24.78807816459402,-37.62549021065359,-1.3601923981041746,57.180033811801714,-0.004545197874833207,1.7906827399935252,0.0,1.0,6.123233995736766e-17,0.630509218612807,-3.7396096329016637,46.972440828804075,-12.6909390574261,-6.053713822242457,-0.1261515754160787,0.0,29.67032967032967
Beans,2025-04-01,361.7054558854364,-20.450608105546088,-41.893068126499976,-33.77009889194147,-39.966639882535624,-1.2973253868478065,54.96438384404731,-0.0010851759275851691,0.9771020552536354,0.0,0.8660254037844387,-0.4999999999999998,3.2040444362523957,39.16981221316487,30.12457607168511,-17.035662904870456,-3.414945200675632,-0.06868727374744332,0.0,25.549450549450547
Beans,2025-05-01,366.1515997282984,-15.689463428782302,-34.68222151102992,-41.39792653195015,-36.973925113962615,-1.0879784723900163,54.191451749003335,-0.01266673499799964,2.135720349357751,0.00919578542597271,0.49999999999999994,-0.8660254037844387,6.128640776699035,5.2312310770364245,12.815862027510633,-12.213242879306335,-3.4762205494759666,-0.12882844309867691,0.0,31.043956043956044
Beans,2025-06-01,336.77903050167725,-12.615157541607868,-28.995142929878693,-57.82383739985919,-37.91809523225355,-1.0485786177285805,53.63809676441474,-0.012114580616604087,9.379511875057574,0.0,1.2246467991473532e-16,-1.0,-0.43429389641137517,3.412145232563435,13.284586127898198,-7.67486762993107,-4.940289911676798,-0.06480882004355093,0.0,35.98901098901099
Beans,2025-07-01,336.8608942210896,-6.868727374744332,-25.91463896304309,-59.33432872772728,-32.83154714222256,-0.9055174305332439,51.72327411358987,-0.15125790141978257,-1.5104561358129338,0.00016101452970848613,-0.4999999999999997,-0.8660254037844388,-4.711067908176125,-4.417129036903111,11.104763191420927,-5.452002449249907,-1.4167249254944254,-0.1999622077745694,0.0,29.395604395604394
Beans,2025-08-01,318.98085919721177,-12.882844309867691,-26.551058592066333,-62.259872725692546,-30.302490916315893,-0.9093815047694122,50.245955886369586,-0.18563379289113868,-8.764644395433304,0.0,-0.8660254037844384,-0.5000000000000004,-4.317235341249637,-3.761987487068219,11.119400555009692,-12.151850160924111,-0.7309941489435801,-0.21252819206984352,0.0,21.978021978021978
Beans,2025-09-01,314.9527789194525,-6.480882004355093,-18.278466071027854,-62.49499334636218,-23.911685260709227,-1.002403272935894,48.071887929450185,-0.23375139342948614,-9.80897136115319,0.0,-1.0,-1.8369701987210297e-16,-2.8305056451612742,-7.794904555593685,10.93088728003553,-10.292039034036883,3.811157029681789,-0.36502526315789474,0.0,28.021978021978022
Beans,2025-10-01,269.50144609972483,-19.99622077745694,-25.491462261745777,-56.705374736491564,-29.911415619936054,-1.4001004207672156,50.21704281540988,-0.18363301105551955,-2.398947200532189,0.0,-0.8660254037844386,0.5000000000000001,-4.167338702174151,-10.355106222829303,10.951540498008661,-13.024956541096127,-6.971264236360813,-0.31111176719514233,0.0,21.7032967032967
Beans,2025-11-01,251.18843388714305,-21.252819206984352,-31.39769590695859,-55.19049897417756,-29.97913710485054,-1.548853346217927,49.17962453910566,-0.20588988187672186,-1.510066445156391,0.0,-0.5000000000000004,0.8660254037844384,-5.902630054564206,-13.461538461538481,10.519440797727748,-12.313946755402167,-8.938872451582185,0.09107179152819311,0.0,21.153846153846153
Beans,2025-12-01,199.9870579120691,-36.502526315789474,-40.617722661009594,-57.83569885046682,-40.457703152742575,-1.8616520296473464,52.84086652967209,-0.013462015136695982,9.042949279643487,0.0,-2.4492935982947064e-16,1.0,-3.187279717951652,-5.7455606582472285,7.683818341175576,-14.931899861516452,-21.57062645427302,0.5788643062467467,1.0,25.824175824175825
Beans,2026-01-01,185.65637494199305,-31.111176719514233,-44.88633791367233,-59.16884446265571,-40.77081785110248,-1.7158281643465012,52.0727565288525,-0.02942359576059772,10.431604772874422,0.0,0.49999999999999994,0.8660254037844387,-2.9346086956521744,-8.521900080501332,7.642060519513902,-13.694103882427852,-17.41707283708638,0.6678571428571427,1.0,26.373626373626372
Beans,2026-02-01,274.06461457240624,9.107179152819311,-14.081172374369899,-36.893530638867425,-8.676231393465583,-0.4033695440899803,62.7102763853599,0.0,12.094503671949482,0.44261402478060613,0.8660254037844386,0.5000000000000001,-6.289578642135785,-10.456989207329281,8.572120040738,-4.125260284420374,13.232439437239686,0.10743853638945766,1.0,59.61538461538461
Beans,2026-03-01,315.75242744866694,57.88643062467467,0.2538947368420974,-18.070979397515565,7.289883992866852,0.3631139652851457,61.37390684742614,0.0,2.166828354015407,0.720772821888774,1.0,6.123233995736766e-17,-5.458133226362072,-11.448419408139742,8.12723069675508,7.334900737167841,50.551529887506824,0.06309034325480978,0.0,64.56043956043956
Beans,2026-04-01,309.64831106396696,66.78571428571428,14.896715971381624,-14.39213702044837,6.789891833451822,0.35482929598613644,61.654990341947986,0.0,1.1704558009883126,0.6869541078927287,0.8660254037844387,-0.4999999999999998,-5.521958545060846,-16.256462974647167,6.499089148153007,17.889851310661033,48.89586297505325,,0.0,63.46153846153846
Beans,2026-05-01,303.5097156382064,10.743853638945765,20.82949479058056,-17.108182549680294,6.591818123063131,0.3725775271925356,61.9403990408938,0.0,1.7060856871013632,0.7794300147780444,0.49999999999999994,-0.8660254037844387,1.3517681102616974,-14.48733914487339,7.2413202227106,9.570289099333648,1.1735645396121175,,0.0,56.5934065934066
Beans,2026-06-01,335.67335647994275,6.309034325480978,67.8475397280621,-0.328308452010051,17.925764421010705,1.0149315800608694,57.26754986541972,-0.0028123235742611996,7.607495003560685,0.9921461491573881,1.2246467991473532e-16,-1.0,-1.049328214847045,-11.995417598049174,6.741836681440169,11.110337658763628,-4.80130333328265,,0.0,58.51648351648352
Groundnut,2018-12-01,283.4747272857305,-20.262252928928714,-18.94923800385874,-55.27105312384496,-33.75042626651741,-1.2650853174199366,244.74518723216983,1.9529955050724368,0.0,0.0,-2.4492935982947064e-16,1.0,0.21783743890895213,-2.738739927315126,5.6230405662376075,-9.515402082736573,-10.74685084619214,0.0858437891665551,0.0,40.934065934065934
Groundnut,2019-01-01,307.1101590720545,-12.808796110992226,-18.73629197278792,-28.245786149154696,-26.49609164738149,-0.9274937948991102,247.0898251490553,1.8571185233754193,0.0,0.06985439833694368,0.49999999999999994,0.8660254037844387,0.7819502152876412,0.47397449155464066,4.783917091017496,-10.25957789071661,-2.549218220275616,0.039731641083540215,0.0,43.956043956043956
Groundnut,2019-02-01,290.53199453457864,-6.278212745263135,-25.88680708370209,-53.27772117989661,-25.544092200481394,-0.9458963940238976,230.6400257301079,0.8588565343321761,0.0,0.023003444477588706,0.8660254037844386,0.5000000000000001,0.02507858383955508,0.10108132515367352,4.798759775636695,-9.031489927460784,2.7532771821976496,0.011461851828126424,0.0,49.175824175824175
Groundnut,2019-03-01,307.80927200889346,8.58437891665551,-13.417262580743582,-47.852490709732635,-16.052475569026413,-0.6806319972655607,228.73133263716161,0.6752469048264231,0.0,0.09511647610079857,1.0,6.123233995736766e-17,0.023634637485647758,0.06570359069988374,4.798161843619375,-5.800105641197982,14.384484557853492,-0.0392279510866641,0.0,59.61538461538462
Groundnut,2019-04-01,319.3121496854143,3.9731641083540215,-9.344546492432404,-40.79292240395278,-8.331923739500757,-0.4276472060136595,222.64519579753068,0.42393495870925335,0.0,0.14283475829669007,0.8660254037844387,-0.4999999999999998,-0.25775280898874264,0.30000000000001137,4.791958492891877,-1.766975641060807,5.740139749414828,-0.08173465212048558,0.0,60.43956043956043
Groundnut,2019-05-01,293.862029207264,1.1461851828126424,-5.20398750668215,-45.00837796800139,-10.487698407338176,-0.9582684315572308,215.7207095579748,0.2537945785158797,0.7979179155565959,0.09570335713950887,0.49999999999999994,-0.8660254037844387,0.06617660554422145,0.2148618893462073,4.791804782490723,-2.0679354436102373,3.2141206264228797,-0.0883568981574343,0.0,58.241758241758234
Groundnut,2019-06-01,295.7345449425069,-3.9227951086664103,4.3248362117371375,-15.443925299160743,-8.665012836171126,-0.7712528359944802,207.8699044850677,0.13135749198903568,19.370077878473023,0.11295577201230597,1.2246467991473532e-16,-1.0,0.01476408422196318,-2.8538298009405327,3.4013119425555476,-3.724469846017529,-0.1983252626488814,-0.103806703008821,0.0,65.1098901098901
Groundnut,2019-07-01,293.2132822130325,-8.173465212048558,-4.525046289908463,-22.413512377915325,-7.425536632274266,-0.7131393345854621,199.72501389607933,0.06178459173165152,8.045337927735979,0.08972612977564372,-0.4999999999999997,-0.8660254037844388,-0.0027090533712192943,0.39583492046566526,0.7015440048429618,-5.8648051075840035,-2.308660104464555,-0.12004872879310535,0.0,61.53846153846153
Groundnut,2019-08-01,267.8972918202608,-8.83568981574343,-7.790778000398124,-31.66080141281764,-12.563172053210515,-1.4842182856297808,188.71694416415195,-1.5389423540862879,-2.0965871383879,0.0,-0.8660254037844384,-0.5000000000000004,-0.02108910768262584,0.29230406060325453,0.7029065931552817,-10.736803362786471,1.9011135470430407,0.032623226911445924,0.0,44.505494505494504
Groundnut,2019-09-01,265.03531686621125,-10.3806703008821,-13.896252982738721,-25.449018811903844,-11.314957950684768,-1.4461940297261178,180.9956033425285,-1.1489971136753638,-2.877028350743199,0.0,-1.0,-1.8369701987210297e-16,-0.03764705882353114,0.21857974743884068,0.7016236519659728,-6.2354704574365565,-4.1451998434455435,0.04845186728787887,0.0,43.956043956043956
Groundnut,2019-10-01,258.0134004181039,-12.004872879310536,-19.197123982818,-26.74778629946608,-11.335302903838462,-1.7100550961542924,64.56953294138215,-1.8947199454639758,-6.617594757400158,0.0,-0.8660254037844386,0.5000000000000001,-0.015498265568492098,0.5038799354377232,0.630906585895665,-5.683987419440127,-6.320885459870409,-0.01183427067414311,0.0,38.46153846153846
Groundnut,2019-11-01,276.636965960275,3.2623226911445924,-5.861615838376988,-10.760565589140302,-4.018570847990588,-0.6194583483053455,69.87423511664184,-1.2215018273905258,1.164632695316293,0.303816403511886,-0.5000000000000004,0.8660254037844384,0.34254483873450425,0.41294860939227185,0.5764128265743904,8.429833799093416,-5.167511107948823,-0.07714072912453862,0.0,62.36263736263736
Groundnut,2019-12-01,277.8767728656138,4.845186728787887,-6.038446431871791,-1.9747631380465869,-3.432110235928032,-0.5226670764460449,53.88781566605229,-0.0990898105175333,6.139136401752705,0.3240420511826449,-2.4492935982947064e-16,1.0,0.0,0.0007406950188304506,0.6883625196415979,0.2936812863157331,4.551505442472154,0.028310377546668652,0.0,67.58241758241758
Groundnut,2020-01-01,254.96,-1.183427067414311,-13.046231031662403,-16.980929328299744,-10.037481985185826,-1.4221182944121677,54.35227933259685,0.27838506499334414,13.000781725807608,0.0,0.49999999999999994,0.8660254037844387,-0.013987366277767865,-0.2898615526250703,0.6081246423592884,-0.3214706089457841,-0.8619564584685269,0.24365406772995946,1.0,62.08791208791209
Groundnut,2020-02-01,255.2969887032992,-7.714072912453862,-4.703408172343703,-12.127754083581943,-8.97551226190927,-1.1763645198238828,43.625694389947334,1.599492569110538,4.938618868284509,0.005236634750300787,0.8660254037844386,0.5000000000000001,-0.33121917405805057,0.05526922578222848,0.5031296740553997,-6.225394149861218,-1.4886787625926434,0.09760124204161946,0.0,50.0
Groundnut,2020-03-01,285.7435692168892,2.8310377546668652,7.813393549030834,-7.168628367818197,2.552367812214351,0.36065467498553466,54.41019010451021,-1.3146834648172856,-6.186259510364735,0.4783611638053245,1.0,6.123233995736766e-17,0.03913650131022184,0.016239010694207856,0.4996330271715269,12.455535479070537,-9.624497724403671,0.040569786904103955,0.0,54.670329670329664
Groundnut,2020-04-01,317.0820411084305,24.365406772995946,22.8936328867444,-0.6984101855131097,13.875588736749943,2.0011568030113183,59.346450636752394,4.300951847456481,-12.77694689802564,1.0,0.8660254037844387,-0.4999999999999998,17.68406725103715,17.646182727158234,16.258083848537417,19.306692409727898,5.058714363268049,0.07675746658627136,0.0,65.65934065934066
Groundnut,2020-05-01,280.2142918902265,9.760124204161947,1.2931481942529688,-4.644267023492043,1.047780445471136,0.15530511284628154,63.6562244016222,6.167454495091775,-5.95176699796893,0.4065270786281243,0.49999999999999994,-0.8660254037844387,17.675280332968658,17.662453531598498,16.256820863859744,15.604335684281526,-5.844211480119579,0.26051487569618637,1.0,60.439560439560445
Groundnut,2020-06-01,297.3361249292365,4.0569786904103955,7.002871043501568,0.5415599949748717,7.170486878089255,1.0549675256537179,60.25899522259579,8.062743415521695,8.690960048858969,0.6821431519816197,1.2246467991473532e-16,-1.0,17.647459357305717,17.649194314677153,16.25784046145075,6.610664591936004,-2.5536859015256086,0.17230797935605668,1.0,76.37362637362637
Groundnut,2020-07-01,341.42045528391753,7.675746658627136,33.911380327862226,16.440992272601186,21.303610013531625,2.286830734819772,53.873602600847505,1.6908912839131673,-3.6612288915676716,1.0,-0.4999999999999997,-0.8660254037844388,5.694697125622605,24.349145198036503,16.69139420624582,12.553026676220936,-4.8772800175938,-0.14799617854651426,0.0,70.05494505494505
Groundnut,2020-08-01,353.2142833103037,26.051487569618637,38.35426931760715,31.846903307736408,22.401941244683933,1.963727066037909,56.076164096904314,3.7080884124986753,-11.224236281107002,1.0,-0.8660254037844384,-0.5000000000000004,5.463752066381011,24.11741352277652,16.714942848529176,19.805492309673824,6.245995259944813,-0.09630919502227508,0.0,70.32967032967034
Groundnut,2020-09-01,348.5695118053533,17.23079793560567,21.986826426451266,31.518137253123047,17.94710479236139,1.4666684064387747,53.68639833193935,-0.5351506641545569,-10.403784355741415,0.9527270328736565,-1.0,-1.8369701987210297e-16,5.74839138030514,24.4589856071832,16.68480397874494,13.010755200064583,4.220042735541085,-0.05457637878852706,0.0,65.1098901098901
Groundnut,2020-10-01,290.8915326242867,-14.799617854651427,-8.259852368992282,12.74280023940797,-2.473823589036317,-0.21538894610038925,53.63577312248466,-1.518268591084727,-9.278913717274335,0.3656994017330401,-0.8660254037844386,0.5000000000000001,0.026002442798200853,24.400758973381585,16.69038554541653,-20.16561264271251,5.365994788061084,0.19306493174100248,1.0,36.81318681318682
Groundnut,2020-11-01,319.19650001431853,-9.630919502227508,13.911570270428331,15.384615684425572,5.7583469302911805,0.5109198320231502,54.12691746633726,0.6226447003735132,-5.40953365451227,0.6537781137891847,-0.5000000000000004,0.8660254037844384,0.2730537712008374,24.031457445231563,16.72202559601739,-6.824460132422619,-2.806459369804889,0.12065385695354602,1.0,48.901098901098905
Groundnut,2020-12-01,329.54585009493235,-5.457637878852706,10.832765501790774,18.59424114382766,7.651592751339531,0.6893102595074801,52.81510562841409,2.702900470053443,-1.760954216326908,0.7591104182132964,-2.4492935982947064e-16,1.0,0.000991776972414371,24.460219962742546,16.677327379716218,-4.1378914315107185,-1.3197464473419878,0.272950864749252,1.0,55.769230769230774
Groundnut,2021-01-01,347.0524865144302,19.306493174100247,1.6495881085476283,36.12036653374262,10.597781402916407,1.0491325641749194,48.37545848672443,2.4853545608645504,4.642165099929531,0.9370714150078987,0.49999999999999994,0.8660254037844387,0.027577673200762653,24.45247343145114,16.678068397869577,25.52430450377894,-6.2178113296786925,0.39686273539520767,1.0,77.74725274725274
Groundnut,2021-02-01,357.70878886711864,12.065385695354603,1.2724586091741985,40.11477012869913,10.975510000197385,1.2590767756248629,45.876770062299855,-5.470077968656547,-1.2468159661396097,1.0,0.8660254037844386,0.5000000000000001,-0.0148543893785269,24.4251532946538,16.680688695784095,7.47451711224219,4.590868583112413,0.219251295166508,1.0,67.58241758241758
Groundnut,2021-03-01,419.4956748528715,27.2950864749252,20.347781617551377,46.808439469887,25.794373712031504,2.3067468094287675,44.7368589280577,-5.364506084004141,-11.604292729556214,1.0,1.0,6.123233995736766e-17,-0.03910266492881398,24.362881419244786,16.68664419602845,20.961967775502334,6.333118699422865,0.05249805141153541,0.0,66.48351648351647
Groundnut,2021-04-01,484.7846856382554,39.68627353952077,66.65479440558335,52.889354421834554,39.525449962837776,2.414803619617231,47.863211559179454,1.939992090484843,-17.774293434203724,1.0,0.8660254037844387,-0.4999999999999998,-0.040651442883921085,5.708346602203429,5.547473399023885,22.62806284595644,17.05821069356433,-0.04255726501541557,0.0,67.03296703296702
Groundnut,2021-05-01,436.13690411867736,21.9251295166508,36.63586665239536,55.64406125635208,20.99921309954493,1.3069353365274496,49.458582505805694,5.748649385603109,-6.798184176460392,0.7491000545229501,0.49999999999999994,-0.8660254037844387,7.790444169656241,13.973321342925683,8.936438430752382,15.671770685743118,6.253358830907681,0.06890211532873258,0.0,68.95604395604396
Groundnut,2021-06-01,441.5183803582143,5.249805141153541,33.97783046912166,48.49133466822839,18.540754259666837,1.178773469187772,48.48278287844097,6.049481584819404,4.323372015324556,0.7768549089666718,1.2246467991473532e-16,-1.0,7.863961073935166,14.020932315312496,8.930982484097918,4.4913892718618325,0.7584158692917082,-0.040519696327026566,0.0,75.0
Groundnut,2021-07-01,464.1535752961332,-4.255726501541557,33.74160777748354,35.947793435561316,21.28740511499203,1.288925676225573,44.836778774090064,-1.5706195886968857,-7.742509174112369,0.8935954672899882,-0.4999999999999997,-0.8660254037844388,8.001417291195633,8.015364659002167,7.522291442305491,3.1094876792160386,-7.3652141807575955,-0.12889489966254852,0.0,53.84615384615385
Groundnut,2021-08-01,466.1876593853789,6.890211532873258,30.326028852077734,31.984373626200856,18.894043030284546,1.1102160840912234,42.99796652941112,-5.537975510702793,-14.576790995426665,0.9040862146816669,-0.8660254037844384,-0.5000000000000004,0.16842257307645436,8.250726819859588,7.498238893241577,8.209514894716149,-1.3193033618428904,-0.1343486803775481,0.0,54.94505494505495
Groundnut,2021-09-01,423.6281896632988,-4.051969632702656,0.9851149983552743,21.53334566445373,6.343493799652622,0.38410375623715365,40.77404534634123,-6.357739135159484,-12.542866129176442,0.6845866136874331,-1.0,-1.8369701987210297e-16,0.1259257865191099,7.958629517639437,7.518416047078869,1.9122055235364925,-5.964175156239149,-0.04532905652018404,0.0,41.75824175824176
Groundnut,2021-10-01,404.326546780325,-12.889489966254853,-16.59667502738896,38.99563976052547,-0.8544941267913719,-0.061755965687949395,41.13392839296155,-2.663638982077721,-9.394513971571357,0.514107008572116,-0.8660254037844386,0.5000000000000001,-0.26476479020859367,7.701373017457969,7.5451635942109,-6.830313402153392,-6.059176564101461,0.10458317372529313,1.0,34.06593406593407
Groundnut,2021-11-01,403.55596253865536,-13.43486803775481,-7.470347331845229,26.428692833584535,-2.7203812240186087,-0.22950498192374572,39.335107547211464,-2.4232142927527605,-5.359526559408215,0.47674998452992623,-0.5000000000000004,0.8660254037844384,-0.13910825992905496,7.8057733876128355,7.537522669592949,-11.230190313760888,-2.204677723993923,0.09103235173224111,0.0,36.26373626373626
Groundnut,2021-12-01,404.4255235105079,-4.532905652018404,-8.401203324222218,22.72208052202902,-3.955454361431243,-0.40114958313910004,36.82884452890837,-2.004869076288422,-0.8198151176395383,0.41655500573615106,-2.4492935982947064e-16,1.0,-0.30834652983442457,7.6246754331174005,7.554646948711459,-8.544865788494313,4.011960136475909,0.14317048181474967,1.0,46.15384615384616
Groundnut,2022-01-01,446.6123002639996,10.458317372529313,-3.7791963620967817,28.68724980174715,4.013819301671573,0.4954842826070156,35.98010375363538,-3.6641199974985454,4.954228758120153,0.6996095534702059,0.49999999999999994,0.8660254037844387,0.9477469854029863,8.692134771746286,7.531817180757442,-1.8814561172202677,12.33977348974958,0.03987799238119072,0.0,64.83516483516485
Groundnut,2022-02-01,440.29261086411736,9.10323517322411,-5.5546404972198316,23.086886475041823,0.9243978259191543,0.15219947494234273,37.723018471784194,-0.21143335183163714,1.6141732583562247,0.45226179759611285,0.8660254037844386,0.5000000000000001,1.1888967609536838,9.103679420906708,7.50246942716402,2.220618684338861,6.882616488885249,0.052843190463069734,0.0,60.98901098901099
Groundnut,2022-03-01,462.3273205696897,14.317048181474966,9.135164243236282,10.210271114676072,5.11520960396632,0.8359077154031965,35.253506466121685,-0.2505857069347215,-6.7136093906239305,0.723529261428507,1.0,6.123233995736766e-17,1.3933249480362786,9.166924062699433,7.496358549513211,5.204733227647633,9.112314953827333,0.01435102654206788,0.0,51.92307692307692
Groundnut,2022-04-01,464.4223021712735,3.987799238119072,14.863173311150213,-4.2002942894479585,6.000477671648197,1.0800438023463097,33.86726542060709,0.6009639508309164,-11.681901562091868,0.9718136773712887,0.8660254037844387,-0.4999999999999998,0.05568685628540848,8.796889510028816,7.540109984204614,5.95375282331244,-1.9659535851933683,0.04735544105924383,0.0,41.75824175824176
Groundnut,2022-05-01,463.5590771594922,5.284319046306973,14.868598209619876,6.287514948139528,5.2544745672768345,0.9110373320326268,31.29489793062831,-3.5243000878986663,-1.6106114401368867,0.9580311190942257,0.49999999999999994,-0.8660254037844387,-0.13083196751972892,1.0858965930091058,1.186672234428615,9.94383118382868,-4.659512137521706,0.06377223597722925,0.0,50.824175824175825
Groundnut,2022-06-01,468.9621922183084,1.435102654206788,15.957615174138162,6.215780153439665,5.931215405621071,0.9830242317411404,28.178736505839847,-3.283888071764199,5.023260182328318,1.0,1.2246467991473532e-16,-1.0,-0.17333057934475482,1.032544434438254,1.1901333945498294,3.781507519767413,-2.346404865560625,-0.07307832388071056,0.0,53.02197802197802
Groundnut,2022-07-01,486.41522512834354,4.735544105924383,8.91218733582031,4.796181914144948,9.415082150338815,1.442780757598546,25.24730655705844,-3.92418004740664,-6.65848219920378,1.0,-0.4999999999999997,-0.8660254037844388,0.21318582101956807,0.9512947021877993,1.1898856370316293,3.7643835409428354,0.9711605649815476,-0.1223890411711277,0.0,42.582417582417584
Groundnut,2022-08-01,493.1212760174939,6.377223597722925,11.998535485229954,5.777419476874246,10.366341294797255,1.4588786761889752,20.696993343102303,-2.987689554010096,-13.490404035044145,1.0,-0.8660254037844384,-0.5000000000000004,0.9945314787629611,1.9195720894348511,1.4703835032371046,-2.9376237083869103,9.314847306109836,-0.20118530135341595,0.0,36.81318681318682
Groundnut,2022-09-01,434.6912212475708,-7.307832388071056,-5.977604630430466,2.6114956120046884,-2.911321439773662,-0.41818632636347186,28.49816179406324,-1.177803129104916,-10.198884099881553,0.34762630196422767,-1.0,-1.8369701987210297e-16,3.229403529992503,4.164123499058325,2.481113019874577,-1.604914753388345,-5.702917634682711,-0.12890520687544582,0.0,26.923076923076923
Groundnut,2022-10-01,426.88333211384736,-12.23890411711277,-8.082938713736054,5.5788534077575,-5.053842386733221,-0.7858883034752837,34.705562075425185,6.250116807364471,-6.693725643470931,0.2604509342861119,-0.8660254037844386,0.5000000000000001,4.7961022923614705,6.073868316482289,2.6567049917708774,-4.675353675669933,-7.563550441442838,-0.12343630905047975,0.0,29.945054945054945
Groundnut,2022-11-01,393.9125234981334,-20.118530135341594,-15.024310188924673,-2.3896162950629796,-12.230235755978425,-1.805293373963772,32.40836142061977,3.8015067126412063,-1.708036952849425,0.0,-0.5000000000000004,0.8660254037844384,5.325750428990217,7.497091470632067,2.78760025737139,-2.9061745001361134,-17.21235563520548,-0.09286429415940023,0.0,25.549450549450547
Groundnut,2022-12-01,378.6572594457125,-12.890520687544582,-19.25633542982026,-6.3715721602140345,-15.223719253117418,-1.9730599566753737,32.822317520856195,5.195075124031344,3.3178603005450023,0.0,-2.4492935982947064e-16,1.0,3.9346823818370957,8.597507560620654,2.6632961810215265,-2.4649080413629525,-10.42561264618163,-0.014312799058170733,0.0,33.24175824175825
Groundnut,2023-01-01,374.1904292025439,-12.343630905047975,-23.07180987112163,-16.215825452779963,-15.076301721653174,-1.6477364381643165,31.00817204488168,-2.253512800485563,8.382633138315821,0.0,0.49999999999999994,0.8660254037844387,3.978702876193929,9.258735989450884,2.8033053767643006,-1.6953383519935816,-10.648292553054393,0.001335000756679916,0.0,37.08791208791209
Groundnut,2023-02-01,357.3321150429311,-9.286429415940024,-27.5366664507385,-18.842127661049812,-17.60963442381087,-1.6268965831271824,28.74393619952864,-1.8984690572536138,6.312483134175382,0.0,0.8660254037844386,0.5000000000000001,4.276996247750131,10.777705486879196,2.9392118783244046,-11.249474576294867,1.9630451603548433,0.02105216596631032,0.0,35.714285714285715
Groundnut,2023-03-01,373.2376141793484,-1.4312799058170733,-14.137301161005645,-19.269833822617933,-12.4435062287651,-1.0824030620967418,28.03912462529634,-3.185434653725629,-1.234826414166599,0.11713379051953081,1.0,6.123233995736766e-17,3.3530618654492805,10.696487397948772,2.962368815037195,-9.163933886631282,7.732653980814209,0.258552066920543,1.0,31.86813186813187
Groundnut,2023-04-01,374.6899737086717,0.1335000756679916,-12.226609585978398,-19.32127894011205,-10.53340997919171,-0.8911834113406413,27.09048600962513,-2.188240836412966,-5.243309976255133,0.1278294861030345,0.8660254037844387,-0.4999999999999998,1.6954022988505901,11.049271263016891,2.8376391944129264,-4.001799809048183,4.135299884716175,0.3800388435117863,1.0,29.395604395604394
Groundnut,2023-05-01,364.8547300339076,2.105216596631032,-7.376712272607788,-21.292722327951385,-11.13653205748365,-0.9220702519674292,24.889260486998264,-1.7905804621652024,3.95655720188528,0.05539923022564134,0.49999999999999994,-0.8660254037844387,-0.048829743127820624,10.868664673201867,2.885443336832333,9.40992791420369,-7.304711317572658,0.4261034285975147,1.0,40.10989010989012
Groundnut,2023-06-01,469.7389707779111,25.8552066920543,24.053866408246382,0.16563777901335008,14.390880708062582,1.1897029439704392,32.199542842786464,-1.804092732560207,5.129048332989782,0.8278043323062951,1.2246467991473532e-16,-1.0,32.73078438042718,47.18342989661743,27.519688422728052,19.43213907945068,6.423067612603621,0.021340933796553108,0.0,72.52747252747253
Groundnut,2023-07-01,517.0867179923769,38.00388435117863,38.188119641212225,6.30561941311365,25.142090538976404,1.9068167331470238,54.967352229670446,21.828082615816015,-6.889371515738771,1.0,-0.4999999999999997,-0.8660254037844388,68.5115553431721,86.73276642136013,34.04221455635608,24.918306306119025,13.085578045059602,-0.11798404921338712,0.0,74.45054945054945
Groundnut,2023-08-01,520.3205814413762,42.61034285975147,45.612599466147394,5.515743640904547,25.237737728934295,1.791617314871075,51.318128355909,18.938619974136344,-13.954141599755545,1.0,-0.8660254037844384,-0.5000000000000004,65.04250761398626,81.17854665553948,34.58308152360877,33.84654449059806,8.763798369153406,-0.14532499632104745,0.0,67.58241758241758
Groundnut,2023-09-01,479.7636390549435,2.1340933796553108,28.541074326020954,10.368835532959263,14.441338576899465,0.9883706920622369,45.8261513727456,14.596752373027797,-10.658506764980363,0.7511667955247436,-1.0,-1.8369701987210297e-16,25.806739397744806,79.37396493132032,34.685008735801546,15.73383557685513,-13.59974219719982,-0.02033918681187108,0.0,53.57142857142857
Groundnut,2023-10-01,456.0787332091754,-11.798404921338712,21.721627268250575,6.839199120461759,8.163886797820297,0.553799283479207,43.725478582035166,-8.74910708981357,-7.571212349001511,0.6058503423478211,-0.8660254037844386,0.5000000000000001,-1.0980255497307412,76.23021171255522,34.913816941694144,1.4246848835787616,-13.223089804917473,0.1515886874954282,1.0,42.58241758241758
Groundnut,2023-11-01,444.704994857643,-14.532499632104745,21.885495308314784,12.894353017377536,4.418301486064458,0.3043528571163246,41.190127108916236,-9.276589684834036,-3.366449235933313,0.536067868760224,-0.5000000000000004,0.8660254037844384,11.070831643002045,91.06108212794955,35.02471982079529,-3.004483047059265,-11.52801658504548,0.1629915884950357,1.0,41.48351648351648
Groundnut,2023-12-01,470.0056367746619,-2.033918681187108,0.05676897454540697,24.124290516090284,8.421052608660485,0.5974507735465465,37.736983244683415,-6.989068968214745,0.24733611224621743,0.691297514612394,-2.4492935982947064e-16,1.0,2.7502907833943713,77.32990213942648,36.828365707479,-4.83153008098018,2.797611399793072,0.13970694196910172,1.0,56.86813186813186
Groundnut,2024-01-01,525.2151097709319,15.158868749542819,1.5719591116387654,40.36038037911454,17.738602441657612,1.2502803291942302,36.1067375270026,-5.883856501155428,3.2790815303857794,1.0,0.49999999999999994,0.8660254037844387,12.892938711554326,91.33866782006919,36.89703621741637,13.76917713911463,1.389691610428189,0.003239981211346832,0.0,71.97802197802199
Groundnut,2024-02-01,517.1881683811669,16.29915884950357,-0.6020159824414506,44.73598834491273,12.577319619754412,0.9690352468397604,38.552019394083196,-1.1687078893581528,1.8196488219518385,0.9499443603031592,0.8660254037844386,0.5000000000000001,79.74478374797451,229.33661426293006,62.26024410930895,11.890384592054817,4.408774257448753,0.14120822791422993,1.0,71.7032967032967
Groundnut,2024-03-01,535.6686869966903,13.970694196910172,11.652622956560599,43.51948106154446,13.262844016451592,1.1072447643882526,35.76717488953611,-1.1480819441464192,-3.778591571682191,1.0,1.0,6.123233995736766e-17,104.06518823920798,250.12857101062426,61.4865962049102,29.07094629326633,-15.10025209635616,0.214816738163784,1.0,60.98901098901099
Groundnut,2024-04-01,526.9167968585052,0.3239981211346832,15.53198132061131,40.62740767869937,8.502019050478115,0.8391421064151509,34.22730243812762,-1.5985028162563282,-5.169564935666528,0.9487636122141239,0.8660254037844387,-0.4999999999999998,33.330934351401886,150.86053824766356,75.18959052025758,9.335142176641252,-9.01114405550657,0.3742958664314058,1.0,48.07692307692308
Groundnut,2024-05-01,590.2193931364778,14.120822791422993,32.7215569785575,61.768327104222045,17.012077260747848,2.0783946293411737,32.58702331257743,-5.064545053350557,3.6142410482262806,1.0,0.49999999999999994,-0.8660254037844387,0.47195335138681127,231.05258157648962,77.20054878561815,14.8025547753594,-0.6817319839364071,0.2962640098006235,1.0,68.13186813186815
Groundnut,2024-06-01,650.7392870737963,21.4816738163784,38.45350697055252,38.53210560668185,25.26446915199616,2.2868866119261004,35.06385597227191,0.2748908007007529,2.9024721656537693,1.0,1.2246467991473532e-16,-1.0,-7.320037553101166,144.47910079280862,75.26876049436305,16.407644128882712,5.074029687495688,0.16594499582950162,1.0,75.0
Groundnut,2024-07-01,724.1395758759205,37.42958664314058,37.87485592174753,40.04219228206827,34.91271637155799,2.276534576491095,35.55757261319232,2.6621390497546003,-9.413513994077158,1.0,-0.4999999999999997,-0.8660254037844388,38.74183367365218,106.54281542865394,73.11991054204762,24.225759066992293,13.203827576148289,-0.07568068189316146,0.0,64.56043956043955
Groundnut,2024-08-01,765.0801572091814,29.62640098006235,47.930715353356355,47.04014880398919,37.321958449209205,1.9792708027702632,36.21224484797501,4.970945285208835,-16.841292754833685,1.0,-0.8660254037844384,-0.5000000000000004,4.624096601555228,109.8615549156726,72.94420688152344,18.760190414261306,10.866210565801044,-0.10771111383743392,0.0,61.53846153846154
Groundnut,2024-09-01,758.7262153533503,16.594499582950164,41.6409496711982,58.14583548847465,30.726910383010477,1.529369881640276,34.745383415377084,0.8679422212105834,-13.794387534561785,0.9801671833446968,-1.0,-1.8369701987210297e-16,8.979941010482761,111.77973541196282,72.8818228452473,6.097271513666653,10.49722806928351,-0.10113424586782305,0.0,56.86813186813187
Groundnut,2024-10-01,669.3361989878061,-7.568068189316146,27.028821813692396,46.758914689587726,11.898875446829749,0.6349014434063885,33.391502611690264,-1.9148149076258036,-9.000370844211382,0.7011504964410501,-0.8660254037844386,0.5000000000000001,2.1805092619002764,113.38957267732357,72.81239067675358,-4.2206053691793795,-3.3474628201367667,0.05987661722678861,0.0,41.20879120879121
Groundnut,2024-11-01,682.6725213012614,-10.771111383743392,15.664196947762,53.51132305581492,10.466183430262355,0.6268533411792042,36.48843394365194,0.17126645825783982,-4.809273738049196,0.7207226303831029,-0.5000000000000004,0.8660254037844384,4.64415134325038,97.71873487281233,72.84364475451608,-6.801588728813651,-3.969522654929741,0.005489153265917146,0.0,45.604395604395606
Groundnut,2024-12-01,681.9930117434417,-10.113424586782305,4.8028027952922825,45.10315587351441,7.289311262014264,0.4971182665147304,34.4353824172169,-0.5660321411153717,-1.0490364427030077,0.6648252093237879,-2.4492935982947064e-16,1.0,-5.292247493274638,95.20317280286889,73.09014835260193,-4.885551090024145,-5.22787349675816,-0.05737311384423183,0.0,45.05494505494505
Groundnut,2025-01-01,709.4137863706327,5.987661722678861,-2.0335567887551864,35.071092429164395,8.971623423456832,0.6606300528671892,32.39329101365294,-0.40786096534595373,1.1735966481694922,0.775441025336363,0.49999999999999994,0.8660254037844387,-4.879783242381808,79.79567755556285,73.10794064157763,-1.9279987879445255,7.915660510623386,-0.1086271401081319,0.0,59.06593406593406
Groundnut,2025-02-01,686.4198154011141,0.5489153265917146,-10.281320338381317,32.72148462901876,3.203883117226769,0.27316770483652103,31.212514222695905,-4.867200912405249,0.7878975513208308,0.6697210616601716,0.8660254037844386,0.5000000000000001,-9.433962264150942,-0.37762415023496754,47.3329713478189,-5.125526890567311,5.674442217159026,-0.06584032589867983,0.0,48.35164835164835
Groundnut,2025-03-01,642.8649490397147,-5.737311384423183,-15.27049731103297,20.01167226033631,-4.625595793213144,-0.46375060069304114,30.25751237678782,-3.4913909945812485,-2.2808788491656258,0.4868429468348333,1.0,6.123233995736766e-17,0.630509218612807,-3.7396096329016637,46.972440828804075,-12.6909390574261,6.9536276730029165,0.027503746941696328,0.0,34.89010989010989
Groundnut,2025-04-01,632.3521956039096,-10.86271401081319,-5.525474857003854,20.009876203228604,-7.392408233685788,-0.9850344027968316,30.443876450001103,-1.4145250330938524,-1.6772881872100516,0.24095057968472477,0.8660254037844387,-0.4999999999999998,3.2040444362523957,39.16981221316487,30.12457607168511,-17.035662904870456,6.172948894057265,0.05076557536955728,0.0,31.31868131868132
Groundnut,2025-05-01,641.225711051793,-6.584032589867983,-6.071258027269866,8.641925105893788,-6.67383060452581,-1.0294806080218215,28.99839950102086,-1.6017828801838476,7.262906908651997,0.06685490638568618,0.49999999999999994,-0.8660254037844387,6.128640776699035,5.2312310770364245,12.815862027510633,-12.213242879306335,5.629210289438353,-0.03645481079823243,0.0,44.78021978021978
Groundnut,2025-06-01,660.5461439157896,2.7503746941696328,-3.1447342506964238,1.5070331600989029,-3.976083448208645,-0.6230466203027164,27.566962480624866,-1.6902185370494358,5.569776416201157,0.21241905602172756,1.2246467991473532e-16,-1.0,-0.43429389641137517,3.412145232563435,13.284586127898198,-7.67486762993107,10.425242324100703,-0.08745143140189149,0.0,48.62637362637363
Groundnut,2025-07-01,664.453918649945,5.076557536955728,-6.337608400691341,-8.242286323569548,-2.7045187570428952,-0.4316685912581432,20.855971707571655,-0.5051380155430572,-5.902539498564305,0.24186104162063987,-0.4999999999999997,-0.8660254037844388,-4.711067908176125,-4.417129036903111,11.104763191420927,-5.452002449249907,10.528559986205636,-0.13817738123857526,0.0,36.26373626373626
Groundnut,2025-08-01,617.8499490764378,-3.645481079823243,-9.989494007338207,-19.243762466641666,-7.873589590278607,-1.3925558098507702,26.080482331469355,-2.2211379514024436,-12.31944534808995,0.0,-0.8660254037844384,-0.5000000000000004,-4.317235341249637,-3.761987487068219,11.119400555009692,-12.151850160924111,8.506369081100868,-0.16295609756097573,0.0,23.07692307692308
Groundnut,2025-09-01,602.780438123354,-8.74514314018915,-6.23529264991618,-20.553629764508663,-8.344538842080008,-1.7645123384806614,20.79263302856384,-0.4959806758365808,-9.783969806793415,0.0,-1.0,-1.8369701987210297e-16,-2.8305056451612742,-7.794904555593685,10.93088728003553,-10.292039034036883,1.5468958938477329,-0.2166675,0.0,18.956043956043956
Groundnut,2025-10-01,572.6414162171862,-13.817738123857525,-9.442646013065293,-14.446369838781347,-11.847229324169428,-1.9603821241617911,20.718534061127443,-0.49168891321930985,-4.800134268576532,0.0,-0.8660254037844386,0.5000000000000001,-4.167338702174151,-10.355106222829303,10.951540498008661,-13.024956541096127,-0.792781582761398,-0.22904473684210536,0.0,17.307692307692307
Groundnut,2025-11-01,517.167532496694,-16.295609756097573,-19.347037465420446,-24.24368692753206,-18.659931884933457,-2.2307372250572928,27.224800888891792,0.9913576361612151,-0.09037985288861705,0.0,-0.5000000000000004,0.8660254037844384,-5.902630054564206,-13.461538461538481,10.519440797727748,-12.313946755402167,-3.9816630006954057,-0.09082776787067126,0.0,20.604395604395606
Groundnut,2025-12-01,472.1775075462622,-21.66675,-28.517104838862217,-30.765051926383936,-23.63596330867107,-2.1238021879277613,30.13343406982147,2.4462857318952764,3.8508196625627624,0.0,-2.4492935982947064e-16,1.0,-3.187279717951652,-5.7455606582472285,7.683818341175576,-14.931899861516452,-6.734850138483548,0.05319260977937201,0.0,26.64835164835165
Groundnut,2026-01-01,441.4809137348303,-22.904473684210537,-33.55733161573598,-37.768207748900586,-25.92561198302811,-1.9497740383783944,31.118865674718528,4.328447202302414,5.943284510999762,0.0,0.49999999999999994,0.8660254037844387,-2.9346086956521744,-8.521900080501332,7.642060519513902,-13.694103882427852,-9.210369801782685,0.1946901144513129,1.0,30.21978021978022
Groundnut,2026-02-01,470.1943599048364,-9.082776787067125,-23.898292682926826,-31.500468174847907,-18.648387083827533,-1.3245676534833264,30.75277504399814,3.8745479795814326,4.6081174113474725,0.12877543710251932,0.8660254037844386,0.5000000000000001,-6.289578642135785,-10.456989207329281,8.572120040738,-4.125260284420374,-4.957516502646751,0.19384520715217413,1.0,34.89010989010989
Groundnut,2026-03-01,497.293861451767,5.319260977937201,-17.500000000000004,-22.644116436180852,-12.115136198168363,-0.8393897940077978,30.429695204311308,0.8728917282516555,1.3117712707159719,0.25031257814453606,1.0,6.123233995736766e-17,-5.458133226362072,-11.448419408139742,8.12723069675508,7.334900737167841,-2.0156397592306394,0.1363636363636367,1.0,43.68131868131868
Groundnut,2026-04-01,527.4328833579347,19.46901144513129,-7.8947368421052655,-16.591910801507513,-5.325908843178118,-0.37326409420504264,23.207991873741793,-0.23922573837644734,1.3547761678281331,0.3854815055115128,0.8660254037844387,-0.4999999999999998,-5.521958545060846,-16.256462974647167,6.499089148153007,17.889851310661033,1.579160134470257,,0.0,49.72527472527473
Groundnut,2026-05-01,561.3392830023733,19.384520715217413,8.541091180344296,-12.458394395693084,1.9788962906371887,0.14518970096254513,23.21332138149913,-0.2225884477140383,8.530162106695517,0.5375465487993618,0.49999999999999994,-0.8660254037844387,1.3517681102616974,-14.48733914487339,7.2413202227106,9.570289099333648,9.814231615883765,,0.0,60.16483516483517
Groundnut,2026-06-01,565.1066607406444,13.636363636363669,19.680978384019564,-14.448571693927315,4.168426920177137,0.33795858796710276,22.48496425782282,-0.2546255334720513,6.46858349185355,0.5544426647202345,1.2246467991473532e-16,-1.0,-1.049328214847045,-11.995417598049174,6.741836681440169,11.110337658763628,2.5260259776000407,,0.0,57.14285714285714
Millet,2018-12-01,121.67607525033664,-2.7199485732930406,-18.782375456084853,-46.20958543772734,-28.32290693770996,-1.0019140525104864,63.12837254346333,1.0803589134411595e-09,0.0,0.0,-2.4492935982947064e-16,1.0,0.21783743890895213,-2.738739927315126,5.6230405662376075,-9.515402082736573,6.795453509443533,-0.11196764348314514,0.0,55.21978021978022
Millet,2019-01-01,108.04911448114729,-12.809596547482938,-20.362811021870275,-49.829143935875564,-32.81075372880857,-1.0832256928593575,62.059650213376244,-1.419812889480454e-08,0.0,0.0,0.49999999999999994,0.8660254037844387,0.7819502152876412,0.47397449155464066,4.783917091017496,-10.25957789071661,-2.550018656766328,0.06528513534356817,0.0,48.07692307692307
Millet,2019-02-01,108.8003258501626,-12.645097416984829,-23.91495296839684,-55.48742694903011,-27.22919865133977,-0.9481184466790231,61.21969200657727,-1.2957258377355174e-08,0.0,0.00671771873298718,0.8660254037844386,0.5000000000000001,0.02507858383955508,0.10108132515367352,4.798759775636695,-9.031489927460784,-3.6136074895240444,-0.09120757950952108,0.0,49.72527472527472
Millet,2019-03-01,108.0522918362786,-11.196764348314513,-13.612166689460592,-50.85728427973629,-22.925739518646015,-0.8425509591884308,60.52321251582779,-1.0808207662194036e-08,0.0,2.8939370287334546e-05,1.0,6.123233995736766e-17,0.023634637485647758,0.06570359069988374,4.798161843619375,-5.800105641197982,-5.396658707116531,-0.12149401838553886,0.0,51.92307692307692
Millet,2019-04-01,115.10311554380168,6.528513534356817,-7.117359257425049,-47.16226258765581,-12.556106081327545,-0.5558067983339614,59.66546670210431,-6.542258290664904e-09,0.0,0.06543669012908164,0.8660254037844387,-0.4999999999999998,-0.25775280898874264,0.30000000000001137,4.791958492891877,-1.766975641060807,8.295489175417623,-0.20549729225063218,0.0,61.26373626373626
Millet,2019-05-01,98.8769114795221,-9.120757950952108,-20.612526639871653,-54.191412513815784,-18.875705919969555,-1.5060472045926612,58.68959885608142,-2.6620980975167186e-09,5.150894212055919,0.0,0.49999999999999994,-0.8660254037844387,0.06617660554422145,0.2148618893462073,4.791804782490723,-2.0679354436102373,-7.052822507341871,-0.0852130976643336,0.0,57.417582417582416
Millet,2019-06-01,94.92458470532216,-12.149401838553885,-21.985826293275736,-36.63874130783491,-19.08161276762499,-1.560832754128884,58.188932071842636,0.008584956129972454,26.72018377893351,0.0,1.2246467991473532e-16,-1.0,0.01476408422196318,-2.8538298009405327,3.4013119425555476,-3.724469846017529,-8.424931992536356,0.10743104185353491,1.0,59.89010989010989
Millet,2019-07-01,91.44973696993878,-20.549729225063217,-15.36280754443833,-32.59731909838101,-19.515093009244755,-1.491642888192842,29.452862874307346,-1.8139602414404656,5.948991213297113,0.0,-0.4999999999999997,-0.8660254037844388,-0.0027090533712192943,0.39583492046566526,0.7015440048429618,-5.8648051075840035,-14.684924117479213,-0.032053601672415666,0.0,33.24175824175824
Millet,2019-08-01,90.4513035648699,-8.52130976643336,-16.864859679338238,-36.74658938723522,-17.20291023255418,-1.4395607933552201,27.083052640888805,-1.80552289652001,-14.591448856348835,0.0,-0.8660254037844384,-0.5000000000000004,-0.02108910768262584,0.29230406060325453,0.7029065931552817,-10.736803362786471,2.2154935963531113,0.21144209107333456,1.0,20.604395604395602
Millet,2019-09-01,105.12243173772904,10.743104185353491,-2.7115205506134887,-15.954590542905589,-2.2858351992177117,-0.2034043295802065,32.405280373223846,-1.6247960373539954,-8.873283759877037,0.4302577762050904,-1.0,-1.8369701987210297e-16,-0.03764705882353114,0.21857974743884068,0.7016236519659728,-6.2354704574365565,16.978574642790047,-0.1755664267466437,0.0,40.10989010989011
Millet,2019-10-01,88.51844352805718,-3.2053601672415666,-23.09639655724861,-28.56990229617472,-15.399551295833025,-1.3361146511073572,36.34603519276862,-1.1830530709545286,-0.28044622327852675,0.0,-0.8660254037844386,0.5000000000000001,-0.015498265568492098,0.5038799354377232,0.630906585895665,-5.683987419440127,2.4786272521985606,0.11232794587412354,1.0,41.48351648351648
Millet,2019-11-01,109.57651633093496,21.144209107333456,10.821135785201808,-12.021900351131254,5.990431541019414,0.59079738303423,43.609313365647324,-0.42698456019070363,2.844402045520872,0.6350897729745979,-0.5000000000000004,0.8660254037844384,0.34254483873450425,0.41294860939227185,0.5764128265743904,8.429833799093416,12.71437530824004,-0.12106515802480122,0.0,70.87912087912088
Millet,2019-12-01,86.66646202661799,-17.556642674664367,-8.699666903300296,-28.77279954312283,-13.735475881709835,-1.4114561125372158,57.7767200401299,-3.434763584664324e-11,4.8884369428514685,0.0,-2.4492935982947064e-16,1.0,0.0,0.0007406950188304506,0.6883625196415979,0.2936812863157331,-17.8503239609801,0.23696510623598344,1.0,53.84615384615384
Millet,2020-01-01,98.46153846153844,11.232794587412354,7.667382896797803,-8.873349925770757,-1.209461221189112,-0.12704527145130243,58.17330709455561,1.0888723252742594,0.8484973386678147,0.41478426523686845,0.49999999999999994,0.8660254037844387,-0.013987366277767865,-0.2898615526250703,0.6081246423592884,-0.3214706089457841,11.554265196358138,0.14794091118337716,1.0,70.32967032967034
Millet,2020-02-01,96.31061806552312,-12.106515802480121,6.477866287964584,-11.479476451054039,-2.3477997335030976,-0.255265662090259,47.07896528706801,-0.16521648068897576,-0.9474353549967329,0.3391452525550293,0.8660254037844386,0.5000000000000001,-0.33121917405805057,0.05526922578222848,0.5031296740553997,-6.225394149861218,-5.881121652618903,0.18503467626907377,1.0,50.549450549450555
Millet,2020-03-01,107.20338940785236,23.696510623598343,1.9795562523849508,-0.7856403728229155,8.774726277120548,0.961536480937454,47.603093074192174,-0.12625545673368777,-6.315615125541131,0.7221991634432061,1.0,6.123233995736766e-17,0.03913650131022184,0.016239010694207856,0.4996330271715269,12.455535479070537,11.240975144527805,0.2294956930217622,1.0,65.93406593406594
Millet,2020-04-01,113.02802817805556,14.794091118337715,27.688675572147538,-1.8028072966942865,14.886317770936852,1.6910535859142115,46.66752180801986,-0.14704214841951568,-14.887677034219255,1.0,0.8660254037844387,-0.4999999999999998,17.68406725103715,17.646182727158234,16.258083848537417,19.306692409727898,-4.512601291390183,0.42755935588824645,1.0,59.065934065934066
Millet,2020-05-01,114.1314221005516,18.503467626907376,4.1568265921689385,15.42777822726471,14.528025487465058,1.47940766169308,45.00762179974046,-0.21524607716452238,-8.602305403398919,1.0,0.49999999999999994,-0.8660254037844387,17.675280332968658,17.662453531598498,16.256820863859744,15.604335684281526,2.89913194262585,0.45169333871412554,1.0,61.26373626373626
Millet,2020-06-01,131.80610555428927,22.949569302176222,52.08432705353483,38.853497187751486,28.306961310035696,2.1831765407071693,46.296942627247795,-0.14160830919371392,8.886771267474403,1.0,1.2246467991473532e-16,-1.0,17.647459357305717,17.649194314677153,16.25784046145075,6.610664591936004,16.338904710240218,0.11684953793646002,1.0,85.16483516483515
Millet,2020-07-01,161.35421910318357,42.75593558882464,63.87537877667084,76.44033154105591,48.64158806747976,2.5135245897399763,48.559401494884646,-0.07373255773107701,-10.74245136186862,1.0,-0.4999999999999997,-0.8660254037844388,5.694697125622605,24.349145198036503,16.69139420624582,12.553026676220936,30.202908912603704,-0.31666485534034516,0.0,73.90109890109889
Millet,2020-08-01,165.68382520134088,45.169333871412555,72.03069456850646,83.17461293691106,44.29634171577448,1.9718126190800849,47.250124612134826,-0.1060752040019608,-24.53201775320668,1.0,-0.8660254037844384,-0.5000000000000004,5.463752066381011,24.11741352277652,16.714942848529176,19.805492309673824,25.36384156173873,-0.2325059223554885,0.0,68.95604395604396
Millet,2020-09-01,147.20758808551224,11.684953793646002,37.31616966462228,40.03442048675383,24.405320680742104,1.0625070529502392,47.24682605951242,-0.08386389917226467,-18.528144923119626,0.7661749725187101,-1.0,-1.8369701987210297e-16,5.74839138030514,24.4589856071832,16.68480397874494,13.010755200064583,-1.3258014064185808,-0.12000334064053575,0.0,61.26373626373626
Millet,2020-10-01,110.25900865231958,-31.666485534034518,-2.449852103386152,24.56049186785738,-8.22511930618688,-0.3845622730609319,50.56363551837493,-0.02485067790373563,-4.572585834948441,0.2985742079691249,-0.8660254037844386,0.5000000000000001,0.026002442798200853,24.400758973381585,16.69038554541653,-20.16561264271251,-11.500872891322008,0.26555632797462136,1.0,39.28571428571429
Millet,2020-11-01,127.16135460351758,-23.25059223554885,11.416604001907915,16.047999025150773,4.568211036968073,0.217513065107329,50.87772379630098,-0.019839631218069087,-5.954054300484043,0.5124809402631855,-0.5000000000000004,0.8660254037844384,0.2730537712008374,24.031457445231563,16.72202559601739,-6.824460132422619,-16.426132103126232,0.12987689211378495,1.0,46.42857142857142
Millet,2020-12-01,129.54218574761484,-12.000334064053575,-1.7176137608754027,49.47210572392855,3.4854688809552226,0.18896881282171055,49.944910063055964,-0.02695774633267689,-2.4639906482878513,0.4790259677202394,-2.4492935982947064e-16,1.0,0.000991776972414371,24.460219962742546,16.677327379716218,-4.1378914315107185,-7.862442632542857,0.23683512381603333,1.0,55.76923076923077
Millet,2021-01-01,139.53898611615156,26.55563279746214,-13.520088354852067,41.71928277421646,8.504330566417728,0.5022540018219702,49.31197961707359,-0.032468763028248304,-5.760835534090456,0.6231277150845373,0.49999999999999994,0.8660254037844387,0.027577673200762653,24.45247343145114,16.678068397869577,25.52430450377894,1.031328293683199,0.19036982873385577,1.0,68.40659340659342
Millet,2021-02-01,143.6766761364014,12.987689211378495,-13.282617683528342,49.1805151106534,8.394815170982772,0.5685533218161347,48.321850313802734,-0.04684761485508915,-5.969158945261023,0.6236835658569108,0.8660254037844386,0.5000000000000001,-0.0148543893785269,24.4251532946538,16.680688695784095,7.47451711224219,5.5131720991363045,0.1273903056154364,1.0,62.63736263736263
Millet,2021-03-01,160.22232534855078,23.683512381603332,8.841077713655853,49.45639893808706,16.97823002475902,1.2041587639212048,48.02486156393037,-0.05025744547839395,-9.047553252128395,0.9014611108733288,1.0,6.123233995736766e-17,-0.03910266492881398,24.362881419244786,16.68664419602845,20.961967775502334,2.7215446061009985,0.08956722299818498,0.0,67.03296703296704
Millet,2021-04-01,166.1029990047792,19.036982873385575,50.648006938419734,46.95735357172954,17.478140965135204,1.2732939699536416,46.86499906833969,-0.08117962258879174,-12.103491131417035,1.0,0.8660254037844387,-0.4999999999999998,-0.040651442883921085,5.708346602203429,5.547473399023885,22.62806284595644,-3.5910799725708635,0.06802911783970367,0.0,62.637362637362635
Millet,2021-05-01,161.97969181922764,12.73903056154364,27.381225470797954,41.923835555576396,11.41973880788687,0.9134503849871748,45.41555549630831,-0.1459472685751919,-2.031190738357616,0.9261638153089116,0.49999999999999994,-0.8660254037844387,7.790444169656241,13.973321342925683,8.936438430752382,15.671770685743118,-2.932740124199478,0.14950465520054346,1.0,66.20879120879121
Millet,2021-06-01,174.57299409233218,8.956722299818498,34.761501116285174,32.446819028749594,17.20884888716634,1.3197069046902865,42.97260001485695,-0.4103818415212359,7.91470462022155,1.0,1.2246467991473532e-16,-1.0,7.863961073935166,14.020932315312496,8.930982484097918,4.4913892718618325,4.465333027956666,-0.042166976275546,0.0,73.35164835164835
Millet,2021-07-01,177.4028394976035,6.802911783970367,27.134963808561906,9.946204371735146,18.04882657605791,1.3006421633622487,39.258126439523934,-0.8391772586881743,-11.269754884808854,1.0,-0.4999999999999997,-0.8660254037844388,8.001417291195633,8.015364659002167,7.522291442305491,3.1094876792160386,3.693424104754328,-0.18159333825169488,0.0,53.2967032967033
Millet,2021-08-01,186.19640979415155,14.950465520054346,29.59404045329075,12.380559519243084,22.506835512072133,1.489541097531485,37.61981545708258,-0.8692994473011169,-25.191862383878,1.0,-0.8660254037844384,-0.5000000000000004,0.16842257307645436,8.250726819859588,7.498238893241577,8.209514894716149,6.740950625338197,-0.19578101130089975,0.0,51.0989010989011
Millet,2021-09-01,167.21177879208977,-4.2166976275546,4.362346775540793,13.58910295776139,8.822440766015527,0.5815556235717159,38.26689336245782,-0.8372653261256175,-19.15737653901379,0.7499963033156315,-1.0,-1.8369701987210297e-16,0.1259257865191099,7.958629517639437,7.518416047078869,1.9122055235364925,-6.128903151091093,-0.05999775593425716,0.0,42.30769230769231
Millet,2021-10-01,145.18766565790406,-18.159333825169487,-12.591785501882091,31.678733041873453,-7.267629136036624,-0.5920001176594667,41.498344748716654,-0.38866979960916836,-3.537727276372987,0.3053492708048894,-0.8660254037844386,0.5000000000000001,-0.26476479020859367,7.701373017457969,7.5451635942109,-6.830313402153392,-11.329020423016095,0.11578016515852663,1.0,36.81318681318682
Millet,2021-11-01,149.7426883840558,-19.578101130089976,-7.554652868971101,17.75801606623777,-5.494174304974742,-0.5101446006837557,38.04561154130038,-0.8154374984707218,-4.426995893481976,0.35655774968955445,-0.5000000000000004,0.8660254037844384,-0.13910825992905496,7.8057733876128355,7.537522669592949,-11.230190313760888,-8.347910816329088,0.1019267061268645,1.0,33.51648351648352
Millet,2021-12-01,157.17944729878897,-5.999775593425715,-9.963480825873738,21.334564791904477,-2.2219187213687652,-0.24670930365961055,36.73085496334535,-0.834385961424104,-0.9601577090897822,0.3780847674826778,-2.4492935982947064e-16,1.0,-0.30834652983442457,7.6246754331174005,7.554646948711459,-8.544865788494313,2.545090195068598,0.06946088125524774,0.0,46.153846153846146
Millet,2022-01-01,161.99751756675712,11.578016515852664,-8.683807978763769,16.09480767755558,-0.3844697038171696,-0.04867213541935971,35.267407177110705,-0.8539858667090527,-3.1330807405713363,0.43087855577421647,0.49999999999999994,0.8660254037844387,0.9477469854029863,8.692134771746286,7.531817180757442,-1.8814561172202677,13.45947263307293,0.05947072893680683,0.0,50.27472527472528
Millet,2022-02-01,165.00546737762411,10.192670612686449,-11.380961877812235,14.844992113385146,0.36819632904450117,0.05320158600548518,33.77768317232035,-0.870955385387937,-2.85468458888909,0.48325795234980545,0.8660254037844386,0.5000000000000001,1.1888967609536838,9.103679420906708,7.50246942716402,2.220618684338861,7.972051928347588,-0.023377306067017156,0.0,49.72527472527472
Millet,2022-03-01,168.09727022337563,6.946088125524774,0.5295628320459933,4.915010974715006,1.8423234792050103,0.2681086341168114,32.31597100318007,-0.8842205026248848,-4.429339870102612,0.5586516985098758,1.0,6.123233995736766e-17,1.3933249480362786,9.166924062699433,7.496358549513211,5.204733227647633,1.741354897877141,-0.03920300451671721,0.0,44.50549450549451
Millet,2022-04-01,171.63162802240535,5.947072893680683,18.213642491373495,3.328434194897989,3.6941868044960913,0.5317190485062325,30.887268940341105,-0.8938901659596326,-6.2176700436299255,0.6448371663527136,0.8660254037844387,-0.4999999999999998,0.05568685628540848,8.796889510028816,7.540109984204614,5.95375282331244,-0.006679929631757453,-0.02643208382818396,0.0,41.75824175824176
Millet,2022-05-01,161.14808406400618,-2.3377306067017156,7.616662825431675,-0.5134024802007531,-2.598844723490612,-0.37307063998896123,30.658356619188925,-0.8839645817408055,4.586813498862657,0.38919549335808024,0.49999999999999994,-0.8660254037844387,-0.13083196751972892,1.0858965930091058,1.186672234428615,9.94383118382868,-12.281561790530395,0.022828697086669125,0.0,48.07692307692308
Millet,2022-06-01,161.5073521795608,-3.920300451671721,2.753480149694587,-7.48434314293821,-1.7350190802284948,-0.2546736799196021,29.350548852330956,-0.8887495410526292,9.772703348961699,0.3979562618995645,1.2246467991473532e-16,-1.0,-0.17333057934475482,1.032544434438254,1.1901333945498294,3.781507519767413,-7.701807971439134,-0.06915206409250396,0.0,51.098901098901095
Millet,2022-07-01,167.09504644294944,-2.643208382818396,3.146670981604194,-5.810387862925559,2.198786630395566,0.34310224626196434,28.181505260343535,-0.889644495201356,-8.267123334315226,0.5342124282631108,-0.4999999999999997,-0.8660254037844388,0.21318582101956807,0.9512947021877993,1.1898856370316293,3.7643835409428354,-6.407591923761231,-0.09748684069960112,0.0,36.53846153846154
Millet,2022-08-01,164.82688486120048,2.2828697086669125,-0.10822824192542324,-11.476872704783103,1.9216322275451114,0.40234108829879556,27.08840147940512,-0.8878514096109456,-21.17829365592454,0.7426730885708852,-0.8660254037844384,-0.5000000000000004,0.9945314787629611,1.9195720894348511,1.4703835032371046,-2.9376237083869103,5.220493417053823,-0.06251646375561581,0.0,32.142857142857146
Millet,2022-09-01,150.3387854102292,-6.915206409250397,-10.56440999282624,-10.090792349527211,-6.221802465654669,-1.222826609805814,27.767327686629535,-0.8690778394025784,-15.04238930027175,0.19479379380905762,-1.0,-1.8369701987210297e-16,3.229403529992503,4.164123499058325,2.481113019874577,-1.604914753388345,-5.310291655862052,0.03304073809891883,0.0,23.626373626373624
Millet,2022-10-01,150.80547826867317,-9.748684069960111,-12.134214418226852,3.869345639874111,-6.204593225241917,-1.361146033893019,26.610497451279805,-0.8678665575358906,-1.1784703064766564,0.04855374002472672,-0.8660254037844386,0.5000000000000001,4.7961022923614705,6.073868316482289,2.6567049917708774,-4.675353675669933,-5.073330394290179,0.027352277765671174,0.0,32.417582417582416
Millet,2022-11-01,154.52249088782418,-6.251646375561581,-4.111493608295335,3.1920106119033065,-4.1302554994728125,-0.9812757186145585,25.548385290268534,-0.8641305634089278,-1.824010868900661,0.19648412162698045,-0.5000000000000004,0.8660254037844384,5.325750428990217,7.497091470632067,2.78760025737139,-2.9061745001361134,-3.3454718754254675,-0.07064798769221026,0.0,34.61538461538462
Millet,2022-12-01,155.30608984507816,3.304073809891883,-3.839616123226508,-1.1918590413094288,-3.550672915769637,-0.8280048798695798,24.44116005385511,-0.8589889507067738,1.3271780640513438,0.23328517123441478,-2.4492935982947064e-16,1.0,3.9346823818370957,8.597507560620654,2.6632961810215265,-2.4649080413629525,5.768981851254836,-0.13847764037981314,0.0,43.13186813186813
Millet,2023-01-01,154.9303515988628,2.7352277765671174,-7.28010500792432,-4.362514978034781,-3.430822657473742,-0.7738604518111959,23.39287563071306,-0.8518893015615205,-0.3041059456244499,0.2156389483669952,0.49999999999999994,0.8660254037844387,3.978702876193929,9.258735989450884,2.8033053767643006,-1.6953383519935816,4.430566128560699,-0.0037765733756073283,0.0,39.010989010989015
Millet,2023-02-01,143.6057878534115,-7.064798769221026,-12.874778908585881,-12.96907300364676,-9.483367435422752,-1.785974964057882,23.811935535760185,-0.8396706247695178,0.7725809788059872,0.0,0.8660254037844386,0.5000000000000001,4.276996247750131,10.777705486879196,2.9392118783244046,-11.249474576294867,4.184675807073841,0.09559112208300835,0.0,34.065934065934066
Millet,2023-03-01,133.79966898671648,-13.847764037981314,-11.001230572923992,-20.403425463770386,-14.11709703854578,-2.0961339354250965,23.91023588558119,-0.8287692053231943,0.4141427608315187,0.0,1.0,6.123233995736766e-17,3.3530618654492805,10.696487397948772,2.962368815037195,-9.163933886631282,-4.683830151350032,0.2800537758146213,1.0,29.67032967032967
Millet,2023-04-01,154.34524575794106,-0.37765733756073283,2.3472406506091836,-10.071792981074367,-0.004768144387512496,-0.000797284200132228,25.55446295966767,-0.810589274551063,-3.1250779850592068,0.6170699460677959,0.8660254037844387,-0.4999999999999998,1.6954022988505901,11.049271263016891,2.8376391944129264,-4.001799809048183,3.6241424714874504,0.3256599050666755,1.0,40.10989010989011
Millet,2023-05-01,157.33322625193355,9.559112208300835,1.818981397439301,-2.3672995147478226,2.141417188255512,0.36490419128412127,24.627744079323893,-0.8055848982701654,6.147351884557267,0.7068115475234399,0.49999999999999994,-0.8660254037844387,-0.048829743127820624,10.868664673201867,2.885443336832333,9.40992791420369,0.14918429409714484,0.5746683676438076,1.0,53.57142857142857
Millet,2023-06-01,171.27077148919292,28.00537758146213,10.279494938054224,6.045185669799946,10.605509073096897,1.61877968936373,24.77333826197969,-0.7952411112467104,8.210026363419647,1.0,1.2246467991473532e-16,-1.0,32.73078438042718,47.18342989661743,27.519688422728052,19.43213907945068,8.573238502011453,0.41954266763437675,1.0,65.65934065934066
Millet,2023-07-01,204.60930383896485,32.56599050666755,32.06534531640906,22.45084949829661,29.520457199864158,2.6758821468074276,26.92878372597406,-0.7726948803174452,-10.141888308355817,1.0,-0.4999999999999997,-0.8660254037844388,68.5115553431721,86.73276642136013,34.04221455635608,24.918306306119025,7.647684200548529,-0.02652931006286252,0.0,54.120879120879124
Millet,2023-08-01,247.74765455826605,57.46683676438076,72.51926838154981,50.30779400271537,50.25520745315526,2.6469280420438714,30.080044304272587,-0.5564326453141462,-23.897214827667007,1.0,-0.8660254037844384,-0.5000000000000004,65.04250761398626,81.17854665553948,34.58308152360877,33.84654449059806,23.620292273782695,-0.08869649852336126,0.0,55.769230769230774
Millet,2023-09-01,243.12616784756668,41.95426676343767,81.7090951635344,61.7188586326201,40.84729473578497,1.8503315276577683,28.81547278691672,-0.6485908320516458,-17.940880463159495,0.9594421376778313,-1.0,-1.8369701987210297e-16,25.806739397744806,79.37396493132032,34.685008735801546,15.73383557685513,26.220431186582545,-0.20722252852112155,0.0,54.395604395604394
Millet,2023-10-01,199.1811601756745,-2.652931006286252,29.049106240725674,32.07819932165583,12.755864686644003,0.5906742210493203,32.892495938556074,-0.3506124156969008,-3.1808778700216163,0.57378365103176,-0.8660254037844386,0.5000000000000001,-1.0980255497307412,76.23021171255522,34.913816941694144,1.4246848835787616,-4.077615889865013,0.1628502353452117,1.0,48.35164835164836
Millet,2023-11-01,225.7733050815726,-8.869649852336126,43.500079709830494,46.1103194650629,23.653314984903705,1.0825042105958762,33.804125010986574,-0.2669418341527461,-5.6182601831809516,0.8071545594555909,-0.5000000000000004,0.8660254037844384,11.070831643002045,91.06108212794955,35.02471982079529,-3.004483047059265,-5.865166805276861,0.09965506658559597,0.0,45.6043956043956
Millet,2023-12-01,192.7449485965433,-20.722252852112156,12.53814467035632,24.106497555125728,3.7905774992524233,0.18038848806792632,35.73651749667304,-0.163364174061158,-1.6143958377242171,0.517299883048957,-2.4492935982947064e-16,1.0,2.7502907833943713,77.32990213942648,36.828365707479,-4.83153008098018,-15.890722771131976,0.43494348243508774,1.0,39.01098901098901
Millet,2024-01-01,231.6178589866154,16.28502353452117,13.200062089506591,49.498052896896326,20.57385242899312,0.9930874248339174,52.86971267670085,6.309489761476236,-5.325160771320047,0.8584459787442006,0.49999999999999994,0.8660254037844387,12.892938711554326,91.33866782006919,36.89703621741637,13.76917713911463,2.5158463954065393,0.0833718045394174,0.0,71.42857142857143
Millet,2024-02-01,248.2727588327268,9.965506658559597,0.21195125959800887,72.88492514393377,23.630418302775702,1.196145943699728,54.548974823183,2.4952673713422016,-4.716188701710348,1.0,0.8660254037844386,0.5000000000000001,79.74478374797451,229.33661426293006,62.26024410930895,11.890384592054817,-1.9248779334952193,0.1163560534568635,1.0,69.5054945054945
Millet,2024-03-01,276.5781077608958,43.494348243508774,13.759086571998536,106.7106068762803,30.021806436122176,1.6310852267729292,49.18512885591154,-0.6684303621537566,-4.464585287580157,1.0,1.0,6.123233995736766e-17,104.06518823920798,250.12857101062426,61.4865962049102,29.07094629326633,14.423401950242443,0.1997774810888795,1.0,77.74725274725274
Millet,2024-04-01,250.92825785388587,8.33718045394174,25.979915787502826,62.57595536659129,13.662910480386369,0.8413548609882597,47.155924011185675,-3.590325285917274,-4.342534158442885,0.7848976863205475,0.8660254037844387,-0.4999999999999998,33.330934351401886,150.86053824766356,75.18959052025758,9.335142176641252,-0.9979617226995128,0.41350072946094785,1.0,63.46153846153847
Millet,2024-05-01,277.16079723135056,11.63560534568635,22.760659029734054,76.16164355998158,20.112540396859302,1.3994209233148371,44.969929032401744,-7.742606585877738,5.307868460507603,1.0,0.49999999999999994,-0.8660254037844387,0.47195335138681127,231.05258157648962,77.20054878561815,14.8025547753594,-3.16694942967305,0.19495349927116412,1.0,75.54945054945054
Millet,2024-06-01,331.83218545369624,19.97774810888795,72.16128768608743,93.7471190025174,35.92379833552306,2.255613838484994,43.719239520874616,-4.553657162784269,5.245818944096122,1.0,1.2246467991473532e-16,-1.0,-7.320037553101166,144.47910079280862,75.26876049436305,16.407644128882712,3.570103980005239,-0.1350707456858481,0.0,80.49450549450549
Millet,2024-07-01,354.6872755188325,41.350072946094784,53.13468359938902,73.34855691507782,38.205531334568434,2.0399257116703935,46.816524350063794,0.8997405081141636,-11.771090139647791,1.0,-0.4999999999999997,-0.8660254037844388,38.74183367365218,106.54281542865394,73.11991054204762,24.225759066992293,17.12431387910249,-0.163659816676621,0.0,69.50549450549451
Millet,2024-08-01,331.1942645123879,19.49534992711641,33.399357251082584,33.68209886907189,25.646828528044495,1.2878069641316667,43.87019437785656,-0.5326990227979351,-23.53480891055267,0.8549297675726364,-0.8660254037844384,-0.5000000000000004,4.624096601555228,109.8615549156726,72.94420688152344,18.760190414261306,0.7351595128551054,-0.16427140774850524,0.0,59.89010989010989
Millet,2024-09-01,287.01136472190086,-13.507074568584809,3.7722642061116085,18.050379875953524,7.394929902364078,0.3766657546031188,41.982434078911574,-1.318825122372715,-17.60511556316682,0.5820986885694986,-1.0,-1.8369701987210297e-16,8.979941010482761,111.77973541196282,72.8818228452473,6.097271513666653,-19.60434608225146,-0.060803195579334335,0.0,38.46153846153847
Millet,2024-10-01,296.6392210298902,-16.365981667662098,18.216745920509926,48.929356957384584,7.7238588107591655,0.43985081179171953,43.464526954149385,-2.987236653091223,-4.224178430728409,0.6415510657890099,-0.8660254037844386,0.5000000000000001,2.1805092619002764,113.38957267732357,72.81239067675358,-4.2206053691793795,-12.145376298482718,-0.06739511823465882,0.0,46.42857142857143
Millet,2024-11-01,276.78851644270713,-16.427140774850525,-0.1343194248112467,22.595767618630802,-1.0130773318879238,-0.061888622232184505,40.47317591056283,-3.286406311585644,-5.262926180714469,0.5189722134009694,-0.5000000000000004,0.8660254037844384,4.64415134325038,97.71873487281233,72.84364475451608,-6.801588728813651,-9.625552046036873,-0.20060437086454552,0.0,39.285714285714285
Millet,2024-12-01,269.5601565792235,-6.080319557933434,-18.766120829819922,39.853292416742356,-5.755632335078853,-0.4442067126039701,38.76539075593066,-2.777797834653576,0.09064021298754987,0.30829997136352344,-2.4492935982947064e-16,1.0,-5.292247493274638,95.20317280286889,73.09014835260193,-4.885551090024145,-1.194768467909289,-0.33114083970041674,0.0,48.35164835164835
Millet,2025-01-01,276.6471856555437,-6.739511823465882,-22.00250622160963,19.441215312991233,-4.530349972019431,-0.39635743880577556,36.09746168259622,-7.444728749737763,-3.216143611884065,0.26664056471274356,0.49999999999999994,0.8660254037844387,-4.879783242381808,79.79567755556285,73.10794064157763,-1.9279987879445255,-4.811513035521357,-0.37141289408381706,0.0,38.73626373626374
Millet,2025-02-01,221.26353023918696,-20.060437086454552,-33.19222162106287,-10.878853048770143,-23.045259999848668,-1.7956822525513971,38.087419114394294,-0.0341809393842496,0.16599985646264948,0.0,0.8660254037844386,0.5000000000000001,-9.433962264150942,-0.37762415023496754,47.3329713478189,-5.125526890567311,-14.934910195887241,-0.16212032209768235,0.0,35.16483516483517
Millet,2025-03-01,180.2977799798036,-33.114083970041676,-37.18096140391416,-34.81126129633058,-35.49294681578113,-2.057057566712635,46.63898900083705,6.710216311406555,3.567659677965116,0.0,1.0,6.123233995736766e-17,0.630509218612807,-3.7396096329016637,46.972440828804075,-12.6909390574261,-20.423144912615577,0.009386842631331715,0.0,37.63736263736264
Millet,2025-04-01,173.89685379107516,-37.14128940838171,-41.37765964078203,-30.698576844886738,-36.32055127683942,-1.7477963351502992,49.52545735150959,11.566907307293462,5.560663075067184,0.0,0.8660254037844387,-0.4999999999999998,3.2040444362523957,39.16981221316487,30.12457607168511,-17.035662904870456,-20.105626503511253,0.008907913234600384,0.0,42.857142857142854
Millet,2025-05-01,185.3922154483397,-16.212032209768235,-33.02026477434647,-33.11023156944167,-30.155116878590892,-1.289304887599572,45.3903865588138,8.774557539674248,14.084593591605804,0.0635839086352417,0.49999999999999994,-0.8660254037844387,6.128640776699035,5.2312310770364245,12.815862027510633,-12.213242879306335,-3.9987893304619,-0.19757393467229056,0.0,48.62637362637362
Millet,2025-06-01,181.9902068672525,0.9386842631331715,-32.486236402015976,-45.155950855572634,-28.05214815012016,-1.1338687704120962,38.21443231661126,-0.026798161193639203,11.97163210673101,0.044766492598621734,1.2246467991473532e-16,-1.0,-0.43429389641137517,3.412145232563435,13.284586127898198,-7.67486762993107,8.61355189306424,-0.21760984531480188,0.0,52.747252747252745
Millet,2025-07-01,175.44591187641603,0.8907913234600384,-36.58134946839272,-50.53504199727048,-26.286513526039666,-1.0927813055795823,37.80350241202684,-0.03033066516868388,-3.775740507267419,0.009847956671616002,-0.4999999999999997,-0.8660254037844388,-4.711067908176125,-4.417129036903111,11.104763191420927,-5.452002449249907,6.342793772709945,-0.2813489107327798,0.0,38.18681318681319
Millet,2025-08-01,148.7635459845982,-19.757393467229058,-32.76635068427948,-55.08269256908165,-33.232415892527754,-1.3608598607660622,38.529764663157074,-0.01990570512081291,-13.500546864463482,0.0,-0.8660254037844384,-0.5000000000000004,-4.317235341249637,-3.761987487068219,11.119400555009692,-12.151850160924111,-7.605543306304947,-0.18897803149133852,0.0,20.32967032967033
Millet,2025-09-01,142.3873461020609,-21.760984531480187,-21.026567205646863,-50.38964877226139,-32.439731423458696,-1.245081148193386,38.161489515563595,-0.02225501344587144,-8.0732399040372,0.0,-1.0,-1.8369701987210297e-16,-2.8305056451612742,-7.794904555593685,10.93088728003553,-10.292039034036883,-11.468945497443304,-0.19682715944352136,0.0,21.978021978021975
Millet,2025-10-01,126.08439567746711,-28.134891073277977,-27.494722918363635,-57.49570969080906,-35.848996018081856,-1.337272743081385,39.43801720471059,-0.6263383086764662,4.717618539529958,0.0,-0.8660254037844386,0.5000000000000001,-4.167338702174151,-10.355106222829303,10.951540498008661,-13.024956541096127,-15.10993453218185,-0.11509794601591805,0.0,34.89010989010989
Millet,2025-11-01,120.65050390675762,-18.89780314913385,-34.92148329152614,-56.41058181988152,-34.26174008449625,-1.2502450903998177,37.94090642275473,-0.02114330156101829,3.214675848200042,0.0,-0.5000000000000004,0.8660254037844384,-5.902630054564206,-13.461538461538481,10.519440797727748,-12.313946755402167,-6.583856393731683,-0.06493376101120796,0.0,34.34065934065934
Millet,2025-12-01,114.36164922809068,-19.682715944352136,-37.16054770380668,-57.5747207304801,-32.96441755244016,-1.2244900393353835,37.73633677741285,-3.0398387117642827,6.887955113024466,0.0,-2.4492935982947064e-16,1.0,-3.187279717951652,-5.7455606582472285,7.683818341175576,-14.931899861516452,-4.750816082835684,0.06595679442508695,0.0,37.36263736263736
Millet,2026-01-01,111.57234071033236,-11.509794601591805,-36.40641750095389,-59.669808154400584,-28.86331112724594,-1.3083750023929448,35.9138228156324,-2.5489270849841077,2.2561829086856453,0.0,0.49999999999999994,0.8660254037844387,-2.9346086956521744,-8.521900080501332,7.642060519513902,-13.694103882427852,2.1843092808360467,0.19999999999999973,1.0,36.53846153846153
Millet,2026-02-01,112.8162129201944,-6.493376101120796,-24.164073816931943,-49.01273933474734,-23.672217507927908,-1.1617858386257642,33.702795130466505,-5.3510033911753325,4.413854195906631,0.01685009916742137,0.8660254037844386,0.5000000000000001,-6.289578642135785,-10.456989207329281,8.572120040738,-4.125260284420374,-2.3681158167004215,0.15851280863063777,1.0,39.83516483516484
Millet,2026-03-01,121.90457701634176,6.595679442508695,-14.385245351112463,-32.38708927531048,-14.715552615132166,-0.7231017684671773,32.95691057653336,-4.177995365490986,6.374572608614153,0.13996550851216344,1.0,6.123233995736766e-17,-5.458133226362072,-11.448419408139742,8.12723069675508,7.334900737167841,-0.7392212946591457,0.22250347792433312,1.0,49.72527472527473
Millet,2026-04-01,133.8868088523988,19.99999999999997,6.188246478089798,-23.007917662930023,-4.095733431253922,-0.20818173625807648,36.42062852853777,-0.03166030348058513,6.927777456623595,0.30228266061493964,0.8660254037844387,-0.4999999999999998,-5.521958545060846,-16.256462974647167,6.499089148153007,17.889851310661033,2.1101486893389385,,0.0,63.18681318681318
Millet,2026-05-01,130.69902768924646,15.851280863063778,8.328621478659247,-29.501339970951324,-3.2195113546294674,-0.1856774332032325,34.72945677362667,0.5461660848145371,13.677868832802352,0.27161696346055036,0.49999999999999994,-0.8660254037844387,1.3517681102616974,-14.48733914487339,7.2413202227106,9.570289099333648,6.28099176373013,,0.0,62.36263736263736
Millet,2026-06-01,149.02876937737253,22.25034779243331,30.313588850174213,-18.11165449903728,12.644495177972281,0.8847277430713781,36.315294137337546,-0.029114931835131586,10.400289719612895,0.5864151320057899,1.2246467991473532e-16,-1.0,-1.049328214847045,-11.995417598049174,6.741836681440169,11.110337658763628,11.140010133669682,,0.0,73.07692307692308
Palm oil,2018-07-01,633.0665949347134,-8.532227147589932,-5.453557057294711,-13.547438492243579,-18.447960521681807,-1.1096152367671568,37.50195551103569,-4.396333808699865,0.0,0.0,-0.4999999999999997,-0.8660254037844388,-0.09816353544453982,-0.04927737016963141,11.292626814045105,-23.703375066595797,15.171147919005865,-0.08790037734487866,0.0,40.625
Palm oil,2018-08-01,588.2841566040765,-14.2170980017032,-21.16193480877344,-44.21161690232596,-20.22427240951362,-1.4101299584272962,48.40444861523797,6.46401742987549,0.0,0.0,-0.8660254037844384,-0.5000000000000004,-0.09828928781546731,0.0016246680721421214,11.29286406960945,-30.936286929531523,16.719188927828323,-0.08319500683715442,0.0,41.66666666666667
Palm oil,2018-09-01,582.8013516199813,-18.955340264829236,-21.16136391121669,-19.247824091130095,-19.707329963036855,-1.2454975730530466,43.13964274645579,4.621178840960603,0.0,0.0,-1.0,-1.8369701987210297e-16,-3.102201440146113,-6.0876263702701605,8.940706731587252,-8.072117837474316,-10.88322242735492,0.01819138626277117,0.0,39.32291666666667
Palm oil,2018-10-01,577.4198023555147,-8.790037734487866,-16.572278896212424,-41.209560759859585,-16.571986797529938,-1.2840104346007828,38.21012932794275,-0.6199306707765118,0.0,0.0,-0.8660254037844386,0.5000000000000001,-0.12298493169330404,-0.31792715497668267,6.426266326048372,-10.580773190801354,1.790735456313488,-0.02695509746990965,0.0,41.927083333333336
Palm oil,2018-11-01,539.3418521732108,-8.319500683715441,-21.353807119962443,-36.817740900515695,-19.008843419317177,-1.5149801123832982,36.47955882581671,-10.29978265649661,0.0,0.0,-0.5000000000000004,0.8660254037844384,0.22198487894780072,0.058606458654364424,6.441533536826452,-12.037546797542767,3.7180461138273255,-0.03567686563305794,0.0,39.32291666666667
Palm oil,2018-12-01,593.4033161217656,1.819138626277117,-17.481025555051875,-27.47327724648112,-8.311507204384993,-0.7630694874435195,37.92601800821572,-3.3547292763338774,-8.188381224114302,0.26135437796306304,-2.4492935982947064e-16,1.0,0.21783743890895213,-2.738739927315126,5.6230405662376075,-9.515402082736573,11.334540709013691,-0.13126672654228333,0.0,41.666666666666664
Palm oil,2019-01-01,561.8553953019658,-2.695509746990965,-11.248611157581523,-16.088718787244304,-11.964930601150868,-1.0298593588348037,40.436455270052214,4.550555927875699,8.99042082926922,0.10883932158699267,0.49999999999999994,0.8660254037844387,0.7819502152876412,0.47397449155464066,4.783917091017496,-10.25957789071661,7.564068143725645,-0.09051525008145078,0.0,55.989583333333336
Palm oil,2019-02-01,520.0998253829425,-3.567686563305794,-11.590373538994193,-30.299561055352353,-16.028499246389206,-1.3612107708345158,37.43252809660117,3.151143011027102,3.2057386806316037,0.0,0.8660254037844386,0.5000000000000001,0.02507858383955508,0.10108132515367352,4.798759775636695,-9.031489927460784,5.46380336415499,-0.026019937533410364,0.0,48.69791666666667
Palm oil,2019-03-01,515.5092052951256,-13.126672654228333,-11.546326400549233,-30.264330163768815,-14.186625137025466,-1.2545392270348432,37.5840025894489,1.7289638990515854,-0.20300677087248253,0.0,1.0,6.123233995736766e-17,0.023634637485647758,0.06570359069988374,4.798161843619375,-5.800105641197982,-7.326567013030351,-0.026150834254182853,0.0,39.583333333333336
Palm oil,2019-04-01,510.998913686596,-9.051525008145077,-11.503050016290162,-26.169011382232178,-12.745145806320146,-1.133123771921895,33.17194150275688,-7.063203165726655,1.1864540921038005,0.0,0.8660254037844387,-0.4999999999999998,-0.25775280898874264,0.30000000000001137,4.791958492891877,-1.766975641060807,-7.284549367084271,-0.026285706022214583,0.0,39.84375
Palm oil,2019-05-01,506.5668604153407,-2.6019937533410364,-6.076849335130829,-26.13301776909872,-11.238387300520225,-1.0470268943559047,30.3497280341763,-5.179636238133256,5.6700219633386695,0.0,0.49999999999999994,-0.8660254037844387,0.06617660554422145,0.2148618893462073,4.791804782490723,-2.0679354436102373,-0.5340583097307992,-0.16726555015391464,0.0,47.13541666666667
Palm oil,2019-06-01,502.0282095109473,-2.6150834254182853,-15.398482638756972,-30.187695508637525,-9.154012931256561,-1.1851152266749498,27.024783322828952,-8.498619164168659,8.04004497930196,0.0,1.2246467991473532e-16,-1.0,0.01476408422196318,-2.8538298009405327,3.4013119425555476,-3.724469846017529,1.1093864205992436,-0.1535699717914908,0.0,46.09375
Palm oil,2019-07-01,497.5669464637591,-2.6285706022214583,-11.442169884949715,-21.403695844183346,-8.083166777027461,-1.1821783454257875,22.98109529120458,-3.94279999002633,15.28900108110868,0.0,-0.4999999999999997,-0.8660254037844388,-0.0027090533712192943,0.39583492046566526,0.7015440048429618,-5.8648051075840035,3.236234505362545,-0.032053601672415666,0.0,42.708333333333336
Palm oil,2019-08-01,421.83567581822746,-16.726555015391465,-18.89332485208287,-28.293891466785027,-20.023916436872913,-2.2228809545298462,31.10911463893527,-0.601302634181998,9.505529681951701,0.0,-0.8660254037844384,-0.5000000000000004,-0.02108910768262584,0.29230406060325453,0.7029065931552817,-10.736803362786471,-5.989751652604994,0.13047303590025194,1.0,39.84375
Palm oil,2019-09-01,424.9317515378185,-15.35699717914908,-17.570482316693482,-27.0880634788065,-17.376111159348106,-1.7054501240413316,50.78208177127541,19.48089043237369,22.793224077394864,0.018045802309301844,-1.0,-1.8369701987210297e-16,-0.03764705882353114,0.21857974743884068,0.7016236519659728,-6.2354704574365565,-9.121526721712524,0.11049664250242985,1.0,50.78125
Palm oil,2019-10-01,481.6181337564496,-3.2053601672415666,-5.749675614411598,-16.591337569001563,-4.877392644114287,-0.5029281987368606,38.35360592386806,7.390513562322791,5.822207936665659,0.3484483311215028,-0.8660254037844386,0.5000000000000001,-0.015498265568492098,0.5038799354377232,0.630906585895665,-5.683987419440127,2.4786272521985606,-0.013398859602975155,0.0,56.510416666666664
Palm oil,2019-11-01,476.8738570932661,13.047303590025194,-5.861615838376977,-11.582263610405475,-4.835986583280938,-0.4987246368744243,46.007073986416756,14.929112048879226,-0.580801764439296,0.32079581661008394,-0.5000000000000004,0.8660254037844384,0.34254483873450425,0.41294860939227185,0.5764128265743904,8.429833799093416,4.617469790931779,0.003153134810137459,0.0,65.88541666666667
Palm oil,2019-12-01,471.8852833754242,11.049664250242985,-6.004229556121354,-20.478151949087863,-3.889266805918823,-0.48464866890978275,37.726972205139624,-12.432796728704815,-13.157849069073933,0.35744684921333103,-2.4492935982947064e-16,1.0,0.0,0.0007406950188304506,0.6883625196415979,0.2936812863157331,10.755982963927252,0.10659924479328287,1.0,49.739583333333336
Palm oil,2020-01-01,475.165,-1.3398859602975155,-4.502297956681245,-15.429307260700876,-1.7760249356235547,-0.2636940828631631,33.90213884140337,-6.786177826927634,3.406277084598754,0.5427139441801284,0.49999999999999994,0.8660254037844387,-0.013987366277767865,-0.2898615526250703,0.6081246423592884,-0.3214706089457841,-1.0184153513517313,0.08860027741154752,0.0,58.072916666666664
Palm oil,2020-02-01,478.3775046521114,0.3153134810137459,13.40375697816707,-8.021983222184614,-0.39607618314662085,-0.06234637898419292,30.207686207764826,-18.926654594312264,-1.0167117045686613,0.6036051929465122,0.8660254037844386,0.5000000000000001,-0.33121917405805057,0.05526922578222848,0.5031296740553997,-6.225394149861218,6.540707630874964,0.031960887020230144,0.0,51.04166666666667
Palm oil,2020-03-01,522.1878982123087,10.659924479328286,22.887474593866507,1.2955526009200025,8.599924524848145,1.3226555261928723,30.638879264779806,-6.287023356016274,-5.11530984348291,1.0,1.0,6.123233995736766e-17,0.03913650131022184,0.016239010694207856,0.4996330271715269,12.455535479070537,-1.7956109997422516,-0.0722083792895547,0.0,60.67708333333333
Palm oil,2020-04-01,517.264750816258,8.860027741154752,7.401427513075043,1.2261938258258054,7.459359772344487,1.1269928926679924,38.99177191275377,5.403053038554212,-3.5732959729977063,0.9509413216907385,0.8660254037844387,-0.4999999999999998,17.68406725103715,17.646182727158234,16.258083848537417,19.306692409727898,-10.446664668573145,-0.029241696588404587,0.0,68.22916666666666
Palm oil,2020-05-01,493.6668740313171,3.1960887020230144,3.5214798815793813,-2.5465515792815085,2.7865591590695127,0.4297550472453407,33.47009636564948,2.2793610028897042,-0.4715751473356966,0.7157908066152228,0.49999999999999994,-0.8660254037844387,17.675280332968658,17.662453531598498,16.256820863859744,15.604335684281526,-12.408246982258511,0.002371483555974274,0.0,63.020833333333336
Palm oil,2020-06-01,484.48155639777895,-7.22083792895547,2.669350680371485,-3.4951528182572633,1.1821294111017178,0.18599832096185692,32.562605940080914,2.813090285188405,0.588533181278569,0.6242600222000297,1.2246467991473532e-16,-1.0,17.647459357305717,17.649194314677153,16.25784046145075,6.610664591936004,-13.831502520891474,0.007342653859480741,0.0,50.520833333333336
Palm oil,2020-07-01,502.1390519170123,-2.9241696588404587,5.676775839342607,0.9188925200412701,4.786449236495671,0.7467549791805026,29.808639263379025,-7.645655755905178,5.342245401134032,0.800215223768887,-0.4999999999999997,-0.8660254037844388,5.694697125622605,24.349145198036503,16.69139420624582,12.553026676220936,-15.477196335061395,-0.08082556754426462,0.0,58.85416666666667
Palm oil,2020-08-01,494.8375969052116,0.23714835559742742,3.4408165294207205,17.305772193255955,1.9682887706833796,0.38173642938891267,29.556827959283964,-1.5702243870343011,2.3556737921448323,0.7187807429936875,-0.8660254037844384,-0.5000000000000004,5.463752066381011,24.11741352277652,16.714942848529176,19.805492309673824,-19.568343954076397,0.0805457144689421,0.0,59.63541666666667
Palm oil,2020-09-01,488.0389367677103,0.7342653859480741,-6.53959265649513,14.8511343295737,-0.5108131581068598,-0.15379027338289566,26.443984307227616,-2.846165208471426,14.101270508732831,0.3211294968396238,-1.0,-1.8369701987210297e-16,5.74839138030514,24.4589856071832,16.68480397874494,13.010755200064583,-12.276489814116509,0.2018690627923856,1.0,58.072916666666664
Palm oil,2020-10-01,461.5533780596808,-8.082556754426463,-10.770378740995422,-4.166113003318794,-5.588216715845585,-1.500266276597249,26.126234773672284,-1.2872631290675756,1.8274692016524048,0.0,-0.8660254037844386,0.5000000000000001,0.026002442798200853,24.400758973381585,16.69038554541653,-20.16561264271251,12.083055888286047,0.33890785377114185,1.0,37.5
Palm oil,2020-11-01,534.6946446940362,8.05457144689421,8.310821086228382,12.124964860353348,8.30551939336428,1.8637004362324987,32.06140836321355,0.9556892080868202,-5.596683640620061,1.0,-0.5000000000000004,0.8660254037844384,0.2730537712008374,24.031457445231563,16.72202559601739,-6.824460132422619,14.879031579316829,0.15371833112169098,1.0,58.59375
Palm oil,2020-12-01,586.5588995392003,20.18690627923856,21.069397130488852,24.301163906513203,16.554832188963363,2.483606622900867,50.96338076974138,22.021279446260888,-15.741004791138467,1.0,-2.4492935982947064e-16,1.0,0.000991776972414371,24.460219962742546,16.677327379716218,-4.1378914315107185,24.32479771074928,0.052698313767541194,0.0,70.57291666666667
Palm oil,2021-01-01,617.9774428187077,33.890785377114184,23.068986660061608,30.055337160503747,19.961096504257412,2.246228815058346,45.55965341832357,17.25595303106553,-1.7101116554476912,1.0,0.49999999999999994,0.8660254037844387,0.027577673200762653,24.45247343145114,16.678068397869577,25.52430450377894,8.366480873335245,0.007693666023043111,0.0,82.29166666666667
Palm oil,2021-02-01,616.887013136109,15.371833112169098,24.664539839780296,28.954017932913743,17.125107383138328,1.7142499616057902,38.16448824916827,6.102228325343198,-4.844264140330056,0.9930290158085424,0.8660254037844386,0.5000000000000001,-0.0148543893785269,24.4251532946538,16.680688695784095,7.47451711224219,7.897315999926907,-0.019750753642871932,0.0,72.39583333333333
Palm oil,2021-03-01,617.4695644702607,5.269831376754119,26.52055357709193,18.246624746407434,15.494571941282231,1.4109647614479552,30.844547923079094,-20.516778600781908,-8.548236482993378,0.9967531955570303,1.0,6.123233995736766e-17,-0.03910266492881398,24.362881419244786,16.68664419602845,20.961967775502334,-15.692136398748215,-0.012926890242243139,0.0,57.29166666666667
Palm oil,2021-04-01,622.731954873529,0.7693666023043111,34.920896363368634,20.389404824287926,14.595018514391933,1.2476761832307444,27.198586553011562,-17.378124896988883,-7.4097369410533345,1.0,0.8660254037844387,-0.4999999999999998,-0.040651442883921085,5.708346602203429,5.547473399023885,22.62806284595644,-21.858696243652126,0.0342035551439277,0.0,50.260416666666664
Palm oil,2021-05-01,604.7030297141706,-1.9750753642871932,13.093152459044099,22.49212202069075,9.414300487240567,0.8161802573032477,25.93041362006756,-10.124591649300243,-4.214105599176998,0.8881431669409714,0.49999999999999994,-0.8660254037844387,7.790444169656241,13.973321342925683,8.936438430752382,15.671770685743118,-17.646846050030312,0.04856901420037052,0.0,44.791666666666664
Palm oil,2021-06-01,609.487603182428,-1.2926890242243139,3.9090198207273774,25.8020238611548,8.239834291510274,0.7510697877759301,25.573305796586347,-2.574767728144419,-3.2505628971254295,0.9178280888632145,1.2246467991473532e-16,-1.0,7.863961073935166,14.020932315312496,8.930982484097918,4.4913892718618325,-5.784078296086147,0.09236851538142399,0.0,47.39583333333333
Palm oil,2021-07-01,644.0316016319317,3.42035551439277,4.216037189704891,28.257620906642767,12.02219104482829,1.1037176151225803,25.17555738520354,-0.6566103272427313,-0.7747765960558066,1.0,-0.4999999999999997,-0.8660254037844388,8.001417291195633,8.015364659002167,7.522291442305491,3.1094876792160386,0.31086783517673133,0.06726274650357489,0.0,60.416666666666664
Palm oil,2021-08-01,634.0728597513653,4.856901420037052,2.785898592335001,28.13756750031764,8.108135980702036,0.8027017039790191,28.933294488072747,4.265220913536883,-2.427895643173943,0.9454250392972324,-0.8660254037844384,-0.5000000000000004,0.16842257307645436,8.250726819859588,7.498238893241577,8.209514894716149,-3.3526134746790968,0.09483622798166613,0.0,59.375
Palm oil,2021-09-01,665.7850682317713,9.2368515381424,7.824758747900629,36.42048166100773,10.718857955916427,1.1846901743995557,25.942624926266692,0.3725613583520939,7.710345787838353,1.0,-1.0,-1.8369701987210297e-16,0.1259257865191099,7.958629517639437,7.518416047078869,1.9122055235364925,7.324646014605907,0.046002143813303364,0.0,73.95833333333334
Palm oil,2021-10-01,687.3509359927916,6.726274650357489,10.376692670666966,48.92122312750449,10.836974460318615,1.752562388986901,27.34916984707186,3.3628294021889147,-0.3591646719237547,1.0,-0.8660254037844386,0.5000000000000001,-0.26476479020859367,7.701373017457969,7.5451635942109,-6.830313402153392,13.55658805251088,-0.008316444322483796,0.0,66.92708333333333
Palm oil,2021-11-01,694.2059380357327,9.483622798166614,14.801134428558772,29.83222198400215,9.593266927946175,1.8218588651886576,25.312306246097712,-1.7108560282983092,-5.005090997640181,1.0,-0.5000000000000004,0.8660254037844384,-0.13910825992905496,7.8057733876128355,7.537522669592949,-11.230190313760888,20.7138131119275,-0.03200295158232924,0.0,54.68749999999999
Palm oil,2021-12-01,696.4126086893192,4.600214381330336,14.261980892312497,18.728504372948706,8.375385813492464,1.5655301009064064,22.61519187426019,-1.180677950923549,-12.401396516661485,1.0,-2.4492935982947064e-16,1.0,-0.30834652983442457,7.6246754331174005,7.554646948711459,-8.544865788494313,13.145080169824649,-0.04185853203637935,0.0,43.48958333333333
Palm oil,2022-01-01,681.6346202036004,-0.8316444322483796,5.8386915294816655,10.30089012546167,5.207131514362295,0.9601461982197476,21.477212235692747,-4.005340828473297,-1.7529267959859431,0.8388610148376835,0.49999999999999994,0.8660254037844387,0.9477469854029863,8.692134771746286,7.531817180757442,-1.8814561172202677,1.0498116849718881,0.02240260026010099,0.0,44.53125
Palm oil,2022-02-01,671.9892990126098,-3.200295158232924,5.979823718698896,8.932314135837238,2.9885087802519195,0.5683902552171021,21.483762833115446,-2.2512845792439045,-4.343077346187659,0.7336885639467645,0.8660254037844386,0.5000000000000001,1.1888967609536838,9.103679420906708,7.50246942716402,2.220618684338861,-5.420913842571785,0.28702162128802833,1.0,32.55208333333333
Palm oil,2022-03-01,667.2617991979588,-4.185853203637935,0.22180295663725147,8.063917250790453,1.6177621047367419,0.3252783390020725,20.27506104697591,-0.7269090516238954,-7.454850150489069,0.6821399703594793,1.0,6.123233995736766e-17,1.3933249480362786,9.166924062699433,7.496358549513211,5.204733227647633,-9.390586431285568,-0.036087511614575685,0.0,23.697916666666668
Palm oil,2022-04-01,696.9050081234675,2.240260026010099,1.3899845959875146,11.910911696349725,5.142418084807376,1.0431160681473597,20.117699338243426,-0.008650482695088613,-6.886819307817696,1.0,0.8660254037844387,-0.4999999999999998,0.05568685628540848,8.796889510028816,7.540109984204614,5.95375282331244,-3.713492797302341,-0.008377435947484968,0.0,37.5
Palm oil,2022-05-01,864.8647571034146,28.702162128802833,24.583313065653666,43.02305670805329,26.34982265596053,2.8665382886845125,25.54648503118377,1.909361497718887,-6.9026610720520845,1.0,0.49999999999999994,-0.8660254037844387,-0.13083196751972892,1.0858965930091058,1.186672234428615,9.94383118382868,18.758330944974155,-0.18721295880014832,0.0,58.33333333333333
Palm oil,2022-06-01,643.1819812694398,-3.6087511614575685,-7.643547338992307,5.528312292338233,-6.420128377312706,-0.7360400175068296,66.94796704123588,44.50734106377807,-1.3775839056105372,0.03946898319475873,1.2246467991473532e-16,-1.0,-0.17333057934475482,1.032544434438254,1.1901333945498294,3.781507519767413,-7.3902586812249815,0.12398194409809604,1.0,49.479166666666664
Palm oil,2022-07-01,691.0667310564316,-0.8377435947484968,1.3837487963880069,7.303233149633681,-0.02327783564654018,-0.0027560815324317784,95.80278743341132,73.28459590246868,-0.013227926847423355,0.24694918651380585,-0.4999999999999997,-0.8660254037844388,0.21318582101956807,0.9512947021877993,1.1898856370316293,3.7643835409428354,-4.602127135691332,0.08973223663825602,0.0,65.10416666666666
Palm oil,2022-08-01,702.9508669641127,-18.721295880014832,4.607449552693255,10.862790632571162,0.8584904485443579,0.10767491139212274,57.08929982089627,30.651308155863365,-1.2331553055462146,0.2696144771276038,-0.8660254037844384,-0.5000000000000004,0.9945314787629611,1.9195720894348511,1.4703835032371046,-2.9376237083869103,-15.783672171627922,0.08098245872181797,0.0,49.739583333333336
Palm oil,2022-09-01,722.9249337160901,12.398194409809605,8.34202326358826,8.58232907446752,3.0205117234682666,0.3846763916054823,32.61523024831458,-38.02742438319809,7.136149471612558,0.3597165009624938,-1.0,-1.8369701987210297e-16,3.229403529992503,4.164123499058325,2.481113019874577,-1.604914753388345,14.00310916319795,0.03146425498212779,0.0,76.82291666666666
Palm oil,2022-10-01,753.0776945004134,8.973223663825603,8.060307462590943,9.56232909069772,6.486273934001607,0.8078460911379399,26.708674910541813,-73.31193808888345,-0.03540913781388344,0.4957341084238224,-0.8660254037844386,0.5000000000000001,4.7961022923614705,6.073868316482289,2.6567049917708774,-4.675353675669933,13.648577339495535,-0.013003140082967435,0.0,64.0625
Palm oil,2022-11-01,759.8775565315001,8.098245872181797,-12.139146578655291,9.459962080068962,6.622696795260441,0.8060897407399804,26.418981912346183,-27.3919583143501,-3.9245030608711553,0.5264079485789969,-0.5000000000000004,0.8660254037844384,5.325750428990217,7.497091470632067,2.78760025737139,-2.9061745001361134,11.004420372317911,-0.017665417258772576,0.0,54.166666666666664
Palm oil,2022-12-01,745.6712281634709,3.1464254982127793,15.934719858250613,7.073194663557092,4.030134642429939,0.48934126382179727,23.32467468562422,-8.563313641890815,-9.799754572398307,0.4623239063498038,-2.4492935982947064e-16,1.0,3.9346823818370957,8.597507560620654,2.6632961810215265,-2.4649080413629525,5.611333539575732,-0.06381632664674419,0.0,39.84374999999999
Palm oil,2023-01-01,743.2853197454664,-1.3003140082967435,7.556229571232342,9.044537603364567,2.9593093566284256,0.36597612064611923,22.716568198186003,-2.7346147750153946,-1.618275022108701,0.45156119188527805,0.49999999999999994,0.8660254037844387,3.978702876193929,9.258735989450884,2.8033053767643006,-1.6953383519935816,0.39502434369683814,-0.0713307263899795,0.0,42.708333333333336
Palm oil,2023-02-01,746.4540024297946,-1.7665417258772576,6.18864525390832,11.081233514670519,2.517031183516072,0.3243011753565674,20.922471853871393,-3.761495876637568,-2.7265869121393016,0.4658549622172653,0.8660254037844386,0.5000000000000001,4.276996247750131,10.777705486879196,2.9392118783244046,-11.249474576294867,9.48293285041761,-0.021405617848165637,0.0,36.458333333333336
Palm oil,2023-03-01,698.0852294959119,-6.381632664674419,-3.436000483825241,4.6193908200653055,-4.462900825113126,-0.6022663804060401,21.981989652829434,-0.9549313829749515,-4.775628119258272,0.24766582798291406,1.0,6.123233995736766e-17,3.3530618654492805,10.696487397948772,2.962368815037195,-9.163933886631282,2.782301221956863,0.02886042733487071,0.0,21.875
Palm oil,2023-04-01,690.2662379730141,-7.13307263899795,-8.340634304547812,-0.9526076112337578,-5.461398200746936,-0.7309337708584391,29.963421060416213,7.156177054505765,-4.203558728977473,0.21239474526806343,0.8660254037844387,-0.4999999999999998,1.6954022988505901,11.049271263016891,2.8376391944129264,-4.001799809048183,-3.1312728299497667,0.023362376415501984,0.0,30.468749999999996
Palm oil,2023-05-01,730.4756933125487,-2.1405617848165637,-3.8692895935968474,-15.53873743693276,1.6041005212903858,0.33439623843800315,24.452422863046195,2.134505111660115,-6.03758887682145,0.7480464606055172,0.49999999999999994,-0.8660254037844387,-0.048829743127820624,10.868664673201867,2.885443336832333,9.40992791420369,-11.550489699020254,-0.0007315950583046682,0.0,31.770833333333336
Palm oil,2023-06-01,718.2322675353251,2.886042733487071,-3.6797665769840338,11.668592785786625,-0.960434600002491,-0.2786054449079373,28.061938457124295,6.133113983264671,-0.4354621939811665,0.40174543653866546,1.2246467991473532e-16,-1.0,32.73078438042718,47.18342989661743,27.519688422728052,19.43213907945068,-16.54609634596361,-0.06811367662504053,0.0,53.38541666666667
Palm oil,2023-07-01,706.3924976514521,2.3362376415501984,-4.9634805254391345,2.217697062567603,-2.764304060783307,-0.8567246128223539,23.670899550213836,-6.014497842668501,1.302798043122475,0.23166145983701025,-0.4999999999999997,-0.8660254037844388,68.5115553431721,86.73276642136013,34.04221455635608,24.918306306119025,-22.582068664568826,-0.025663695768414763,0.0,48.69791666666667
Palm oil,2023-08-01,729.9412809051096,-0.07315950583046682,-2.21215526622327,3.839587545792833,0.16708927387423245,0.05474336444498693,22.4661109849838,-1.3211513366375485,0.1346180485792709,0.5699510331608119,-0.8660254037844384,-0.5000000000000004,65.04250761398626,81.17854665553948,34.58308152360877,33.84654449059806,-33.91970399642853,-0.01706015047040832,0.0,46.61458333333334
Palm oil,2023-09-01,669.3108271227544,-6.811367662504053,-4.121903910491776,-7.416275756009716,-7.586406764454267,-1.953883359288296,24.49972765153798,-3.969195447647536,8.543211588502619,0.0,-1.0,-1.8369701987210297e-16,25.806739397744806,79.37396493132032,34.685008735801546,15.73383557685513,-22.545203239359182,-0.050742267252492756,0.0,40.625
Palm oil,2023-10-01,688.2638554986346,-2.5663695768414763,-0.29008842736674145,-8.606527517028084,-4.255493119333053,-1.0807322646584805,35.032850751728326,10.640601946036764,1.9657523821564904,0.2092714233981157,-0.8660254037844386,0.5000000000000001,-1.0980255497307412,76.23021171255522,34.913816941694144,1.4246848835787616,-3.991054460420238,0.08315752002889587,0.0,53.385416666666664
Palm oil,2023-11-01,717.4883728183058,-1.706015047040832,-1.7779264406934892,-5.578422911538783,0.3028199497407069,0.08597566217074153,26.896855611536388,3.608213140771234,-1.944255423317378,0.6245211647536975,-0.5000000000000004,0.8660254037844384,11.070831643002045,91.06108212794955,35.02471982079529,-3.004483047059265,1.298468000018433,-0.1386537300331273,0.0,42.70833333333333
Palm oil,2023-12-01,635.3484782579046,-5.074226725249275,-11.53997014946756,-14.795092761897555,-10.023696311270413,-2.194509942615113,27.092972497434545,1.9364320730447488,-5.798440738647765,0.0,-2.4492935982947064e-16,1.0,2.7502907833943713,77.32990213942648,36.828365707479,-4.83153008098018,-0.24269664426909543,0.12015406240550952,1.0,23.697916666666664
Palm oil,2024-01-01,745.4981708474273,8.315752002889587,5.5359694965603445,0.2977122032651991,5.54783650711681,1.206047480006017,44.45276575579005,9.027954728026316,-1.4008153530947145,0.991397083182934,0.49999999999999994,0.8660254037844387,12.892938711554326,91.33866782006919,36.89703621741637,13.76917713911463,-5.453425136225043,-0.1441154398198441,0.0,72.13541666666667
Palm oil,2024-02-01,618.0059336716487,-13.865373003312731,-15.334842700588702,-17.207767436443845,-11.156142156858307,-2.008340323137871,56.45973415381426,30.436599094070107,-0.463776444861855,0.0,0.8660254037844386,0.5000000000000001,79.74478374797451,229.33661426293006,62.26024410930895,11.890384592054817,-25.755757595367548,0.010054006351140954,0.0,43.75
Palm oil,2024-03-01,711.6881789637504,12.015406240550952,6.331490560696373,1.948608693190823,2.145057350370161,0.3840240586233277,66.38571608212374,41.02755003944621,-3.7166609292438926,0.7348074468482205,1.0,6.123233995736766e-17,104.06518823920798,250.12857101062426,61.4865962049102,29.07094629326633,-17.05554005271538,-0.06861376543349562,0.0,68.75
Palm oil,2024-04-01,638.060374070861,-14.411543981984408,-7.294220236424021,-7.563148975018253,-7.8469673526396555,-1.279467842142684,55.78382474725711,12.111361662051351,-1.9157013425345937,0.1572993057731232,0.8660254037844387,-0.4999999999999998,33.330934351401886,150.86053824766356,75.18959052025758,9.335142176641252,-23.74668615862566,-0.05414516932881741,0.0,41.145833333333336
Palm oil,2024-05-01,624.2193692538262,1.0054006351140954,-12.999374916434881,-14.546182033364197,-8.678104830764099,-1.32363577784825,46.097743479156414,-10.476267415599814,-3.352338658101455,0.04873579536933574,0.49999999999999994,-0.8660254037844387,0.47195335138681127,231.05258157648962,77.20054878561815,14.8025547753594,-13.797154140245304,0.02564396839042815,0.0,50.0
Palm oil,2024-06-01,662.85657319054,-6.861376543349563,4.329607431824067,-7.709998122865125,-2.366432857271561,-0.3671807337658772,28.842886240086063,-37.49809652494319,0.625854359589912,0.351791140483745,1.2246467991473532e-16,-1.0,-7.320037553101166,144.47910079280862,75.26876049436305,16.407644128882712,-23.269020672232273,0.026828315560333715,0.0,42.70833333333333
Palm oil,2024-07-01,603.5124870747857,-5.414516932881741,-19.04574542567191,-14.564142586269291,-9.970471455332019,-1.3989024494336826,29.246518359899238,-26.698964119862868,3.024863661990154,0.0,-0.4999999999999997,-0.8660254037844388,38.74183367365218,106.54281542865394,73.11991054204762,24.225759066992293,-29.640275999874035,0.07827477487418144,0.0,42.1875
Palm oil,2024-08-01,640.2268310276644,2.564396839042815,3.5955799362634933,-12.290639291725148,-3.416408089465861,-0.5087571957154965,37.00043989549837,-9.204447644890237,1.1893353854155968,0.258577787403331,-0.8660254037844384,-0.5000000000000004,4.624096601555228,109.8615549156726,72.94420688152344,18.760190414261306,-16.19579357521849,0.11119340144351764,1.0,61.71875
Palm oil,2024-09-01,680.6398985073372,2.6828315560333715,-4.362624162399442,1.6926472612559307,2.534209281052413,0.3756572643867904,30.64652519790024,1.815239725581666,7.700072680280223,0.5432055499063824,-1.0,-1.8369701987210297e-16,8.979941010482761,111.77973541196282,72.8818228452473,6.097271513666653,-3.414439957633282,0.3044602312734028,1.0,68.48958333333334
Palm oil,2024-10-01,650.7522911343218,7.827477487418144,1.9891404605626217,-5.450172061866643,-1.5043516385174427,-0.22473610195952087,29.59296969676753,0.6318051654872292,2.643185769372498,0.33270821962008595,-0.8660254037844386,0.5000000000000001,2.1805092619002764,113.38957267732357,72.81239067675358,-4.2206053691793795,12.048082856597524,0.40505205436049674,1.0,61.979166666666664
Palm oil,2024-11-01,711.4158300650346,11.119340144351764,13.968880990578757,-0.8463611374520563,7.76001173948897,1.176459575917959,26.895356894695936,-10.217901960746104,-2.3843980027710843,0.7599593150745536,-0.5000000000000004,0.8660254037844384,4.64415134325038,97.71873487281233,72.84364475451608,-6.801588728813651,17.920928873165415,0.26351291833712076,1.0,61.19791666666667
Palm oil,2024-12-01,887.8676794207865,30.446023127340283,33.94567019939117,39.74499189095055,30.33328813634768,2.652319185226151,35.14246737104222,4.528328656232244,-7.617877591954648,1.0,-2.4492935982947064e-16,1.0,-5.292247493274638,95.20317280286889,73.09014835260193,-4.885551090024145,35.33157421736443,-0.06544531771539552,0.0,68.48958333333333
Palm oil,2025-01-01,914.340843538079,40.50520543604967,51.50321876020707,22.64830140343923,31.50328577190209,2.145983114512166,72.50386042383471,42.62830885668466,-4.413458748071977,1.0,0.49999999999999994,0.8660254037844387,-4.879783242381808,79.79567755556285,73.10794064157763,-1.9279987879445255,42.433204223994196,-0.1547198855598113,0.0,80.72916666666667
Palm oil,2025-02-01,898.883091596697,26.351291833712075,40.40072174948506,45.44894193107869,25.069775811471075,1.577504529030647,36.83341908897983,9.06852713907088,-3.2896165192720024,0.9502691706855021,0.8660254037844386,0.5000000000000001,-9.433962264150942,-0.37762415023496754,47.3329713478189,-5.125526890567311,31.476818724279386,-0.07674534381430609,0.0,75.26041666666667
Palm oil,2025-03-01,829.7608970518622,-6.544531771539552,21.90894169906168,16.590512752372955,13.892931932310692,0.8537079466474772,26.525319640564412,-9.077502305905817,-5.6415852680825065,0.727888576677511,1.0,6.123233995736766e-17,0.630509218612807,-3.7396096329016637,46.972440828804075,-12.6909390574261,6.146407285886547,0.014686976990154754,0.0,40.88541666666667
Palm oil,2025-04-01,772.874132863206,-15.471988555981131,18.766256130426285,21.128683784612036,4.473628650463168,0.28639662844707575,33.620834960547064,-39.26913959449549,-3.476846508051906,0.5448719277593349,0.8660254037844387,-0.4999999999999998,3.2040444362523957,39.16981221316487,30.12457607168511,-17.035662904870456,1.5636743488893252,0.07239079065712306,0.0,42.1875
Palm oil,2025-05-01,829.8979996832421,-7.674534381430609,16.654418500552115,32.94973539114592,9.641579741026597,0.6512575659508274,32.95937397743394,-5.576429178036747,-5.3384515797535546,0.7283296645915607,0.49999999999999994,-0.8660254037844387,6.128640776699035,5.2312310770364245,12.815862027510633,-12.213242879306335,4.538708497875726,0.005509958281622707,0.0,45.833333333333336
Palm oil,2025-06-01,841.9475762541931,1.4686976990154754,-5.171953460064016,27.01806247490781,9.08270889341698,0.6355532519708372,32.363379746796625,6.011911124549066,-1.7742647715098245,0.7670956790828221,1.2246467991473532e-16,-1.0,-0.43429389641137517,3.412145232563435,13.284586127898198,-7.67486762993107,9.143565328946545,-0.015588231624790505,0.0,62.23958333333334
Palm oil,2025-07-01,828.8231024196118,7.239079065712306,-9.35293897487427,37.33321516459465,4.832152090571684,0.3919291892074741,24.00044629786586,-9.589651495750442,0.8456620410961322,0.6880212713853218,-0.4999999999999997,-0.8660254037844388,-4.711067908176125,-4.417129036903111,11.104763191420927,-5.452002449249907,12.691081514962214,-0.012095999999999885,0.0,60.677083333333336
Palm oil,2025-08-01,834.470703039499,0.5509958281622707,-7.165824917540887,30.339851845953202,3.428894521106951,0.3230266122822214,21.825361982562974,-10.751813277448129,-0.46994890456953053,0.6969893427836075,-0.8660254037844384,-0.5000000000000004,-4.317235341249637,-3.761987487068219,11.119400555009692,-12.151850160924111,12.70284598908638,-0.0067678836408709975,0.0,47.916666666666664
Palm oil,2025-09-01,828.8231024196118,-1.5588231624790505,-0.11301986338262404,21.77116037970219,1.1802814283519814,0.12733481447100053,20.307797879734135,-11.262100872983513,6.418815478483092,0.6755635237623158,-1.0,-1.8369701987210297e-16,-2.8305056451612742,-7.794904555593685,10.93088728003553,-10.292039034036883,8.733215871557832,0.09333400000000025,0.0,47.395833333333336
Palm oil,2025-10-01,818.7976581727443,-1.2095999999999885,5.9419151653334445,25.823246314738867,-1.7236687039420384,-0.26337734326793183,19.582746985966256,-3.2174472166714843,3.3899583117366427,0.5291699937325557,-0.8660254037844386,0.5000000000000001,-4.167338702174151,-10.355106222829303,10.951540498008661,-13.024956541096127,11.81535654109614,0.012244104690334101,0.0,43.229166666666664
Palm oil,2025-11-01,828.8231024196118,-0.6767883640870997,-0.12952161157643305,16.50332581773508,-1.6750120530669932,-0.36180167907892846,19.290659265025955,-1.0184128205562537,-0.23607935439492778,0.3954921217118775,-0.5000000000000004,0.8660254037844384,-5.902630054564206,-13.461538461538481,10.519440797727748,-12.313946755402167,11.637158391315067,0.0,0.0,38.28125
Palm oil,2025-12-01,906.180477860844,9.333400000000026,7.629085636474153,2.0625594178632634,7.307781924203782,1.4965152490575182,20.402169551954334,0.016354523089351147,-5.956321490435046,0.9423160004335608,-2.4492935982947064e-16,1.0,-3.187279717951652,-5.7455606582472285,7.683818341175576,-14.931899861516452,24.26529986151648,-0.08536641136194445,0.0,45.83333333333333
Palm oil,2026-01-01,828.8231024196118,1.22441046903341,0.0,-9.35293897487427,-1.0173830559367825,-0.24354695534738174,33.89261314154303,13.820088477890202,-3.307803023621067,0.419702224657027,0.49999999999999994,0.8660254037844387,-2.9346086956521744,-8.521900080501332,7.642060519513902,-13.694103882427852,14.918514351461262,-0.009999999999999898,0.0,50.52083333333333
Palm oil,2026-02-01,828.8231024196118,0.0,-0.6767883640870997,-7.794115812395219,-0.32238507770668834,-0.09201960563625712,36.487965358311406,16.015786243180724,-2.586511762135877,0.419702224657027,0.8660254037844386,0.5000000000000001,-6.289578642135785,-10.456989207329281,8.572120040738,-4.125260284420374,4.125260284420374,-0.012500000000000067,0.0,52.08333333333334
Palm oil,2026-03-01,828.8231024196118,-8.536641136194445,0.0,-0.11301986338262404,-0.3130159158135415,-0.08931743965005946,23.913894896363104,3.566062966387122,-4.676337932168022,0.419702224657027,1.0,6.123233995736766e-17,-5.458133226362072,-11.448419408139742,8.12723069675508,7.334900737167841,-15.871541873362286,0.025833999999999913,0.0,25.78125
Palm oil,2026-04-01,820.5348713954157,-0.9999999999999898,0.21216636434309155,6.166688275055177,-1.7790880142191434,-0.6450293570024495,20.31732191857001,-13.656801701611933,-2.3797812744153735,0.019880489424262127,0.8660254037844387,-0.4999999999999998,-5.521958545060846,-16.256462974647167,6.499089148153007,17.889851310661033,-18.889851310661022,,0.0,33.333333333333336
Palm oil,2026-05-01,818.4628136393666,-1.2500000000000067,-1.2500000000000067,-1.3779025914317344,-1.9152359825450604,-0.6794571285722562,19.39650926699126,-16.445861528201263,-4.046836294139976,0.0,0.49999999999999994,-0.8660254037844387,1.3517681102616974,-14.48733914487339,7.2413202227106,9.570289099333648,-10.820289099333655,,0.0,27.864583333333332
Palm oil,2026-06-01,850.23491844752,2.5833999999999913,-6.17377672330689,0.984306199941476,1.8080805624764773,0.6323153722931524,19.121546437932032,-4.091377119984994,-1.221791702214078,0.3622087419921763,1.2246467991473532e-16,-1.0,-1.049328214847045,-11.995417598049174,6.741836681440169,11.110337658763628,-8.526937658763636,,0.0,43.75
Rice (imported),2018-03-01,836.0375178162925,-2.7981504447935346,-10.316485845107692,45.67050707825233,6.990148770940019,0.29223258806435953,207.6208376313542,10.153490731631166,0.0,0.6240634289295447,1.0,6.123233995736766e-17,-2.7796298551598597,0.19787326160523033,13.065194353315965,2.1799967920453174,-4.978147236838852,-0.43681149328462965,0.0,67.5
Rice (imported),2018-04-01,784.7163617389269,55.49522252636292,-14.990127046578516,32.65467213946922,-1.6045386350027169,-0.07224005296507383,206.58549031416464,9.766093935153748,0.0,0.5274144631510345,0.8660254037844387,-0.4999999999999998,-0.08474576271185752,0.006038600098756675,13.06728995588156,23.25602998011915,32.23919254624377,-0.4594306107221543,0.0,77.25
Rice (imported),2018-05-01,777.5312144375863,-4.341221658730765,-5.493817372752529,43.44852915452597,-4.847016410091165,-0.2501961420583682,191.57811371615364,7.309117325224463,0.0,0.5138832586981578,0.49999999999999994,-0.8660254037844387,-0.04743514640669355,-0.22866779263495118,13.063393506652867,2.132998470055258,-6.474220128786023,-0.4595677174107302,0.0,58.0
Rice (imported),2018-06-01,470.8467212169826,-43.681149328462965,-45.25703549903118,-13.020016068427386,-41.961388213863074,-1.9987182994354764,221.3585054019797,9.811226594720523,0.0,0.0,1.2246467991473532e-16,-1.0,3.0205073142700822,-2.383187104672513,12.249776653817753,-27.458833376685295,-16.22231595177767,-0.027464083177950904,0.0,41.5
Rice (imported),2018-07-01,424.1936444215448,-45.94306107221543,-15.944042523301272,-56.48294620485424,-44.57758207254291,-1.7525348167110009,225.15425999053204,9.69415718793502,0.0,0.0,-0.4999999999999997,-0.8660254037844388,-0.09816353544453982,-0.04927737016963141,11.292626814045105,-23.703375066595797,-22.23968600561963,0.06952801752539517,0.0,41.25
Rice (imported),2018-08-01,420.2029690029118,-45.95677174107302,-48.302908071326854,-59.426630474418886,-41.1558342369013,-1.4839471286925061,217.80199112878046,9.077155963521875,8.629296790694013,0.0,-0.8660254037844384,-0.5000000000000004,-0.09828928781546731,0.0016246680721421214,11.29286406960945,-30.936286929531523,-15.020484811541497,0.06980681936514022,0.0,46.75
Rice (imported),2018-09-01,457.9153477014139,-2.7464083177950904,-45.227894927792654,-50.87845139463445,-32.1174540232429,-1.094833710533317,218.71256147083088,8.86453670768563,9.121245983455221,0.07499197395311283,-1.0,-1.8369701987210297e-16,-3.102201440146113,-6.0876263702701605,8.940706731587252,-8.072117837474316,5.325709519679226,-0.1156358961208458,0.0,59.25
Rice (imported),2018-10-01,453.6869875650472,6.952801752539517,-42.184589275075204,-50.85119279524262,-28.604195851363745,-0.9538777579999517,197.28203678575477,5.514557422669526,3.0725854799850723,0.07611707031333032,-0.8660254037844386,0.5000000000000001,-0.12298493169330404,-0.31792715497668267,6.426266326048372,-10.580773190801354,17.53357494334087,-0.11541372497264502,0.0,60.5
Rice (imported),2018-11-01,449.5360017567937,6.980681936514022,-42.18418586809305,-45.36048110907007,-25.61707388508071,-0.825064014846997,171.55142468576906,2.1935172589950014,5.228356117116736,0.06668090069557231,-0.5000000000000004,0.8660254037844384,0.22198487894780072,0.058606458654364424,6.441533536826452,-12.037546797542767,19.018228734056787,-0.15943573516665632,0.0,62.75
Rice (imported),2018-12-01,404.96389612247225,-11.563589612084579,-13.99241454293768,-52.916898025099954,-28.505338233254562,-0.9125079545803232,181.6101084165785,3.0056590111994126,7.870265192525809,0.0,-2.4492935982947064e-16,1.0,0.21783743890895213,-2.738739927315126,5.6230405662376075,-9.515402082736573,-2.048187529348006,-0.08975811126613242,0.0,49.0
Rice (imported),2019-01-01,401.32528235854704,-11.5413724972645,-5.391019493981897,-20.475515576723236,-28.05398202062871,-0.8567977228694892,162.52258596158117,1.189153173106007,28.735328545716325,0.0,0.49999999999999994,0.8660254037844387,0.7819502152876412,0.47397449155464066,4.783917091017496,-10.25957789071661,-1.2817946065478907,-0.09830526935270179,0.0,53.0
Rice (imported),2019-02-01,377.86389883282,-15.943573516665632,-10.075861736664315,-53.51183557593622,-27.55236770257994,-0.8444726445492741,158.64159139095247,0.8543622627095147,18.182988061905515,0.0,0.8660254037844386,0.5000000000000001,0.02507858383955508,0.10108132515367352,4.798759775636695,-9.031489927460784,-6.9120835892048476,-0.07728204608428357,0.0,50.5
Rice (imported),2019-03-01,368.6151016755449,-8.975811126613243,-19.501474775660434,-55.909263182547406,-23.621521817623126,-0.7973962099575601,148.14844856876525,0.35004734793341186,10.973835468827343,0.0,1.0,6.123233995736766e-17,0.023634637485647758,0.06570359069988374,4.798161843619375,-5.800105641197982,-3.1757054854152607,-0.06226372099871946,0.0,54.5
Rice (imported),2019-04-01,361.872892378241,-9.830526935270179,-20.23732170049123,-53.88487993593854,-19.112767740804905,-0.7768946651358614,119.88792041771431,-5.868396573330855,8.949996295824995,0.0,0.8660254037844387,-0.4999999999999998,-0.25775280898874264,0.30000000000001137,4.791958492891877,-1.766975641060807,-8.063551294209372,0.010201701453157241,0.0,50.25
Rice (imported),2019-05-01,348.6618035896349,-7.728204608428357,-22.439626141830882,-55.1578384101488,-15.299416317245528,-1.5287729436329183,114.29649334580616,-4.140705334833356,10.795035697246988,0.0,0.49999999999999994,-0.8660254037844387,0.06617660554422145,0.2148618893462073,4.791804782490723,-2.0679354436102373,-5.66026916481812,-0.0056375763169136395,0.0,52.0
Rice (imported),2019-06-01,345.6637538289042,-6.226372099871947,-14.643315826760528,-26.586776916386277,-13.844351742700855,-1.365184403599144,105.23928602653446,-3.069280004783508,22.43083924257354,0.0,1.2246467991473532e-16,-1.0,0.01476408422196318,-2.8538298009405327,3.4013119425555476,-3.724469846017529,-2.501902253854418,0.07999887596945365,0.0,51.75
Rice (imported),2019-07-01,365.5646115902743,1.0201701453157241,-8.910644890875297,-13.821289781750611,-7.7608725574133,-0.7466903783989238,109.20303926487735,-2.3777912264221044,6.246780405294036,0.1772879749393367,-0.4999999999999997,-0.8660254037844388,-0.0027090533712192943,0.39583492046566526,0.7015440048429618,-5.8648051075840035,6.884975252899728,0.14389082177358792,1.0,58.5
Rice (imported),2019-08-01,346.6961960631056,-0.563757631691364,-8.248393896846984,-17.493158868969537,-11.148454562520927,-1.0174603867130783,108.78333990941928,-1.0335767243187632,-3.1471760523457912,0.009197573046259165,-0.8660254037844384,-0.5000000000000004,-0.02108910768262584,0.29230406060325453,0.7029065931552817,-10.736803362786471,10.173045731095108,0.26229473841053497,1.0,43.5
Rice (imported),2019-09-01,373.3164655985984,7.999887596945365,1.2754127277160965,-18.474786339325455,-2.5657956778645574,-0.26437312230606363,112.3822774564558,-0.7644758152940341,2.7824361119291066,0.255988557399037,-1.0,-1.8369701987210297e-16,-0.03764705882353114,0.21857974743884068,0.7016236519659728,-6.2354704574365565,14.235358054381923,0.1600203871667214,1.0,64.25
Rice (imported),2019-10-01,418.1660039633413,14.389082177358791,15.556045443232879,-7.829403217480002,9.989512819263059,1.1820492895931425,118.79151364874768,-0.1605568485664577,-4.367205209106174,0.6979944266226898,-0.8660254037844386,0.5000000000000001,-0.015498265568492098,0.5038799354377232,0.630906585895665,-5.683987419440127,20.073069596798916,-0.033193252311452426,0.0,65.0
Rice (imported),2019-11-01,437.63278411740544,26.229473841053498,25.5178455488307,-2.6478897336076113,15.410943022220035,1.9544048126591733,119.36160616512333,1.0280612538835214,-4.4568481396515125,1.0,-0.5000000000000004,0.8660254037844384,0.34254483873450425,0.41294860939227185,0.5764128265743904,8.429833799093416,17.79964004196008,-0.10626135922888491,0.0,71.0
Rice (imported),2019-12-01,433.05471095939816,16.00203871667214,25.282071424170937,6.936622031221895,13.50293775999547,1.5594478931254094,114.7602257329717,0.8859214298505833,-2.391335018055872,0.9502215784634661,-2.4492935982947064e-16,1.0,0.0,0.0007406950188304506,0.6883625196415979,0.2936812863157331,15.708357430356406,0.08026474337833855,0.0,70.75
Rice (imported),2020-01-01,404.28571428571433,-3.3193252311452426,10.592136510970263,0.7376639492456372,5.894158814234429,0.677629493198911,115.21634312901539,-0.054034086154061356,14.798673109817882,0.637409791893169,0.49999999999999994,0.8660254037844387,-0.013987366277767865,-0.2898615526250703,0.6081246423592884,-0.3214706089457841,-2.9978546221994584,0.2049785098281176,1.0,68.75
Rice (imported),2020-02-01,391.1293296339688,-10.62613592288849,12.816158375956178,3.5106372538165953,2.1523377471470484,0.24757834621720995,112.8294545037461,-1.3299838637412051,6.694762179844014,0.49435745557435856,0.8660254037844386,0.5000000000000001,-0.33121917405805057,0.05526922578222848,0.5031296740553997,-6.225394149861218,-4.400741773027272,0.1793195305632871,1.0,56.0
Rice (imported),2020-03-01,467.8137362033348,8.026474337833855,25.31291258562991,26.911169422218784,19.598096742479253,1.8755413363035416,119.23161322896058,-1.005480992887044,-2.434946695844398,1.0,1.0,6.123233995736766e-17,0.03913650131022184,0.016239010694207856,0.4996330271715269,12.455535479070537,-4.429061141236682,-0.044329746846388796,0.0,71.25
Rice (imported),2020-04-01,487.1555975447962,20.497850982811762,16.498135412151505,34.62063829738475,21.30517711564388,1.7795886745474137,121.95234803771075,3.185841061604947,-4.232316595963594,1.0,0.8660254037844387,-0.4999999999999998,17.68406725103715,17.646182727158234,16.258083848537417,19.306692409727898,1.1911585730838645,0.005349850891311014,0.0,74.25
Rice (imported),2020-05-01,461.2664574134653,17.93195305632871,5.400343428046184,32.29624027195215,12.236076349492663,1.0521236939571792,120.44738505932375,2.140642064992605,-1.3041853466104443,0.8170273320961531,0.49999999999999994,-0.8660254037844387,17.675280332968658,17.662453531598498,16.256820863859744,15.604335684281526,2.3276173720471824,0.11167979139365358,1.0,76.5
Rice (imported),2020-06-01,447.0756717061777,-4.43297468463888,3.23768807772975,29.338314114204202,6.591305675534542,0.6281196421864199,117.294333918617,1.9678814809596048,9.442833323909497,0.7146511702611584,1.2246467991473532e-16,-1.0,17.647459357305717,17.649194314677153,16.25784046145075,6.610664591936004,-11.043639276574883,0.1655751024914771,1.0,66.25
Rice (imported),2020-07-01,489.7618073525284,0.5349850891311014,21.14249651829323,33.974075122308236,13.956520089897095,1.3391448179156498,119.89166934717502,-2.4857814215531704,-3.6204530352781137,1.0,-0.4999999999999997,-0.8660254037844388,5.694697125622605,24.349145198036503,16.69139420624582,12.553026676220936,-12.018041587089835,-0.17404645032987298,0.0,62.75
Rice (imported),2020-08-01,512.7805991542907,11.167979139365357,31.102568972305676,47.90488184674355,15.590078724463785,1.6319185078789564,119.99066577068938,-1.0314746935083008,-9.048037625942214,1.0,-0.8660254037844384,-0.5000000000000004,5.463752066381011,24.11741352277652,16.714942848529176,19.805492309673824,-8.637513170308466,-0.011592057109533593,0.0,62.5
Rice (imported),2020-09-01,521.1002718703741,16.55751024914771,11.390545326757628,39.586736693976256,14.29261105560995,1.5680676220199614,116.77550086244848,-0.9590231600220136,-2.031609102328425,1.0,-1.0,-1.8369701987210297e-16,5.74839138030514,24.4589856071832,16.68480397874494,13.010755200064583,3.546755049083128,-0.062187415715983074,0.0,73.0
Rice (imported),2020-10-01,404.52050327567775,-17.404645032987297,-16.962772199598874,-3.263177914591975,-11.05492646134566,-1.1732980668160162,122.01663241484704,-0.7461855049129298,-3.735471352371639,0.1030320578683784,-0.8660254037844386,0.5000000000000001,0.026002442798200853,24.400758973381585,16.69038554541653,-20.16561264271251,2.7609676097252134,0.1923497135672536,1.0,35.75
Rice (imported),2020-11-01,506.8364171642333,-1.1592057109533593,9.879313576430393,15.813173865937413,10.046647548292786,1.0296858495628904,141.2337916533528,0.01857832777594126,-8.14242396565403,0.8902535100484529,-0.5000000000000004,0.8660254037844384,0.2730537712008374,24.031457445231563,16.72202559601739,-6.824460132422619,5.6652544214692595,-0.060586320189521814,0.0,55.0
Rice (imported),2020-12-01,488.6943926338593,-6.218741571598308,9.309099904464023,12.848187599944549,5.049999609611122,0.5254381138198099,135.10049094244403,9.121748559635165,-5.205072816459547,0.750668274932012,-2.4492935982947064e-16,1.0,0.000991776972414371,24.460219962742546,16.677327379716218,-4.1378914315107185,-2.0808501400875894,-0.004630728920155813,0.0,48.75
Rice (imported),2021-01-01,482.3299062128357,19.23497135672536,-1.5174521630967663,19.304217084446982,2.2523625067389696,0.2621756237003539,130.16212211915126,7.575799981594287,10.518414765446927,0.701699741569784,0.49999999999999994,0.8660254037844387,0.027577673200762653,24.45247343145114,16.678068397869577,25.52430450377894,-6.289333147053579,-0.0048821691736898876,0.0,83.0
Rice (imported),2021-02-01,476.129063710211,-6.058632018952181,-7.147605721536198,21.731874251360207,-0.5554931222720549,-0.08414530496521377,125.20915070609652,-1.5684695858206226,5.1944073847319725,0.6142451756229601,0.8660254037844386,0.5000000000000001,-0.0148543893785269,24.4251532946538,16.680688695784095,7.47451711224219,-13.53314913119437,-0.009908279350442362,0.0,61.5
Rice (imported),2021-03-01,486.4313813767717,-0.4630728920155813,-6.653017157171314,3.979713234701765,1.268103164142742,0.19351511540023847,121.19089739979525,-7.608448495716104,-2.932384033838683,0.7026165782320862,1.0,6.123233995736766e-17,-0.03910266492881398,24.362881419244786,16.68664419602845,20.961967775502334,-21.425040667517916,-0.09274499498018596,0.0,57.5
Rice (imported),2021-04-01,479.9750900131746,-0.48821691736898876,18.65284605514177,-1.4739659295326613,0.04862890644214968,0.007428895448092243,116.70950095781957,-6.4631512387925625,-4.179431255179361,0.6472356880362654,0.8660254037844387,-0.4999999999999998,-0.040651442883921085,5.708346602203429,5.547473399023885,22.62806284595644,-23.116279763325426,-0.041569901926347796,0.0,52.5
Rice (imported),2021-05-01,471.4114439401057,-0.9908279350442362,-6.9894293354710975,2.199376599705105,-1.9092826840339194,-0.2960423012894309,112.5981986931876,-5.084037072756914,-0.7503279516071393,0.5737782933587937,0.49999999999999994,-0.8660254037844387,7.790444169656241,13.973321342925683,8.936438430752382,15.671770685743118,-16.662598620787353,-0.05116195759374775,0.0,56.25
Rice (imported),2021-06-01,441.3173053527781,-9.274499498018596,-9.69462469698874,-1.2880070909302432,-8.079452079366789,-1.2275539735101129,112.36077221402711,-3.6002014830566367,10.316611147672193,0.3156362593669993,1.2246467991473532e-16,-1.0,7.863961073935166,14.020932315312496,8.930982484097918,4.4913892718618325,-13.765888769880428,0.010702071525651835,0.0,51.5
Rice (imported),2021-07-01,460.022572594237,-4.15699019263478,-4.624911980629964,-6.072183316835334,-3.686229989666001,-0.5512743993139719,112.21781916910574,-2.0049141532185644,-2.1790458342316184,0.4760866313907252,-0.4999999999999997,-0.8660254037844388,8.001417291195633,8.015364659002167,7.522291442305491,3.1094876792160386,-7.266477871850818,-0.044997766092278124,0.0,47.25
Rice (imported),2021-08-01,447.2931116360346,-5.116195759374776,-6.056330997623571,-12.771054058258457,-5.268988384030926,-0.8034303528362213,109.79262053085935,-1.1050786977560279,-6.288960708793772,0.3668956361464485,-0.8660254037844384,-0.5000000000000004,0.16842257307645436,8.250726819859588,7.498238893241577,8.209514894716149,-13.325710654090924,-0.05864217173835917,0.0,35.75
Rice (imported),2021-09-01,446.0403147201714,1.0702071525651835,-8.30354870244584,-14.404129339789352,-4.266100194675881,-0.7206987840163617,106.63102949591546,-0.6340965557645148,-1.3529854622972606,0.40580013280942623,-1.0,-1.8369701987210297e-16,0.1259257865191099,7.958629517639437,7.518416047078869,1.9122055235364925,-0.841998370971309,-0.027610210823130643,0.0,54.0
Rice (imported),2021-10-01,439.3225844754735,-4.499776609227812,-8.469711529526514,8.60329227269807,-6.291235818141672,-1.356061448985872,103.67907025977821,-1.1327036949160743,-1.4404459307802344,0.0,-0.8660254037844386,0.5000000000000001,-0.26476479020859367,7.701373017457969,7.5451635942109,-6.830313402153392,2.33053679292558,-0.023323270999342616,0.0,44.0
Rice (imported),2021-11-01,421.0628721660892,-5.864217173835917,-10.680388102842375,-16.923319259111235,-8.795540266446377,-1.8283797723515423,99.56279266826287,-1.140396392962728,-5.01273408073253,0.0,-0.5000000000000004,0.8660254037844384,-0.13910825992905496,7.8057733876128355,7.537522669592949,-11.230190313760888,5.365973139924971,0.006764662412748201,0.0,34.0
Rice (imported),2021-12-01,433.7250475951319,-2.7610210823130643,-1.7203625748546392,-11.24820457678377,-5.111340389882879,-1.0720560508097874,96.45193265793864,-0.5593582562351145,-3.0184505005917037,0.19370451585843182,-2.4492935982947064e-16,1.0,-0.30834652983442457,7.6246754331174005,7.554646948711459,-8.544865788494313,5.783844706181249,-0.01660352475081106,0.0,43.0
Rice (imported),2022-01-01,429.0761447816204,-2.3323270999342616,-6.727154199868545,-11.040941219953337,-5.20808634226163,-1.0910521988692858,69.27663108701782,1.0420108639127932,10.393691095290345,0.12258613072702114,0.49999999999999994,0.8660254037844387,0.9477469854029863,8.692134771746286,7.531817180757442,-1.8814561172202677,-0.45087098271399384,-0.013698113973548809,0.0,56.5
Rice (imported),2022-02-01,423.911220350835,0.6764662412748201,-5.227420382057135,-10.96716149870609,-5.440089195486719,-1.1235166279029947,80.92499529311559,-0.02799226148633238,5.861492884480667,0.04357370573597669,0.8660254037844386,0.5000000000000001,1.1888967609536838,9.103679420906708,7.50246942716402,2.220618684338861,-1.544152443064041,0.012063041764725169,0.0,57.25
Rice (imported),2022-03-01,426.5236830323394,-1.660352475081106,-4.375530875516487,-12.31575524072326,-3.7858882793919912,-0.8908660250279252,62.33710247993405,-1.1571589365963462,-1.6992593979218693,0.09269402962258982,1.0,6.123233995736766e-17,1.3933249480362786,9.166924062699433,7.496358549513211,5.204733227647633,-6.86508570272874,-0.0613776990553212,0.0,44.0
Rice (imported),2022-04-01,423.1986108470709,-1.3698113973548809,-3.6701900148506383,-11.829047037533824,-3.5060785712491604,-0.9823575704824561,68.59852996636545,-0.667549090477209,-2.924298561834353,0.042419051935925156,0.8660254037844387,-0.4999999999999998,0.05568685628540848,8.796889510028816,7.540109984204614,5.95375282331244,-7.323564220667321,-0.004435401045521092,0.0,45.5
Rice (imported),2022-05-01,429.0248791064627,1.2063041764725169,1.890930658268264,-8.991416177632782,-1.3833836524474674,-0.5056201586805859,64.47091468264328,-0.42535259765276123,-0.5272199413436109,0.20436519924113886,0.49999999999999994,-0.8660254037844387,-0.13083196751972892,1.0858965930091058,1.186672234428615,9.94383118382868,-8.737527007356164,0.02157854914700552,0.0,54.0
Rice (imported),2022-06-01,400.3446407752133,-6.13776990553212,-7.696213766071935,-9.284173559614272,-7.247932846251359,-2.041471754218038,58.475226118146516,0.34909753461394644,9.901314964930362,0.0,1.2246467991473532e-16,-1.0,-0.17333057934475482,1.032544434438254,1.1901333945498294,3.781507519767413,-9.919277425299533,0.09815900989877258,0.0,41.0
Rice (imported),2022-07-01,421.3215552860567,-0.44354010455210924,-1.8072758390029864,-8.412851806364841,-1.653152485275089,-0.560148797841727,62.74224821849852,3.6127913230635045,-1.7989199150345396,0.4468071936363902,-0.4999999999999997,-0.8660254037844388,0.21318582101956807,0.9512947021877993,1.1898856370316293,3.7643835409428354,-4.207923645494945,0.03366433432404259,0.0,47.75
Rice (imported),2022-08-01,438.2826135455496,2.157854914700552,3.3901893851313147,-2.0144504478345038,2.4856063489489877,0.9125876214139729,71.24421520085383,1.8401929793599976,-6.118738357447201,0.830231168404121,-0.8660254037844384,-0.5000000000000004,0.9945314787629611,1.9195720894348511,1.4703835032371046,-2.9376237083869103,5.0954786230874625,-0.03499356051080993,0.0,48.0
Rice (imported),2022-09-01,439.642074331988,9.815900989877257,3.0756536674316326,-1.434453383927281,2.931828001578074,1.154271741813797,67.64496436016037,1.6999398192881898,-1.9236556397913982,1.0,-1.0,-1.8369701987210297e-16,3.229403529992503,4.164123499058325,2.481113019874577,-1.604914753388345,11.420815743265601,-0.05590476561496949,0.0,58.75
Rice (imported),2022-10-01,435.50506498113214,3.366433432404259,2.9079618454863843,-0.8689558946529563,2.0392455016843503,0.8281943759227914,62.877626001558475,-0.6792096546472735,-1.9280286423687463,0.8947257116707393,-0.8660254037844386,0.5000000000000001,4.7961022923614705,6.073868316482289,2.6567049917708774,-4.675353675669933,8.041787108074193,-0.0643718444605309,0.0,51.5
Rice (imported),2022-11-01,422.9455443876075,-3.499356051080993,-1.4170121629115573,0.4471237779368309,-0.9398757924906742,-0.38476846642943163,53.509252422513846,-3.470740698775323,-4.604800716053284,0.575124163763563,-0.5000000000000004,0.8660254037844384,5.325750428990217,7.497091470632067,2.78760025737139,-2.9061745001361134,-0.5931815509448795,0.045114809049559,0.0,30.0
Rice (imported),2022-12-01,415.0639872119792,-5.590476561496949,3.676668784241466,-4.3025092709361275,-2.4304811050123942,-0.9648542011243035,56.12775514922283,-1.6397683857520278,-2.7161508235435416,0.3745625376654751,-2.4492935982947064e-16,1.0,3.9346823818370957,8.597507560620654,2.6632961810215265,-2.4649080413629525,-3.1255685201339967,0.12124917443052707,1.0,32.0
Rice (imported),2023-01-01,407.4708006763933,-6.43718444605309,-3.2874545429462776,-5.035317010276397,-3.8083047274166337,-1.3668143625273956,52.04166440894205,-0.9455379937067576,9.094523705545008,0.18133906609663314,0.49999999999999994,0.8660254037844387,3.978702876193929,9.258735989450884,2.8033053767643006,-1.6953383519935816,-4.741846094059508,0.14137587351454672,1.0,39.5
Rice (imported),2023-02-01,442.0266518610162,4.5114809049559,0.854252073833961,4.273402222094669,3.9787450786598066,1.3062516580757864,52.55729017217053,0.15961059645948694,4.166462190110613,1.0,0.8660254037844386,0.5000000000000001,4.276996247750131,10.777705486879196,2.9392118783244046,-11.249474576294867,15.760955481250768,0.1440802028450554,1.0,51.5
Rice (imported),2023-03-01,465.3901529972746,12.124917443052707,5.856600213801055,9.112382620495252,8.646819708611474,2.1259903307542185,59.65781583002527,6.659157931129322,-3.300442832297765,1.0,1.0,6.123233995736766e-17,3.3530618654492805,10.696487397948772,2.962368815037195,-9.163933886631282,21.28885132968399,0.059952363325759706,0.0,51.75
Rice (imported),2023-04-01,465.0773410536902,14.137587351454673,6.790340331366584,9.895762682867781,7.696361468914681,1.640532620193904,59.549882390136645,2.7095684978736827,-4.341888655102657,0.995190875851412,0.8660254037844387,-0.4999999999999998,1.6954022988505901,11.049271263016891,2.8376391944129264,-4.001799809048183,18.139387160502856,0.04318064895127183,0.0,49.75
Rice (imported),2023-05-01,505.71394152407214,14.40802028450554,19.569516273379083,17.875201684650776,15.398671496917649,2.2994161897725176,61.80087140237335,1.3146578023081474,-3.1550383551186045,1.0,0.49999999999999994,-0.8660254037844387,-0.048829743127820624,10.868664673201867,2.885443336832333,9.40992791420369,4.998092370301849,-0.03476430350493853,0.0,59.0
Rice (imported),2023-06-01,493.2913925379981,5.9952363325759706,18.847071231469425,23.216684400422082,10.609008137526544,1.5424506214617353,62.982887953231334,0.9383725291690155,6.82785433673558,0.8735530147052749,1.2246467991473532e-16,-1.0,32.73078438042718,47.18342989661743,27.519688422728052,19.43213907945068,-13.436902746874708,0.006437229244956155,0.0,67.0
Rice (imported),2023-07-01,485.1596824529205,4.318064895127183,19.06612244302297,15.151877791659828,7.503309870082142,1.0738568093298564,59.52427125621445,-0.4771262296375838,-2.8529159025277497,0.7907817391239556,-0.4999999999999997,-0.8660254037844388,68.5115553431721,86.73276642136013,34.04221455635608,24.918306306119025,-20.600241410991842,0.09617528710324019,0.0,48.25
Rice (imported),2023-08-01,488.1331485742506,-3.476430350493853,10.430705143935848,11.374061732777395,7.175624488167176,0.9928700833995812,55.95236993209728,-0.2188002051843725,-6.647337783035503,0.8210481383419966,-0.8660254037844384,-0.5000000000000004,65.04250761398626,81.17854665553948,34.58308152360877,33.84654449059806,-37.32297484109192,0.0737164698055699,0.0,30.75
Rice (imported),2023-09-01,496.4668223163289,0.6437229244956155,6.677551967722084,12.925229704341422,7.8837026287204015,1.052042057627408,53.27586346482133,-3.522726347665383,-3.526852295775641,0.9058751671826081,-1.0,-1.8369701987210297e-16,25.806739397744806,79.37396493132032,34.685008735801546,15.73383557685513,-15.090112652359515,0.14433743480299155,1.0,41.5
Rice (imported),2023-10-01,531.820054203747,9.61752871032402,14.350884736470482,22.11569898200554,13.584996794253513,1.6261151868216812,56.119612287127566,-1.9719145548709704,-4.487002242709887,1.0,-0.8660254037844386,0.5000000000000001,-1.0980255497307412,76.23021171255522,34.913816941694144,1.4246848835787616,8.192843826745259,0.22030520949239185,1.0,47.5
Rice (imported),2023-11-01,524.1166010822221,7.3716469805569895,3.638946457099812,23.920586949580592,9.959711019188777,1.205674994634796,56.35142424831342,0.9034691183174033,-6.450380816923276,0.9380498643698713,-0.5000000000000004,0.8660254037844384,11.070831643002045,91.06108212794955,35.02471982079529,-3.004483047059265,10.376130027616254,0.31110554523940936,1.0,41.75
Rice (imported),2023-12-01,568.1255699142604,14.433743480299155,15.170379720440351,36.87662322390557,16.086295141535857,1.8613417662858833,58.07031681267992,0.522898299147343,-5.126892160961044,1.0,-2.4492935982947064e-16,1.0,2.7502907833943713,77.32990213942648,36.828365707479,-4.83153008098018,19.265273561279336,0.28694859257546335,1.0,51.25
Rice (imported),2024-01-01,648.9827826573586,22.030520949239186,33.76684133689023,59.27099109434597,27.37006881034101,2.524355107024745,61.43426538131154,5.963495045244933,4.487635778069691,1.0,0.49999999999999994,0.8660254037844387,12.892938711554326,91.33866782006919,36.89703621741637,13.76917713911463,8.261343810124556,0.11419226473385424,1.0,73.75
Rice (imported),2024-02-01,687.1721820309328,31.110554523940937,40.775561757696565,55.459445519361196,29.666348670499154,2.2120432869600344,70.46959110325983,11.411278188767696,0.09874852004937629,1.0,0.8660254037844386,0.5000000000000001,79.74478374797451,229.33661426293006,62.26024410930895,11.890384592054817,19.22016993188612,-0.017103244632537096,0.0,78.75
Rice (imported),2024-03-01,731.1484026072904,28.694859257546334,47.27034511511261,57.1043989432179,32.430271411356415,2.0250620609718863,59.78134053119809,4.36212119236226,-6.862175892020651,1.0,1.0,6.123233995736766e-17,104.06518823920798,250.12857101062426,61.4865962049102,29.07094629326633,-0.3760870357199977,-0.07776676589464404,0.0,56.25
Rice (imported),2024-04-01,723.0915963822811,11.419226473385425,35.96546250308484,55.47770930831153,26.06158764545714,1.5515903928795338,58.53865636052157,-1.8686366164138803,-7.410129432965191,0.9672472533701816,0.8660254037844387,-0.4999999999999998,33.330934351401886,150.86053824766356,75.18959052025758,9.335142176641252,2.084084296744173,0.04870430429178585,0.0,48.75
Rice (imported),2024-05-01,675.4193080969835,-1.7103244632537096,28.868138636010386,33.557581201235955,14.917268721593935,0.8953993225248864,61.29133679316076,-5.789669820630927,-5.721355148894879,0.7734485773358462,0.49999999999999994,-0.8660254037844387,0.47195335138681127,231.05258157648962,77.20054878561815,14.8025547753594,-16.51287923861311,0.1435765134316087,1.0,44.0
Rice (imported),2024-06-01,674.2893559474863,-7.7766765894644045,18.686676265820566,36.69189573291531,11.85451473561574,0.7446583096741038,60.647193947021144,-2.9646196547955554,3.551261348986513,0.7688550652886755,1.2246467991473532e-16,-1.0,-7.320037553101166,144.47910079280862,75.26876049436305,16.407644128882712,-24.184320718347116,0.24814705299654305,1.0,49.5
Rice (imported),2024-07-01,758.3092695233169,4.870430429178585,16.845822383500586,56.3009658365218,21.215135337556745,1.3557416248155125,58.93212191518527,-3.495373122471001,-5.517671809172386,1.0,-0.4999999999999997,-0.8660254037844388,38.74183367365218,106.54281542865394,73.11991054204762,24.225759066992293,-19.355328637813706,0.11712003294831352,1.0,48.0
Rice (imported),2024-08-01,772.3936574579379,14.357651343160871,12.40176445663641,58.23421533939281,18.961938783051878,1.2826815981071045,67.15879729250733,2.9957745315431197,-8.260131341297544,1.0,-0.8660254037844384,-0.5000000000000004,4.624096601555228,109.8615549156726,72.94420688152344,18.760190414261306,-4.402539071100435,0.050805494719479594,0.0,56.25
Rice (imported),2024-09-01,841.612272492792,24.814705299654307,15.108269332407097,69.52034550186926,24.12426459149355,1.67378173910208,65.72337673608835,0.20620783934710119,-6.540111529280227,1.0,-1.0,-1.8369701987210297e-16,8.979941010482761,111.77973541196282,72.8818228452473,6.097271513666653,18.71743378598765,-0.01983197640823975,0.0,61.0
Rice (imported),2024-10-01,847.1224761548992,11.712003294831351,17.152858696347796,59.287426162074716,20.276031026022913,1.4688422591523331,66.24551791983195,2.554227174398754,-6.646515463498157,1.0,-0.8660254037844386,0.5000000000000001,2.1805092619002764,113.38957267732357,72.81239067675358,-4.2206053691793795,15.932608664010731,-0.03886510891974382,0.0,57.25
Rice (imported),2024-11-01,811.6354993432767,5.080549471947959,20.167648394607916,54.85781172879685,11.446263979213867,1.0019876208308491,64.2236374351475,-3.0306342797136097,-6.922170903454546,0.8728051242940504,-0.5000000000000004,0.8660254037844384,4.64415134325038,97.71873487281233,72.84364475451608,-6.801588728813651,11.88213820076161,-0.0689731802838156,0.0,48.5
Rice (imported),2024-12-01,824.9214377598299,-1.9831976408239749,22.339383008750158,45.200547457197594,10.037229346863663,1.070662931818881,62.33004285466591,-1.3619920582126568,-4.93907328443617,0.8879525954482973,-2.4492935982947064e-16,1.0,-5.292247493274638,95.20317280286889,73.09014835260193,-4.885551090024145,2.90235344920017,-0.13585211560660115,0.0,44.0
Rice (imported),2025-01-01,814.1989688507759,-3.886510891974382,7.370304119134929,25.45771484366881,6.64831672832753,0.7841823110235902,59.40741615240473,-3.545215696123009,4.196063124123066,0.8095069552374419,0.49999999999999994,0.8660254037844387,-4.879783242381808,79.79567755556285,73.10794064157763,-1.9279987879445255,-1.9585121040298563,-0.144407265108899,0.0,48.5
Rice (imported),2025-02-01,755.6544177223282,-6.8973180283815605,-2.1671902111031205,9.96580442022501,-1.7545744028364951,-0.22397628787327914,61.100158127932254,-2.106309664629215,0.881186140607774,0.4707723940712148,0.8660254037844386,0.5000000000000001,-9.433962264150942,-0.37762415023496754,47.3329713478189,-5.125526890567311,-1.7717911378142492,-0.11047411450152622,0.0,42.25
Rice (imported),2025-03-01,712.8541152309178,-13.585211560660115,-15.298987606312142,-2.5021305265982674,-7.1351335041528685,-0.8902927463850447,63.09064433542545,0.12464438162288616,-5.121501529385764,0.223132922886255,1.0,6.123233995736766e-17,0.630509218612807,-3.7396096329016637,46.972440828804075,-12.6909390574261,-0.8942725032340153,-0.11796083696493631,0.0,24.5
Rice (imported),2025-04-01,696.6227225045498,-14.4407265108899,-17.765996994138312,-3.660514658192471,-8.988109089999163,-1.0800434248520985,62.20668484176823,1.2427938661997686,-5.253860092422836,0.12921925224899994,0.8660254037844387,-0.4999999999999998,3.2040444362523957,39.16981221316487,30.12457607168511,-17.035662904870456,2.5949363939805554,-0.19265384479587333,0.0,20.5
Rice (imported),2025-05-01,672.1741650552875,-11.047411450152623,-17.182754376913323,-0.4804634695503851,-12.151209915469007,-1.4500035892483953,60.31514852127434,0.879892326568779,-2.9226649716171362,0.0,0.49999999999999994,-0.8660254037844387,6.128640776699035,5.2312310770364245,12.815862027510633,-12.213242879306335,1.1658314291537124,-0.1698943787388455,0.0,25.25
Rice (imported),2025-06-01,628.7652471643796,-11.796083696493632,-23.778772331112553,-6.751420348188342,-17.415009459873676,-1.8683579132645374,59.50480764448124,-3.3963293816012268,7.068875927641045,0.0,1.2246467991473532e-16,-1.0,-0.43429389641137517,3.412145232563435,13.284586127898198,-7.67486762993107,-4.121216066562562,-0.1300040037773682,0.0,32.5
Rice (imported),2025-07-01,562.4156766418795,-19.265384479587333,-30.9240495065086,-25.832941881955186,-24.511092670556934,-1.99934521068394,62.11999191278886,0.4799748622548137,0.5015946515620328,0.0,-0.4999999999999997,-0.8660254037844388,-4.711067908176125,-4.417129036903111,11.104763191420927,-5.452002449249907,-13.813382030337426,-0.1072873684210528,0.0,28.0
Rice (imported),2025-08-01,557.9755528789173,-16.98943787388455,-26.159956219041092,-27.760210419736286,-23.266754032877056,-1.6053429866834166,70.27052209295279,9.076398109401545,-1.6926907971039191,0.0,-0.8660254037844384,-0.5000000000000004,-4.317235341249637,-3.761987487068219,11.119400555009692,-12.151850160924111,-4.83758771296044,-0.11936339522546413,0.0,29.75
Rice (imported),2025-09-01,547.0232475969437,-13.00040037773682,-23.262945964793346,-35.002938351088666,-22.144514938573124,-1.4081387403742323,64.74508183789284,2.0810533362329835,-1.1196068071795473,0.0,-1.0,-1.8369701987210297e-16,-2.8305056451612742,-7.794904555593685,10.93088728003553,-10.292039034036883,-2.708361343699938,-0.11796536796536794,0.0,30.0
Rice (imported),2025-10-01,502.0755787362265,-10.72873684210528,-27.927188919257894,-40.731642369453525,-25.492567000580113,-1.5029277453479637,65.00234045566488,-0.1826335268766428,-0.6718908412215698,0.0,-0.8660254037844386,0.5000000000000001,-4.167338702174151,-10.355106222829303,10.951540498008661,-13.024956541096127,2.296219698990848,-0.0822378156700394,0.0,31.5
Rice (imported),2025-11-01,491.3736964344842,-11.936339522546414,-26.89786040883201,-39.458821499050714,-24.07361924570479,-1.336487967641125,65.917055103013,-4.100170964321521,-1.0718761857076953,0.0,-0.5000000000000004,0.8660254037844384,-5.902630054564206,-13.461538461538481,10.519440797727748,-12.313946755402167,0.3776072328557536,-0.03614457831325313,0.0,30.5
Rice (imported),2025-12-01,482.4934489085597,-11.796536796536794,-23.26334016001679,-41.51037579786667,-22.006836907808992,-1.227858662006805,59.658433804285075,-0.25557207642520297,0.2877073059801317,0.0,-2.4492935982947064e-16,1.0,-3.187279717951652,-5.7455606582472285,7.683818341175576,-14.931899861516452,3.135363064979659,-0.018404907975460016,0.0,28.5
Rice (imported),2026-01-01,460.7859798396883,-8.22378156700394,-18.07021052631581,-43.40621918373617,-21.792581152522285,-1.2753448034379664,58.2847976828611,-0.06212693642762446,8.349134084307982,0.0,0.49999999999999994,0.8660254037844387,-2.9346086956521744,-8.521900080501332,7.642060519513902,-13.694103882427852,5.470322315423912,0.09561074758490284,0.0,33.5
Rice (imported),2026-02-01,473.61320138263534,-3.614457831325313,-15.11936339522546,-37.324100769477845,-16.27557629447598,-1.014970726410376,61.00278011163408,-2.332615843433352,4.599899289267752,0.050887913789809947,0.8660254037844386,0.5000000000000001,-6.289578642135785,-10.456989207329281,8.572120040738,-4.125260284420374,0.5108024530950614,-0.0625,0.0,40.0
Rice (imported),2026-03-01,473.61320138263534,-1.8404907975460016,-13.41991341991341,-33.56099217731025,-13.217015219229644,-0.8881297618910051,58.75493615832669,-1.1246878891290208,-1.320897766435781,0.05439025911740692,1.0,6.123233995736766e-17,-5.458133226362072,-11.448419408139742,8.12723069675508,7.334900737167841,-9.175391534713842,0.0,0.0,34.25
Rice (imported),2026-04-01,504.8420718488029,9.561074758490285,0.5510112878901463,-27.53005959470326,-4.704091541826183,-0.3756844480107495,60.31357944170595,-0.7594131664874766,-2.7878290635117455,0.20841321838389817,0.8660254037844387,-0.4999999999999998,-5.521958545060846,-16.256462974647167,6.499089148153007,17.889851310661033,-8.328776552170748,,0.0,45.0
Rice (imported),2026-05-01,444.0123762962206,-6.25,-9.63855421686748,-33.943849767016886,-13.066440926665123,-1.2543909445139594,62.67950820025727,2.747976253438196,-0.19252206687844914,0.0,0.49999999999999994,-0.8660254037844387,1.3517681102616974,-14.48733914487339,7.2413202227106,9.570289099333648,-15.820289099333648,,0.0,36.0
Rice (imported),2026-06-01,473.61320138263534,0.0,-1.8404907975460016,-24.675671322715854,-4.862516426081143,-0.623485879814901,70.35538026364894,12.286968101354745,7.6818355460094345,0.25,1.2246467991473532e-16,-1.0,-1.049328214847045,-11.995417598049174,6.741836681440169,11.110337658763628,-11.110337658763628,,0.0,58.0
Rice (local),2018-12-01,283.4747272857305,-5.451353904928402,-17.17168326605867,-47.809785408116426,-25.243508703492566,-0.873627334132777,112.16587265525608,1.8238476612260826,0.0,0.0,-2.4492935982947064e-16,1.0,0.21783743890895213,-2.738739927315126,5.6230405662376075,-9.515402082736573,4.064048177808171,-0.02647926338623774,0.0,50.27472527472527
Rice (local),2019-01-01,280.9276976509829,-9.155558892418936,-5.391019493981886,-16.437420646723854,-25.0044353962824,-0.8314004805916534,103.50461907491491,-0.7434531863628848,0.0,0.0,0.49999999999999994,0.8660254037844387,0.7819502152876412,0.47397449155464066,4.783917091017496,-10.25957789071661,1.1040189982976738,-0.026247591093630507,0.0,49.175824175824175
Rice (local),2019-02-01,273.0637516087778,-4.545980873038458,-7.166035820150918,-48.76172344704878,-22.631012755134883,-0.7672172910349401,97.84626516656891,-1.4205398230890438,0.0,0.0,0.8660254037844386,0.5000000000000001,0.02507858383955508,0.10108132515367352,4.798759775636695,-9.031489927460784,4.485509054422327,-0.006893440838447229,0.0,51.64835164835165
Rice (local),2019-03-01,275.96852531858974,-2.647926338623774,-7.954932407691984,-47.729126157559456,-16.861372953250775,-0.621453690265858,94.37367088390151,-2.290607717948859,0.0,0.01161835573328514,1.0,6.123233995736766e-17,0.023634637485647758,0.06570359069988374,4.798161843619375,-5.800105641197982,3.152179302574208,-0.025796199037558587,0.0,54.120879120879124
Rice (local),2019-04-01,273.55402231616483,-2.6247591093630507,-11.54000663574013,-47.70318067894117,-12.081213444976779,-0.5525581282812981,89.28266716773182,0.4291049323619376,0.0,0.0019992574753894946,0.8660254037844387,-0.4999999999999998,-0.25775280898874264,0.30000000000001137,4.791958492891877,-1.766975641060807,-0.8577834683022436,-0.02557627547330865,0.0,54.670329670329664
Rice (local),2019-05-01,271.18140279193824,-0.6893440838447229,-5.203987506682184,-47.67768526681147,-6.6666967493983265,-0.9570192503768402,83.23804879249766,0.001976027166676886,-2.2296799174140682,0.0,0.49999999999999994,-0.8660254037844387,0.06617660554422145,0.2148618893462073,4.791804782490723,-2.0679354436102373,1.3785913597655144,-0.02778252980469542,0.0,55.21978021978022
Rice (local),2019-06-01,268.8495863113699,-2.5796199037558587,-5.159239807511707,-21.444994754888047,-5.479567618702363,-1.1997818723742177,75.5280433291509,-0.14369170258832753,17.461951262534633,0.0,1.2246467991473532e-16,-1.0,0.01476408422196318,-2.8538298009405327,3.4013119425555476,-3.724469846017529,1.1448499422616703,-0.01700701109367131,0.0,65.1098901098901
Rice (local),2019-07-01,266.55752928457497,-2.557627547330865,-5.115255094661775,-10.23051018932355,-5.443835785499129,-1.15476221732043,68.55270826478716,-0.4783034749397217,5.011884040382517,0.0,-0.4999999999999997,-0.8660254037844388,-0.0027090533712192943,0.39583492046566526,0.7015440048429618,-5.8648051075840035,3.3071775602531384,0.026740179559333832,0.0,60.714285714285715
Rice (local),2019-08-01,263.6472973863921,-2.778252980469542,-3.4484453417591654,-10.367364333481287,-5.62544223034439,-1.1515203443667266,62.23517175197299,0.0018215542468311696,-2.5004439334741897,0.0,-0.8660254037844384,-0.5000000000000004,-0.02108910768262584,0.29230406060325453,0.7029065931552817,-10.736803362786471,7.958550382316929,0.07587250621009001,0.0,48.62637362637363
Rice (local),2019-09-01,264.27725841444345,-1.700701109367131,-4.236449388802366,-11.854375111129045,-4.3862452547243524,-0.9604652867469027,57.389353582789816,-0.009293533604406434,-4.478988157474398,0.01381702990772154,-1.0,-1.8369701987210297e-16,-0.03764705882353114,0.21857974743884068,0.7016236519659728,-6.2354704574365565,4.5347693480694256,0.02384518689252313,0.0,44.78021978021978
Rice (local),2019-10-01,273.6853254805369,2.674017955933383,0.04799898874099373,-11.497546733484931,0.09046589553687312,0.03417735970680282,59.51535052632837,0.16663389787648697,-9.59832901784715,0.4477051841208151,-0.8660254037844386,0.5000000000000001,-0.015498265568492098,0.5038799354377232,0.630906585895665,-5.683987419440127,8.35800537537351,-0.039177703440064326,0.0,46.97802197802198
Rice (local),2019-11-01,283.6508785946146,7.587250621009001,4.598204624025581,-0.8450728768225613,3.811488722471257,1.5139348987989107,61.70594363365254,1.9454174691101542,-4.118603137563317,1.0,-0.5000000000000004,0.8660254037844384,0.34254483873450425,0.41294860939227185,0.5764128265743904,8.429833799093416,-0.8425831780844151,-0.09794187617425987,0.0,62.36263736263736
Rice (local),2019-12-01,270.5789990327795,2.384518689252313,0.6432640440840132,-4.54916329805749,-0.5815866969821171,-0.2596110998762781,62.970553537853725,2.094848663658567,-2.486471403969566,0.3465230337624807,-2.4492935982947064e-16,1.0,0.0,0.0007406950188304506,0.6883625196415979,0.2936812863157331,2.0908374029365797,0.0339418679271406,0.0,58.791208791208796
Rice (local),2020-01-01,262.96296296296293,-3.9177703440064326,-1.34851427054401,-6.394789420279546,-2.845524109188524,-1.293811678939274,60.33237016990562,1.079715596913168,12.848844987799492,0.0,0.49999999999999994,0.8660254037844387,-0.013987366277767865,-0.2898615526250703,0.6081246423592884,-0.3214706089457841,-3.5962997350606485,0.1324343975037463,1.0,60.16483516483517
Rice (local),2020-02-01,255.86957936658084,-9.794187617425987,-2.9500465572429135,-6.296761155919118,-4.963143505283075,-1.8428997205360904,56.8609570380721,-2.039313700724975,3.1076967133107227,0.0,0.8660254037844386,0.5000000000000001,-0.33121917405805057,0.05526922578222848,0.5031296740553997,-6.225394149861218,-3.5687934675647686,0.26302996400298717,1.0,48.62637362637362
Rice (local),2020-03-01,279.762955681808,3.39418679271406,5.859640500386787,1.3749504074197727,3.7896034112261834,1.3364346750210168,63.34287323027475,-1.8474051483760405,-5.611385060796969,0.8600525165906093,1.0,6.123233995736766e-17,0.03913650131022184,0.016239010694207856,0.4996330271715269,12.455535479070537,-9.061348686356478,0.18319357187169505,1.0,58.79120879120879
Rice (local),2020-04-01,297.78830452876286,13.24343975037463,8.806821851301638,8.859048025471484,9.655284404252962,2.345123141669578,68.94041495955331,7.949499892941233,-9.558943928617362,1.0,0.8660254037844387,-0.4999999999999998,17.68406725103715,17.646182727158234,16.258083848537417,19.306692409727898,-6.063252659353267,0.16280216560641048,1.0,64.01098901098902
Rice (local),2020-05-01,323.17094561683206,26.302996400298717,13.932643966422663,19.17150006956132,17.133304540436267,2.539077898547144,64.7706827716242,4.631742220249421,-10.639184249499596,1.0,0.49999999999999994,-0.8660254037844387,17.675280332968658,17.662453531598498,16.256820863859744,15.604335684281526,10.69866071601719,0.1494546016100018,1.0,67.85714285714286
Rice (local),2020-06-01,331.0137308105412,18.319357187169505,22.335337182040593,23.122276419341592,17.764751969897308,2.057556685975818,67.46069861513018,7.334993464032863,5.763103544282528,1.0,1.2246467991473532e-16,-1.0,17.647459357305717,17.649194314677153,16.25784046145075,6.610664591936004,11.7086925952335,0.1361849600315479,1.0,87.08791208791209
Rice (local),2020-07-01,346.26888539830674,16.280216560641048,31.679716982454686,29.903997207534317,20.347964099197704,1.94295557642008,62.61242967465224,-7.532195935260297,-4.270498079347357,1.0,-0.4999999999999997,-0.8660254037844388,5.694697125622605,24.349145198036503,16.69139420624582,12.553026676220936,3.7271898844201115,-0.22325252649260974,0.0,73.90109890109892
Rice (local),2020-08-01,371.4703305459232,14.94546016100018,45.17956040945484,40.89669578577531,25.197128793711187,1.9946897136141797,66.28228160181594,-1.8531285905834523,-10.267821281094205,1.0,-0.8660254037844384,-0.5000000000000004,5.463752066381011,24.11741352277652,16.714942848529176,19.805492309673824,-4.860032148673644,-0.16212664386375442,0.0,68.4065934065934
Rice (local),2020-09-01,376.0928225108683,13.618496003154789,34.43267411666264,42.309945534955595,22.895584519035772,1.657315340407918,69.25975066425603,-1.6061249666735478,-11.233540402035326,1.0,-1.0,-1.8369701987210297e-16,5.74839138030514,24.4589856071832,16.68480397874494,13.010755200064583,0.6077408030902056,-0.1651585205258309,0.0,67.58241758241758
Rice (local),2020-10-01,268.9634818873548,-22.325252649260975,-9.679635567629862,-1.7252819766246041,-11.997841338325355,-0.8602571653040951,77.97347476325598,-0.4229118024387901,-8.521844527026131,0.10891323656157874,-0.8660254037844386,0.5000000000000001,0.026002442798200853,24.400758973381585,16.69038554541653,-20.16561264271251,-2.1596400065484644,0.1521594352658746,1.0,31.86813186813187
Rice (local),2020-11-01,311.2450925595532,-16.21266438637544,-3.6902615222776713,9.72823144481616,1.075805042515654,0.07873801639636861,129.18359267208882,66.83953777693986,-7.818706245775175,0.46060571770229763,-0.5000000000000004,0.8660254037844384,0.2730537712008374,24.031457445231563,16.72202559601739,-6.824460132422619,-9.388204253952821,0.00807617523557047,0.0,46.15384615384615
Rice (local),2020-12-01,313.9778883645894,-16.515852052583092,-5.146566701096278,16.03926745495583,0.779644295962445,0.06011949440688935,82.78759218199087,13.439235999297992,-6.27961978618865,0.4833367282254157,-2.4492935982947064e-16,1.0,0.000991776972414371,24.460219962742546,16.677327379716218,-4.1378914315107185,-12.377960621072374,0.0871309282912045,0.0,45.05494505494505
Rice (local),2021-01-01,309.888813398478,15.215943526587461,-10.506306957953038,17.84504171491419,-1.76586562714246,-0.1488098631866833,61.37927358451607,-0.10871541446683608,7.1598830527117,0.449324378706581,0.49999999999999994,0.8660254037844387,0.027577673200762653,24.45247343145114,16.678068397869577,25.52430450377894,-10.308360977191478,0.09850728814409204,0.0,73.9010989010989
Rice (local),2021-02-01,313.7587624682755,0.8076175235570471,-15.535983181438251,22.62448832135595,-2.037176019355802,-0.20103384328253032,59.12413457279994,-69.88483458379639,1.2611599073720439,0.4181420357878009,0.8660254037844386,0.5000000000000001,-0.0148543893785269,24.4251532946538,16.680688695784095,7.47451711224219,-6.666899588685143,0.10625914468248343,1.0,58.24175824175825
Rice (local),2021-03-01,341.3350732407082,8.71309282912045,-9.241800744324413,22.008674239533697,4.892394703091818,0.5261194190367819,63.33953091402624,-18.184520499150025,-4.983619824726979,0.675553409851463,1.0,6.123233995736766e-17,-0.03910266492881398,24.362881419244786,16.68664419602845,20.961967775502334,-12.248874946381884,0.023019454005667628,0.0,64.56043956043956
Rice (local),2021-04-01,340.4151200325527,9.850728814409205,26.565553674354447,14.314469324523982,3.4801008360997088,0.39198544219829595,70.55316282560186,6.657432147315049,-5.909600995081964,0.6669660965832098,0.8660254037844387,-0.4999999999999998,-0.040651442883921085,5.708346602203429,5.547473399023885,22.62806284595644,-12.777334031547234,0.013393102897548914,0.0,63.18681318681319
Rice (local),2021-05-01,347.09850020478893,10.625914468248343,11.519348739089153,7.403993122675878,4.876044600112839,0.5454030687424036,62.22400759889425,-0.11637541294630438,-5.3492078908264755,0.7293521817895378,0.49999999999999994,-0.8660254037844387,7.790444169656241,13.973321342925683,8.936438430752382,15.671770685743118,-5.045856217494775,-0.021488272301865563,0.0,62.91208791208791
Rice (local),2021-06-01,349.1924202596939,2.301945400566763,11.215608869314275,5.491823376824656,5.0279843268757896,0.5562369888781784,44.32843214231978,-5.897423780759567,6.472134002433191,0.7488979014095591,1.2246467991473532e-16,-1.0,7.863961073935166,14.020932315312496,8.930982484097918,4.4913892718618325,-2.1894438712950697,-0.06824453915136308,0.0,60.16483516483516
Rice (local),2021-07-01,344.97433476303013,1.3393102897548914,11.321970928791325,-0.37385704863072133,3.7929720559606084,0.4201969520947423,57.538365669251775,-7.272518199619384,-3.43858716757766,0.709524136275622,-0.4999999999999997,-0.8660254037844388,8.001417291195633,8.015364659002167,7.522291442305491,3.1094876792160386,-1.7701773894611472,-0.12423736371988514,0.0,57.14285714285714
Rice (local),2021-08-01,339.6399531168193,-2.1488272301865563,8.248754694511739,-8.56875362894396,3.0101023227717016,0.3604285846457678,55.35847389135448,0.09363134351469427,-9.389724549113517,0.6597302925427688,-0.8660254037844384,-0.5000000000000004,0.16842257307645436,8.250726819859588,7.498238893241577,8.209514894716149,-10.358342124902705,-0.09802197514520994,0.0,42.582417582417584
Rice (local),2021-09-01,325.361944463922,-6.824453915136308,-4.679603717582815,-13.488924810704228,-0.038610050515153205,-0.005383534469498637,55.44668036536529,-0.43600281429898047,-10.748311069757499,0.7029690747598367,-1.0,-1.8369701987210297e-16,0.1259257865191099,7.958629517639437,7.518416047078869,1.9122055235364925,-8.7366594386728,-0.09849145696181227,0.0,33.791208791208796
Rice (local),2021-10-01,302.11563286105013,-12.423736371988515,-11.250818461835689,12.325892995235632,-7.96180908587234,-1.519552850618016,58.14484203013705,1.4104573526068904,-6.051234144387743,0.0,-0.8660254037844386,0.5000000000000001,-0.26476479020859367,7.701373017457969,7.5451635942109,-6.830313402153392,-5.593422969835123,0.04352441123667905,0.0,32.14285714285714
Rice (local),2021-11-01,306.34777407408217,-9.802197514520994,-11.740392455358851,-1.5734604665401997,-6.55632853094229,-1.215046268440859,61.62416671725842,4.897081900449081,-5.664205682261846,0.08989868355277701,-0.5000000000000004,0.8660254037844384,-0.13910825992905496,7.8057733876128355,7.537522669592949,-11.230190313760888,1.4279927992398935,0.03515272985663853,0.0,37.08791208791209
Rice (local),2021-12-01,293.3165725137421,-9.849145696181228,-16.00144920224701,-6.580500288878777,-10.05881112806014,-1.6389630905108978,56.859744093639115,0.26819975522155914,-3.189691633934536,0.0,-2.4492935982947064e-16,1.0,-0.30834652983442457,7.6246754331174005,7.554646948711459,-8.544865788494313,-1.3042799076869152,0.08703000803441019,0.0,36.53846153846154
Rice (local),2022-01-01,315.26503790672405,4.352441123667905,-8.61203105927112,1.7348882166110524,-3.461262115998276,-0.5744779490444083,60.01179842881786,0.04068041289875879,7.239485380403803,0.3928077385559152,0.49999999999999994,0.8660254037844387,0.9477469854029863,8.692134771746286,7.531817180757442,-1.8814561172202677,6.233897240888172,0.03495084549714789,0.0,66.20879120879121
Rice (local),2022-02-01,317.11673461829093,3.515272985663853,-6.6314985300865,1.0702401181082344,-2.9773827180357815,-0.49904516653857534,64.55951790761253,0.7683975350850076,2.8205431395623437,0.4259472216468191,0.8660254037844386,0.5000000000000001,1.1888967609536838,9.103679420906708,7.50246942716402,2.220618684338861,1.294654301324992,0.019004168525444287,0.0,65.1098901098901
Rice (local),2022-03-01,318.84391617623874,8.703000803441018,-2.0033161218109274,-6.589172583682535,-1.886329059893388,-0.32166837025930506,57.13861388138496,-0.22573934495710546,-2.031869475325583,0.45685827942263485,1.0,6.123233995736766e-17,1.3933249480362786,9.166924062699433,7.496358549513211,5.204733227647633,3.4982675757933848,-0.013193536572965292,0.0,58.24175824175825
Rice (local),2022-04-01,326.28381753725444,3.4950845497147887,7.999647170631463,-4.151197071959356,0.7682083863014721,0.13487164814629626,56.4746255637857,-1.6686610048886266,-2.812183842569437,0.5900088563023336,0.8660254037844387,-0.4999999999999998,0.05568685628540848,8.796889510028816,7.540109984204614,5.95375282331244,-2.4586682735976515,-0.030865022750116378,0.0,56.04395604395605
Rice (local),2022-05-01,323.1432744852155,1.9004168525444287,5.482494678440775,-6.901564168511188,0.41738852159098894,0.07935717775535372,37.91423668993199,-3.661932968440233,-2.097626482775809,0.5338031220051485,0.49999999999999994,-0.8660254037844387,-0.13083196751972892,1.0858965930091058,1.186672234428615,9.94383118382868,-8.04341433128425,-0.041629526952320584,0.0,43.681318681318686
Rice (local),2022-06-01,314.63723730710007,-1.3193536572965292,7.268823786749756,-9.895742561334863,-1.3430562123269651,-0.29288331358349357,36.27964444600718,-2.261408684376903,6.6165580651181655,0.41272915947209526,1.2246467991473532e-16,-1.0,-0.17333057934475482,1.032544434438254,1.1901333945498294,3.781507519767413,-5.100861177063942,-0.0019169745179089537,0.0,47.8021978021978
Rice (local),2022-07-01,316.21306008597224,-3.0865022750116378,0.30070641056261227,-8.337221578183375,-0.09815572445909249,-0.025662751227349394,34.20717201810372,-1.0354194764568518,-2.6940757536160613,0.49427497030968365,-0.4999999999999997,-0.8660254037844388,0.21318582101956807,0.9512947021877993,1.1898856370316293,3.7643835409428354,-6.850885815954474,-0.0018522025153812072,0.0,34.89010989010989
Rice (local),2022-08-01,309.6909728305721,-4.162952695232058,-2.3416492972712755,-8.817861388629456,-1.3810950308174363,-0.443945827577669,32.163671160131344,-1.168286563172316,-8.031137991272576,0.49668694806471503,-0.8660254037844384,-0.5000000000000004,0.9945314787629611,1.9195720894348511,1.4703835032371046,-2.9376237083869103,-1.225328986845148,0.07805593569431268,0.0,23.626373626373628
Rice (local),2022-09-01,314.0340857407971,-0.19169745179089537,-1.508521941746277,-3.4816176002971377,0.30345722979825407,0.10441757259418322,31.21975422509029,-0.44709243468262727,-9.90628249217543,0.6284271922715775,-1.0,-1.8369701987210297e-16,3.229403529992503,4.164123499058325,2.481113019874577,-1.604914753388345,1.4132173015974496,0.008405102520176122,0.0,27.747252747252745
Rice (local),2022-10-01,315.62736946068463,-0.18522025153812072,-3.2660056992722564,4.4723725388447155,0.45109378695344926,0.16814531748059894,29.317731240903182,-0.4890088136486739,-5.6186307234966195,0.6767564875691134,-0.8660254037844386,0.5000000000000001,4.7961022923614705,6.073868316482289,2.6567049917708774,-4.675353675669933,4.4901334241318125,-0.011466530488424165,0.0,33.51648351648352
Rice (local),2022-11-01,333.8641914909444,7.805593569431268,3.3176977063217095,8.982084984958338,5.4853090628693035,1.782925959300513,32.24503763167857,-0.27383083146385445,-5.86033467368952,1.0,-0.5000000000000004,0.8660254037844384,5.325750428990217,7.497091470632067,2.78760025737139,-2.9061745001361134,10.711768069567382,0.07114286334044939,0.0,42.85714285714286
Rice (local),2022-12-01,316.67357442627826,0.8405102520176122,0.6472015634915618,7.96306929143662,-0.5576599275062821,-0.27463056694035926,35.42027765074282,2.3018405968079634,-2.5216804804178574,0.28885692442574507,-2.4492935982947064e-16,1.0,3.9346823818370957,8.597507560620654,2.6632961810215265,-2.4649080413629525,3.3054182933805647,0.17569684515780182,1.0,39.56043956043956
Rice (local),2023-01-01,312.0082186057826,-1.1466530488424165,-1.3297494667191878,-1.033041698047421,-1.9391090499691455,-0.9240276033987098,35.16658110523358,2.997297857178623,6.6917324837592735,0.09586004279228268,0.49999999999999994,0.8660254037844387,3.978702876193929,9.258735989450884,2.8033053767643006,-1.6953383519935816,0.5486853031511651,0.20481501423791193,1.0,46.7032967032967
Rice (local),2023-02-01,357.61624604045426,7.114286334044939,15.475192180077357,12.771168153869915,11.215335997349097,2.738256680591775,37.53855356486861,1.6236631947046334,1.039291759440208,1.0,0.8660254037844386,0.5000000000000001,4.276996247750131,10.777705486879196,2.9392118783244046,-11.249474576294867,18.363760910339806,0.10656707138564814,1.0,57.14285714285714
Rice (local),2023-03-01,372.3121223978197,17.56968451578018,18.55786976740006,16.76939828829187,14.203131464847685,2.358757894224576,48.25264252641439,10.355343738611019,-3.425801305944805,1.0,1.0,6.123233995736766e-17,3.3530618654492805,10.696487397948772,2.962368815037195,-9.163933886631282,26.733618402411466,0.05524146393320062,0.0,63.46153846153846
Rice (local),2023-04-01,375.9121863418715,20.481501423791194,19.099996614424185,15.210183937164047,13.862967564135452,1.8793247006746912,44.519162527122894,5.52207971226062,-4.03771499356341,1.0,0.8660254037844387,-0.4999999999999998,1.6954022988505901,11.049271263016891,2.8376391944129264,-4.001799809048183,24.483301232839377,0.06418881133946508,0.0,60.714285714285715
Rice (local),2023-05-01,395.7263620609149,10.656707138564814,18.52914213222787,22.461580762071588,17.70810179545521,1.94205769617829,41.44966909335246,3.1993211055636053,-3.9323113478303213,1.0,0.49999999999999994,-0.8660254037844387,-0.048829743127820624,10.868664673201867,2.885443336832333,9.40992791420369,1.2467792243611235,0.08708030439034009,0.0,56.318681318681314
Rice (local),2023-06-01,392.8791890791522,5.524146393320062,24.064406002596407,24.867352777981733,14.637915187540962,1.483696880277067,40.53829016352005,-7.694754568431044,3.1618317153531175,0.9669069552978955,1.2246467991473532e-16,-1.0,32.73078438042718,47.18342989661743,27.519688422728052,19.43213907945068,-13.907992686130616,0.10967033421903793,1.0,60.98901098901099
Rice (local),2023-07-01,400.04154275117577,6.418881133946508,28.215065788578443,26.510126635001143,14.396017024494224,1.383062922134345,38.00091969284056,-5.808826827100475,-5.109665252791501,1.0,-0.4999999999999997,-0.8660254037844388,68.5115553431721,86.73276642136013,34.04221455635608,24.918306306119025,-18.499425172172515,0.009729883349192558,0.0,49.17582417582417
Rice (local),2023-08-01,430.18633412446127,8.708030439034008,20.29272687902377,38.90825754220826,19.582529706819063,1.7298973978541419,39.1839204229364,-3.1534633050006136,-10.172487456718653,1.0,-0.8660254037844384,-0.5000000000000004,65.04250761398626,81.17854665553948,34.58308152360877,33.84654449059806,-25.138514051564055,-0.036880671754547345,0.0,46.42857142857143
Rice (local),2023-09-01,435.9663810531674,10.967033421903793,17.097014796454157,38.82772630389331,17.86024161411275,1.5220543116049505,41.327533575648,-0.20200509006875933,-11.79685655005892,1.0,-1.0,-1.8369701987210297e-16,25.806739397744806,79.37396493132032,34.685008735801546,15.73383557685513,-4.766802154951337,-0.09784677799069541,0.0,46.7032967032967
Rice (local),2023-10-01,403.9339002969757,0.9729883349192558,7.454324433531401,27.978096762388272,7.0704230794138345,0.6542015229651413,41.09367293942634,-0.024292241187318098,-7.052595441996162,0.7415863536232381,-0.8660254037844386,0.5000000000000001,-1.0980255497307412,76.23021171255522,34.913816941694144,1.4246848835787616,-0.4516965486595057,0.10009392334798783,1.0,40.934065934065934
Rice (local),2023-11-01,414.320773142325,-3.6880671754547345,4.698805251328642,24.098595687091784,7.90594407434313,0.7668315605516179,43.3954375392545,3.3094678814076417,-7.221163061842571,0.8253797290676189,-0.5000000000000004,0.8660254037844384,11.070831643002045,91.06108212794955,35.02471982079529,-3.004483047059265,-0.6835841283954696,0.22124186247407285,1.0,37.91208791208791
Rice (local),2023-12-01,393.3084753548512,-9.784677799069541,0.10926673838469458,24.199967132531807,0.7576509142937393,0.08841651987244124,42.041652265021135,-0.9176457381568,-2.872112764207437,0.6558685216358968,-2.4492935982947064e-16,1.0,2.7502907833943713,77.32990213942648,36.828365707479,-4.83153008098018,-4.953147718089362,0.4031933165615629,1.0,35.714285714285715
Rice (local),2024-01-01,444.3652291509549,10.009392334798783,11.079770889531915,42.421001323815545,10.709159064658103,1.6323404356788351,44.21359300344939,1.0032424754226952,4.544049441867707,1.0,0.49999999999999994,0.8660254037844387,12.892938711554326,91.33866782006919,36.89703621741637,13.76917713911463,-3.7597848043158475,0.2271184910584907,1.0,65.10989010989012
Rice (local),2024-02-01,505.9858726540308,22.124186247407284,17.620164221125446,41.48850290117767,22.29417610667459,2.51300769630216,49.848493019677534,5.537223591444111,-1.5240589282910513,1.0,0.8660254037844386,0.5000000000000001,79.74478374797451,229.33661426293006,62.26024410930895,11.890384592054817,10.233801655352467,0.06399444482422889,0.0,72.25274725274724
Rice (local),2024-03-01,551.8878239649454,40.31933165615629,26.589537163793597,48.232569063450214,28.732350567985755,2.378602685409111,52.84596254983812,12.45494339287798,-5.748676941884405,1.0,1.0,6.123233995736766e-17,104.06518823920798,250.12857101062426,61.4865962049102,29.07094629326633,11.248385362889955,0.0016211011108950846,0.0,70.05494505494505
Rice (local),2024-04-01,545.2887894745802,22.71184910584907,34.994559524139746,45.05749195868578,23.138880271098582,1.7453430570125863,51.45408809439906,9.440437759875437,-5.288467185797388,0.9584988922450352,0.8660254037844387,-0.4999999999999998,33.330934351401886,150.86053824766356,75.18959052025758,9.335142176641252,13.376706929207817,0.12138490109086919,1.0,68.13186813186813
Rice (local),2024-05-01,538.3661576634285,6.399444482422889,29.939455745920853,36.04505771605804,18.397467566756063,1.3360312292764482,46.28956670378332,-3.1984161003040796,-4.13353559962095,0.9149626917353969,0.49999999999999994,-0.8660254037844387,0.47195335138681127,231.05258157648962,77.20054878561815,14.8025547753594,-8.40311029293651,0.18947035683412494,1.0,57.14285714285714
Rice (local),2024-06-01,552.7824899294644,0.16211011108950846,40.546803480584124,40.700374388651305,18.106794298988362,1.299382251288982,42.767661208219444,-11.01028444790257,1.141980237235955,1.0,1.2246467991473532e-16,-1.0,-7.320037553101166,144.47910079280862,75.26876049436305,16.407644128882712,-16.245534017793204,0.1446957115007257,1.0,57.96703296703297
Rice (local),2024-07-01,611.478615250912,12.13849010908692,37.607214772240226,52.85377889647056,25.907790029490773,1.7177649735614116,43.1783231171256,-9.597776646345416,-7.203129326621378,1.0,-0.4999999999999997,-0.8660254037844388,38.74183367365218,106.54281542865394,73.11991054204762,24.225759066992293,-12.087268957905373,-0.07867513638798418,0.0,55.494505494505496
Rice (local),2024-08-01,640.370585663335,18.947035683412494,26.558985195460206,48.85888622349015,27.26692467755738,1.6484729650868848,47.457649006913634,0.004147837443163382,-12.290370093184348,1.0,-0.8660254037844384,-0.5000000000000004,4.624096601555228,109.8615549156726,72.94420688152344,18.760190414261306,0.18684526915118838,-0.1237406461852113,0.0,57.142857142857146
Rice (local),2024-09-01,632.767745614951,14.469571150072568,14.655137899027636,45.14140840088838,21.786491771445917,1.285844514852791,45.27413515434535,1.0325669466976635,-13.956027892997831,0.9692270091966306,-1.0,-1.8369701987210297e-16,8.979941010482761,111.77973541196282,72.8818228452473,6.097271513666653,8.372299636405915,-0.10694700862950268,0.0,52.1978021978022
Rice (local),2024-10-01,563.3704517977108,-7.8675136387984175,3.3159791054119037,39.470950911403044,5.726237620919172,0.37800029077347835,44.91639064216707,0.3291231042773006,-7.993669105903841,0.6883369377462161,-0.8660254037844386,0.5000000000000001,2.1805092619002764,113.38957267732357,72.81239067675358,-4.2206053691793795,-3.646908269619038,-0.04223907499145074,0.0,34.61538461538461
Rice (local),2024-11-01,561.1307155953517,-12.37406461852113,4.228452626131651,35.4338840747904,2.942403390356141,0.22353950371399278,51.95250302129706,2.1552440591773916,-7.252768894679566,0.679271459435671,-0.5000000000000004,0.8660254037844384,4.64415134325038,97.71873487281233,72.84364475451608,-6.801588728813651,-5.572475889707479,-0.050717690401647975,0.0,35.714285714285715
Rice (local),2024-12-01,565.0951280641979,-10.694700862950269,2.227392936470274,43.677333053745436,1.0167295451643854,0.10623463846491762,48.036764096801605,0.2461188249273505,-2.0513448016775,0.6159520385638921,-2.4492935982947064e-16,1.0,-5.292247493274638,95.20317280286889,73.09014835260193,-4.885551090024145,-5.809149772926124,-0.10896768725119454,0.0,42.03296703296703
Rice (local),2025-01-01,539.5742050362597,-4.223907499145074,-11.759104639358032,21.425838395866357,-4.894290473674978,-0.6876981424640438,45.85397010549839,0.00387357824375556,5.833404976315616,0.24994161634964718,0.49999999999999994,0.8660254037844387,-4.879783242381808,79.79567755556285,73.10794064157763,-1.9279987879445255,-2.295908711200549,-0.0510487338491461,0.0,46.15384615384615
Rice (local),2025-02-01,532.6714616869315,-5.0717690401647975,-16.81824968035378,5.273979072365731,-6.477550987767289,-0.9888703717580998,44.93482505271312,-6.194009838702449,0.7672399739837387,0.0,0.8660254037844386,0.5000000000000001,-9.433962264150942,-0.37762415023496754,47.3329713478189,-5.125526890567311,0.053757850402513796,-0.14839874861347746,0.0,39.28571428571429
Rice (local),2025-03-01,503.51801888212464,-10.896768725119454,-20.426092769190674,-8.764426932871249,-10.965999098864609,-1.4857054016880957,44.48452794162618,-3.5553580790697765,-2.0305142295305916,0.0,1.0,6.123233995736766e-17,0.630509218612807,-3.7396096329016637,46.972440828804075,-12.6909390574261,1.7941703323066456,-0.1577419345882931,0.0,30.21978021978022
Rice (local),2025-04-01,512.0296250514991,-5.10487338491461,-9.113155754332425,-6.099366989577826,-9.015040844861467,-1.1468222229971203,44.93997404108579,-0.2730857779275837,-1.0993947838019824,0.06219544411601873,0.8660254037844387,-0.4999999999999998,3.2040444362523957,39.16981221316487,30.12457607168511,-17.035662904870456,11.930789519955846,-0.2666538975616405,0.0,35.43956043956044
Rice (local),2025-05-01,453.6236833504789,-14.839874861347745,-19.158999722695512,-15.740676323478741,-18.36911685078525,-1.885364561368302,46.56775955182052,-1.166173395145222,2.1073393061408066,0.0,0.49999999999999994,-0.8660254037844387,6.128640776699035,5.2312310770364245,12.815862027510633,-12.213242879306335,-2.6266319820414097,-0.17921617091481368,0.0,34.34065934065934
Rice (local),2025-06-01,424.0921124835936,-15.774193458829311,-24.952084804487207,-23.28047284245415,-22.181629760045908,-1.8266153658406765,52.6665634949731,7.1754959733524615,6.474568061901305,0.0,1.2246467991473532e-16,-1.0,-0.43429389641137517,3.412145232563435,13.284586127898198,-7.67486762993107,-8.099325828898241,-0.13140138084540365,0.0,41.48351648351648
Rice (local),2025-07-01,375.4949298644915,-26.66538975616405,-30.409028756432487,-38.59230388450915,-28.519575458344104,-1.9077408145768444,50.7206190969191,4.828730518328882,-0.24666698654807728,0.0,-0.4999999999999997,-0.8660254037844388,-4.711067908176125,-4.417129036903111,11.104763191420927,-5.452002449249907,-21.213387306914143,-0.12730620066316545,0.0,28.296703296703296
Rice (local),2025-08-01,372.32698378413215,-17.921617091481366,-30.101946403323375,-41.857575578919956,-25.974991113739144,-1.6146619092332182,56.318384447695934,9.841728429079666,-5.34890241229175,0.0,-0.8660254037844384,-0.5000000000000004,-4.317235341249637,-3.761987487068219,11.119400555009692,-12.151850160924111,-5.769766930557255,-0.17993015110841404,0.0,25.549450549450547
Rice (local),2025-09-01,368.3658232976052,-13.140138084540364,-26.841580741156967,-41.784987327441705,-23.407288917954883,-1.437483652648093,51.74801199908983,-1.9060883750320912,-7.265789979724901,0.0,-1.0,-1.8369701987210297e-16,-2.8305056451612742,-7.794904555593685,10.93088728003553,-10.292039034036883,-2.8480990505034818,-0.26041666666666663,0.0,21.978021978021978
Rice (local),2025-10-01,327.6920969751613,-12.730620066316545,-36.00134036342085,-41.83363789678739,-28.963533101747863,-1.5713672216504104,50.256742225379654,-3.147527599860311,-0.9999036889127688,0.0,-0.8660254037844386,0.5000000000000001,-4.167338702174151,-10.355106222829303,10.951540498008661,-13.024956541096127,0.29433647477958225,-0.17564402810304458,0.0,30.21978021978022
Rice (local),2025-11-01,305.3341333301132,-17.993015110841405,-32.6899929309454,-45.585916998651896,-30.60348936431846,-1.5017486376886136,54.32568417051268,-2.1893501962735513,0.03718874166123509,0.0,-0.5000000000000004,0.8660254037844384,-5.902630054564206,-13.461538461538481,10.519440797727748,-12.313946755402167,-5.679068355439238,-0.07134254111430383,0.0,32.69230769230769
Rice (local),2025-12-01,272.4372234805205,-26.041666666666664,-35.7598937916913,-51.789139571281154,-34.446729462722125,-1.5509962873578542,52.15023014885961,1.0837872874030907,5.2488257048076,0.0,-2.4492935982947064e-16,1.0,-3.187279717951652,-5.7455606582472285,7.683818341175576,-14.931899861516452,-11.109766805150212,0.08677859154929601,0.0,34.61538461538461
Rice (local),2026-01-01,270.13493708491046,-17.564402810304458,-28.058965487923714,-49.935535360376015,-31.28844997603756,-1.3345399132121758,56.44226491209174,6.690919805543757,12.052619164862424,0.0,0.49999999999999994,0.8660254037844387,-2.9346086956521744,-8.521900080501332,7.642060519513902,-13.694103882427852,-3.870298927876606,0.16363636363636358,1.0,40.93406593406593
Rice (local),2026-02-01,283.5508203694093,-7.134254111430383,-23.843601801956304,-46.76815997023295,-23.85513250177188,-1.0363235276889642,51.86151098205769,-2.733752105938109,6.277718878622991,0.05546166969301892,0.8660254037844386,0.5000000000000001,-6.289578642135785,-10.456989207329281,8.572120040738,-4.125260284420374,-3.0089938270100083,0.25040056121874543,1.0,43.13186813186813
Rice (local),2026-03-01,296.07894201976086,8.677859154929601,-19.62366666666665,-41.19794507511478,-16.620211138477337,-0.7626959970031436,50.373340516845126,-2.724067997615734,2.437681072229547,0.10725330577922354,1.0,6.123233995736766e-17,-5.458133226362072,-11.448419408139742,8.12723069675508,7.334900737167841,1.3429584177617606,0.20267574617735717,1.0,52.197802197802204
Rice (local),2026-04-01,314.3388358806231,16.36363636363636,-4.074941451990632,-38.60924827367022,-7.171320421332272,-0.40451539414220383,49.49174505168828,-6.868627450602304,1.2545968305033863,0.24090795591210307,0.8660254037844387,-0.4999999999999998,-5.521958545060846,-16.256462974647167,6.499089148153007,17.889851310661033,-1.5262149470246733,,0.0,56.5934065934066
Rice (local),2026-05-01,354.552104923945,25.040056121874542,16.11938077706485,-21.840036590415224,7.320815077638598,0.49888726992990506,50.935513401326965,-2.1895082850946963,1.9688709025642974,0.5483159042144691,0.49999999999999994,-0.8660254037844387,1.3517681102616974,-14.48733914487339,7.2413202227106,9.570289099333648,15.469767022540895,,0.0,72.80219780219781
Rice (local),2026-06-01,356.08696252101834,20.26757461773572,30.70422535211266,-16.03546681505569,9.666624491235876,0.7904578492253619,57.50257043263434,4.449161559466134,5.835076840496835,0.8157937673356176,1.2246467991473532e-16,-1.0,-1.049328214847045,-11.995417598049174,6.741836681440169,11.110337658763628,9.15723695897209,,0.0,80.49450549450549
Sorghum,2019-05-01,92.80430228879663,-3.0940744919598195,-12.757454637623844,-60.0827000876469,-17.971500176901234,-1.1148392926567352,81.66182413916516,-5.361758230310315,0.0,0.0,0.49999999999999994,-0.8660254037844387,0.06617660554422145,0.2148618893462073,4.791804782490723,-2.0679354436102373,-1.0261390483495823,-0.06716365044806083,0.0,54.94186046511628
Sorghum,2019-06-01,90.39798490133502,-6.997174222514834,-17.21058225074026,-34.72858571490934,-17.163746366864675,-1.0749078504628147,74.60470693176853,-3.6807373740408877,0.0,0.0,1.2246467991473532e-16,-1.0,0.01476408422196318,-2.8538298009405327,3.4013119425555476,-3.724469846017529,-3.2727043764973054,-0.06773488146627227,0.0,50.29069767441861
Sorghum,2019-07-01,97.5403107159852,0.04683042694131334,-0.6956065217619267,-28.932487233214488,-7.823765862186505,-0.5435377143318824,76.52346675593384,-3.1904593810475177,0.0,0.1567639571360544,-0.4999999999999997,-0.8660254037844388,-0.0027090533712192943,0.39583492046566526,0.7015440048429618,-5.8648051075840035,5.911635534525317,-0.12766671988940181,0.0,59.59302325581396
Sorghum,2019-08-01,86.57122656979573,-6.716365044806083,-9.602630199127649,-36.32549273386471,-14.878998900657725,-1.1793904975235279,77.74021890867486,-0.3173151380272401,0.0,0.0,-0.8660254037844384,-0.5000000000000004,-0.02108910768262584,0.29230406060325453,0.7029065931552817,-10.736803362786471,4.020438317980388,-0.003943105470010533,0.0,52.325581395348834
Sorghum,2019-09-01,84.27488810925323,-6.773488146627226,-13.296709602581169,-36.82388386603671,-13.661831242067546,-1.4668376978261406,79.11042630151158,1.9765825143748685,0.0,0.0,-1.0,-1.8369701987210297e-16,-0.03764705882353114,0.21857974743884068,0.7016236519659728,-6.2354704574365565,-0.5380176891906698,-0.03191364790420703,0.0,53.48837209302326
Sorghum,2019-10-01,85.0876591898823,-12.766671988940182,-12.725820248997488,-26.320799145805672,-10.506775868404695,-1.280459470985062,66.14816451167812,1.5595908076257246,-24.52900268210032,0.03262126331041489,-0.8660254037844386,0.5000000000000001,-0.015498265568492098,0.5038799354377232,0.630906585895665,-5.683987419440127,-7.082684569500055,-0.005613730527200822,0.0,35.17441860465116
Sorghum,2019-11-01,86.22986709276285,-0.3943105470010533,-7.084192256060373,-18.937884280175254,-7.6752627867888945,-0.9818890350119702,56.1139152895814,-1.2812485515517693,-3.21775345602447,0.07846475558411135,-0.5000000000000004,0.8660254037844384,0.34254483873450425,0.41294860939227185,0.5764128265743904,8.429833799093416,-8.824144346094469,-0.00806425188152593,0.0,51.74418604651163
Sorghum,2019-12-01,81.58536900296808,-3.191364790420703,-9.748686221253145,-25.28146281151804,-10.442229630789711,-1.5525029994151918,47.89604614536965,-3.913181304439618,-0.4249917367906644,0.0,-2.4492935982947064e-16,1.0,0.0,0.0007406950188304506,0.6883625196415979,0.2936812863157331,-3.4850460767364364,0.2008459883985838,1.0,45.05813953488372
Sorghum,2020-01-01,84.61,-0.5613730527200822,-13.256376385385193,-13.85977068846107,-5.950821603048528,-0.9004156644566881,48.51590765102565,-2.55212625431858,10.414313025552957,0.1895733028322016,0.49999999999999994,0.8660254037844387,-0.013987366277767865,-0.2898615526250703,0.6081246423592884,-0.3214706089457841,-0.2399024437742981,0.24756665163253655,1.0,59.883720930232556
Sorghum,2020-02-01,85.5344877248163,-0.806425188152593,-1.1975559155830817,-10.685189248709515,-4.013361655564607,-0.6199477175049201,41.84322887332689,-1.510336759448144,4.309006854201105,0.2475169632632543,0.8660254037844386,0.5000000000000001,-0.33121917405805057,0.05526922578222848,0.5031296740553997,-6.225394149861218,5.418968961708625,0.2099020991347582,1.0,53.19767441860466
Sorghum,2020-03-01,97.9714630792324,20.08459883985838,16.252261233765218,0.7945356510774104,9.864043220944163,1.4983553607786284,58.289151619799334,-0.76130577151865,-6.259597612163208,1.0,1.0,6.123233995736766e-17,0.03913650131022184,0.016239010694207856,0.4996330271715269,12.455535479070537,7.629063360787843,0.17650135350619456,1.0,63.081395348837205
Sorghum,2020-04-01,105.55661439462892,24.756665163253654,24.056314863554928,8.269131226488579,17.48483249349688,2.1769550369415738,65.38689025420052,4.87264829048889,-10.66540037647699,1.0,0.8660254037844387,-0.4999999999999998,17.68406725103715,17.646182727158234,16.258083848537417,19.306692409727898,5.449972753525756,0.4171367597375315,1.0,65.69767441860466
Sorghum,2020-05-01,103.48835624667146,20.990209913475823,20.014514385534852,11.51245545128634,14.052651612471712,1.5539336329523799,60.23643313512121,5.114807943398382,-6.709670937079743,0.9137192033970428,0.49999999999999994,-0.8660254037844387,17.675280332968658,17.662453531598498,16.256820863859744,15.604335684281526,5.385874229194297,0.6004379512323186,1.0,65.40697674418604
Sorghum,2020-06-01,115.26355891769909,17.650135350619458,41.27969307034181,27.50677909856467,24.193729638277304,2.073022226727106,64.1014855988709,3.1700785605552184,5.949923470540506,1.0,1.2246467991473532e-16,-1.0,17.647459357305717,17.649194314677153,16.25784046145075,6.610664591936004,11.039470758683454,0.5269992793313014,1.0,79.94186046511628
Sorghum,2020-07-01,149.58815849206852,41.71367597375315,76.79725622511349,53.3603465008786,53.98155392417867,2.6628555441356325,83.59389974764936,0.1098626242969658,-20.098819317685837,1.0,-0.4999999999999997,-0.8660254037844388,5.694697125622605,24.349145198036503,16.69139420624582,12.553026676220936,29.16064929753221,-0.05777705609871964,0.0,73.25581395348838
Sorghum,2020-08-01,165.6266928478232,60.04379512323186,93.63732367309143,91.31840844866754,59.663639748214514,2.2500304774592497,92.6946900636864,13.496162283867221,-30.636048667546238,1.0,-0.8660254037844384,-0.5000000000000004,5.463752066381011,24.11741352277652,16.714942848529176,19.805492309673824,40.238302813558036,-0.1729941409512622,0.0,74.70930232558139
Sorghum,2020-09-01,176.0073714004875,52.69992793313014,79.65167189362599,108.84913092060482,58.025445471801085,1.919758744692029,89.69746295298577,11.599566892064885,-31.715709007904017,1.0,-1.0,-1.8369701987210297e-16,5.74839138030514,24.4589856071832,16.68480397874494,13.010755200064583,39.68917273306556,-0.2371036576616029,0.0,73.54651162790698
Sorghum,2020-10-01,140.9453950671681,-5.777705609871964,33.52587696706184,65.64728235458122,21.46910599958909,0.7422842160054398,87.17768996335961,6.61945961429646,-26.113190287721984,0.6286673080103996,-0.8660254037844386,0.5000000000000001,0.026002442798200853,24.400758973381585,16.69038554541653,-20.16561264271251,14.387907032840547,0.003081362781220065,0.0,56.68604651162791
Sorghum,2020-11-01,136.97424540001546,-17.29941409512622,32.357156271308575,58.84779835351448,13.895921716295788,0.5118673848636915,97.70704507722932,-0.2168990932728434,-12.49040164105871,0.5866098471822127,-0.5000000000000004,0.8660254037844384,0.2730537712008374,24.031457445231563,16.72202559601739,-6.824460132422619,-10.474953962703601,0.054100081647327825,0.0,50.872093023255815
Sorghum,2020-12-01,134.27537986602772,-23.71036576616029,16.49421649552183,64.58267150957273,7.718920601467261,0.31606966466672604,45.41982008628607,-0.6001197036801358,-8.011479685368013,0.5434005278817331,-2.4492935982947064e-16,1.0,0.000991776972414371,24.460219962742546,16.677327379716218,-4.1378914315107185,-19.57247433464957,0.16896898792116533,1.0,35.174418604651166
Sorghum,2021-01-01,141.37969896171245,0.3081362781220065,-5.487372538777057,67.0957321377053,9.271152013028683,0.4289595494717301,88.84263680377222,-2.2763679449256244,1.5062900145671883,0.6172591053590273,0.49999999999999994,0.8660254037844387,0.027577673200762653,24.45247343145114,16.678068397869577,25.52430450377894,-25.216168225656933,0.13365006855046802,1.0,72.09302325581396
Sorghum,2021-02-01,144.3845632597374,5.4100081647327825,-12.825305645390706,68.80274506846295,7.518222516576301,0.41169127015095686,82.52054335209972,-11.019510956783336,-1.9362813731880515,0.5947659376172495,0.8660254037844386,0.5000000000000001,-0.0148543893785269,24.4251532946538,16.680688695784095,7.47451711224219,-2.064508947509408,0.08560293130584506,0.0,67.15116279069767
Sorghum,2021-03-01,156.96375490472045,16.89689879211653,-10.8197834807925,60.21374997511189,12.757687186824974,0.7927318530642414,83.04296220799056,-7.7329764380758945,-10.238280090878172,0.7373983022883763,1.0,6.123233995736766e-17,-0.03910266492881398,24.362881419244786,16.68664419602845,20.961967775502334,-4.065068983385803,0.14244931750601775,1.0,66.27906976744185
Sorghum,2021-04-01,160.27510541958983,13.3650068550468,13.714325567862694,51.838050451668494,11.484591217831852,0.8088933317973005,76.62655152387129,-4.571254009756942,-11.132402457354567,0.7830601264023122,0.8660254037844387,-0.4999999999999998,-0.040651442883921085,5.708346602203429,5.547473399023885,22.62806284595644,-9.263055990909638,0.18130238550137956,1.0,61.918604651162795
Sorghum,2021-05-01,156.74430511008515,8.560293130584506,14.433413852606968,51.460812399488255,5.763709210476553,0.5267277133891962,68.15472586083365,-4.074004961341572,-3.507183039292096,0.6828801897170929,0.49999999999999994,-0.8660254037844387,7.790444169656241,13.973321342925683,8.936438430752382,15.671770685743118,-7.111477555158611,0.1829686539149784,1.0,62.79069767441861
Sorghum,2021-06-01,179.32313466407973,14.244931750601776,33.54878224362356,55.57660751401985,16.79195974430683,1.7330782142123757,77.8925849818441,-2.5422371805274366,7.355284154075509,1.0,1.2246467991473532e-16,-1.0,7.863961073935166,14.020932315312496,8.930982484097918,4.4913892718618325,9.753542478739943,0.027431088113047952,0.0,80.81395348837209
Sorghum,2021-07-01,189.33336436864656,18.130238550137957,33.91835303024702,26.56975410168274,20.707710406728964,1.803382303676144,78.35807765150237,0.590453952752398,-14.878866612658701,1.0,-0.4999999999999997,-0.8660254037844388,8.001417291195633,8.015364659002167,7.522291442305491,3.1094876792160386,15.020750870921919,-0.059596516776596276,0.0,66.56976744186046
Sorghum,2021-08-01,185.4235996249161,18.29686539149784,28.42342383330303,11.952727206406388,16.984658042786506,1.3655949816510922,72.0251849660084,1.0510522914083538,-22.37565284804877,0.928988233422448,-0.8660254037844384,-0.5000000000000004,0.16842257307645436,8.250726819859588,7.498238893241577,8.209514894716149,10.08735049678169,-0.15101682272868655,0.0,61.33720930232558
Sorghum,2021-09-01,184.24216337175807,2.7431088113047952,17.37879453992168,4.678663118337867,15.738198421711648,1.2217628696328473,64.6244044246964,0.8180232851545597,-23.715012381530965,0.9075301967029628,-1.0,-1.8369701987210297e-16,0.1259257865191099,7.958629517639437,7.518416047078869,1.9122055235364925,0.8309032877683027,-0.16122785195318168,0.0,54.36046511627907
Sorghum,2021-10-01,178.0497553426811,-5.959651677659627,11.090087806561332,26.32534412197771,9.717109956441794,0.7767426462331112,59.58161106293371,-4.4768853509994315,-16.927060611511028,0.7950595335463332,-0.8660254037844386,0.5000000000000001,-0.26476479020859367,7.701373017457969,7.5451635942109,-6.830313402153392,0.8706617244937647,-0.10285081790208861,0.0,47.09302325581396
Sorghum,2021-11-01,157.4215167506452,-15.101682272868654,0.43204864131072274,14.927821862362611,-4.002311545549797,-0.34936826911349816,65.89309333009261,-3.462854550546325,-8.60007273222402,0.42039564458659995,-0.5000000000000004,0.8660254037844384,-0.13910825992905496,7.8057733876128355,7.537522669592949,-11.230190313760888,-3.8714919591077663,0.008921304027115662,0.0,44.18604651162791
Sorghum,2021-12-01,154.53719513212235,-16.12278519531817,-13.821941925333892,15.089747119919306,-6.7216580425026535,-0.6682867622279458,65.50726773867132,1.3949857247093433,-3.8068451434170782,0.2743793630529716,-2.4492935982947064e-16,1.0,-0.30834652983442457,7.6246754331174005,7.554646948711459,-8.544865788494313,-7.577919406823856,0.06468885603438035,0.0,45.348837209302324
Sorghum,2022-01-01,159.73719237841956,-10.28508179020886,-15.631778418409647,12.984532822975225,-4.465099180815891,-0.4980841968445725,30.90684114829585,-0.8917872699841638,4.008216232453869,0.3415581448208897,0.49999999999999994,0.8660254037844387,0.9477469854029863,8.692134771746286,7.531817180757442,-1.8814561172202677,-8.403625672988593,0.0304270004291316,0.0,43.604651162790695
Sorghum,2022-02-01,158.82592196198738,0.8921304027115662,-14.344278569034262,10.00201017076252,-5.6889135247773055,-0.7098906057220573,28.902915662743606,-0.9146337812152616,1.5282119895113635,0.12325284432067064,0.8660254037844386,0.5000000000000001,1.1888967609536838,9.103679420906708,7.50246942716402,2.220618684338861,-1.328488281627295,-0.00696913465637472,0.0,48.54651162790698
Sorghum,2022-03-01,164.53402949998116,6.468885603438035,-10.696864122253302,4.822944379647387,-2.66405393235406,-0.3442099044393975,27.606398532622585,-0.9203662487835551,-5.186824391760778,0.2872969808804561,1.0,6.123233995736766e-17,1.3933249480362786,9.166924062699433,7.496358549513211,5.204733227647633,1.2641523757904016,-0.085193275086625,0.0,43.604651162790695
Sorghum,2022-04-01,164.597515999466,3.04270004291316,-7.5553259353400515,2.69686959092017,-2.8335478620822974,-0.3727381536518069,25.80876851850064,-0.9292411225596418,-5.08502635041156,0.2891215064209917,0.8660254037844387,-0.4999999999999998,0.05568685628540848,8.796889510028816,7.540109984204614,5.95375282331244,-2.91105278039928,-0.05643640246637738,0.0,42.73255813953489
Sorghum,2022-05-01,157.71904272491142,-0.696913465637472,0.18899956016653618,0.6218647715090508,-6.938724301480681,-0.9192051827306829,25.50592923316435,-0.9176506386196266,2.8016313720276536,0.09144246802458948,0.49999999999999994,-0.8660254037844387,-0.13083196751972892,1.0858965930091058,1.186672234428615,9.94383118382868,-10.640744649466152,-0.09339898116163481,0.0,43.6046511627907
Sorghum,2022-06-01,150.5168366636784,-8.5193275086625,-2.601547455942066,-16.06390500275564,-9.912330485554655,-1.2301175612795403,25.252090019580294,-0.905802357935741,12.358243870388772,0.0,1.2246467991473532e-16,-1.0,-0.17333057934475482,1.032544434438254,1.1901333945498294,3.781507519767413,-12.300835028429912,-0.038683669483343675,0.0,44.18604651162791
Sorghum,2022-07-01,155.30822434155414,-5.643640246637737,-2.7726592479308976,-17.971021716406444,-5.43982925837766,-0.7549573244633883,24.275625321567873,-0.9010596823630657,-7.161818941979064,0.13726244634016488,-0.4999999999999997,-0.8660254037844388,0.21318582101956807,0.9512947021877993,1.1898856370316293,3.7643835409428354,-9.408023787580573,-0.13776831446826643,0.0,32.848837209302324
Sorghum,2022-08-01,142.98824482461634,-9.33989811616348,-9.971720574152588,-22.885627765904704,-11.02520956413986,-1.574117935123353,25.527480541355043,-0.8752544990391122,-12.445621763273916,0.0,-0.8660254037844384,-0.5000000000000004,0.9945314787629611,1.9195720894348511,1.4703835032371046,-2.9376237083869103,-6.40227440777657,-0.0714119078449914,0.0,23.837209302325583
Sorghum,2022-09-01,144.69429310250223,-3.8683669483343675,-12.058135607431408,-21.465157348080734,-8.078556123118164,-1.357135525045406,24.100815072787587,-0.8753885648672579,-14.488904490117932,0.048658721563261696,-1.0,-1.8369701987210297e-16,3.229403529992503,4.164123499058325,2.481113019874577,-1.604914753388345,-2.2634521949460225,-0.1003947069628498,0.0,26.45348837209302
Sorghum,2022-10-01,133.91167205095883,-13.776831446826643,-18.642956889219843,-24.789746667594404,-12.893142499381305,-2.1560206841435607,25.018248044252086,-0.8544041459219649,-8.2263887435259,0.0,-0.8660254037844386,0.5000000000000001,4.7961022923614705,6.073868316482289,2.6567049917708774,-4.675353675669933,-9.10147777115671,-0.05870970771276718,0.0,22.96511627906977
Sorghum,2022-11-01,132.77718146228378,-7.141190784499141,-15.814108957109541,-15.654997993316188,-12.46169287213592,-1.7356426452235216,23.607534976591175,-0.8535429514319794,-3.413172394853425,0.0,-0.5000000000000004,0.8660254037844384,5.325750428990217,7.497091470632067,2.78760025737139,-2.9061745001361134,-4.235016284363027,-0.1360777080325608,0.0,29.651162790697676
Sorghum,2022-12-01,130.1677519472798,-10.03947069628498,-13.519474078416549,-15.76930600041483,-13.017471853538943,-1.562565077860578,22.422045936170562,-0.8482592624615783,1.0877916625041069,0.0,-2.4492935982947064e-16,1.0,3.9346823818370957,8.597507560620654,2.6632961810215265,-2.4649080413629525,-7.574562654922027,-0.1103104224630862,0.0,32.26744186046511
Sorghum,2023-01-01,126.0497569255191,-5.870970771276718,-18.838968470652105,-21.089287317066695,-14.158943166264004,-1.5155432916383749,21.57704870994149,-0.8396419146457319,8.096890292457651,0.0,0.49999999999999994,0.8660254037844387,3.978702876193929,9.258735989450884,2.8033053767643006,-1.6953383519935816,-4.175632419283136,0.09934338283951405,0.0,39.24418604651163
Sorghum,2023-02-01,114.70916692987278,-13.60777080325608,-19.777204713177333,-27.776797695953736,-19.87595677629169,-1.784547435842096,22.870265256982485,-0.8224486966777214,7.030776617464267,0.0,0.8660254037844386,0.5000000000000001,4.276996247750131,10.777705486879196,2.9392118783244046,-11.249474576294867,-2.3582962269612135,0.26635640043280806,1.0,33.43023255813954
Sorghum,2023-03-01,115.80889223890516,-11.031042246308619,-19.963054688780634,-29.614018090453186,-16.746569434057857,-1.4370280436542417,21.81450568589564,-0.816154301873862,0.49300698205204674,0.022043730240467276,1.0,6.123233995736766e-17,3.3530618654492805,10.696487397948772,2.962368815037195,-9.163933886631282,-1.8671083596773368,0.4135327516872638,1.0,29.069767441860463
Sorghum,2023-04-01,138.57196618459864,9.934338283951405,3.4801254157041495,-15.811629754456192,1.1952464435526888,0.11614144984387788,25.792047928545614,-0.778317439043196,-2.478959478905039,0.554821394240774,0.8660254037844387,-0.4999999999999998,1.6954022988505901,11.049271263016891,2.8376391944129264,-4.001799809048183,13.936138092999588,0.40391826162609146,1.0,47.383720930232556
Sorghum,2023-05-01,145.2626877299598,26.635640043280805,9.403352390954778,-7.897812958881323,6.89157928733235,0.7303068474875097,25.764599446462558,-0.7685205669226889,2.9023853937988995,0.7525672453492974,0.49999999999999994,-0.8660254037844387,-0.048829743127820624,10.868664673201867,2.885443336832333,9.40992791420369,17.225712129077117,0.7173146461835676,1.0,57.848837209302324
Sorghum,2023-06-01,163.69966211631342,41.35327516872638,25.760535668323303,8.758372647766532,19.492475016403187,1.825528646163765,28.759031583063948,-0.48892047151889173,9.063977593522745,1.0,1.2246467991473532e-16,-1.0,32.73078438042718,47.18342989661743,27.519688422728052,19.43213907945068,21.9211360892757,0.3978294850624393,1.0,71.22093023255815
Sorghum,2023-07-01,194.54371387599124,40.39182616260915,54.338825096619736,25.262982498692633,38.696850389546825,2.495982262250822,32.37499776194131,-0.2747193230655469,-10.78329041364168,1.0,-0.4999999999999997,-0.8660254037844388,68.5115553431721,86.73276642136013,34.04221455635608,24.918306306119025,15.473519856490125,0.0937204506967495,0.0,57.84883720930233
Sorghum,2023-08-01,249.46174118264997,71.73146461835675,117.4732393751564,74.46311162755354,67.26883469851388,2.616349182694722,36.79652066844711,-0.1536763615723018,-18.675973791882328,1.0,-0.8660254037844384,-0.5000000000000004,65.04250761398626,81.17854665553948,34.58308152360877,33.84654449059806,37.88492012775869,-0.10764525874358533,0.0,58.43023255813954
Sorghum,2023-09-01,228.82421440094168,39.78294850624393,97.58777584099008,58.14322009150794,46.54219027543351,1.6282557876178638,37.304434873620714,-0.12293156835535513,-19.122021979498186,0.846848738169594,-1.0,-1.8369701987210297e-16,25.806739397744806,79.37396493132032,34.685008735801546,15.73383557685513,24.049112929388805,-0.17272823768450762,0.0,54.94186046511628
Sorghum,2023-10-01,212.77643842066863,9.37204506967495,53.54941138470859,58.893123475971954,30.76143248637142,1.0692231536805317,37.31639608258175,-0.10921752558008535,-12.337838332607891,0.7277580560860767,-0.8660254037844386,0.5000000000000001,-1.0980255497307412,76.23021171255522,34.913816941694144,1.4246848835787616,7.947360186096189,0.01968116860099678,0.0,50.872093023255815
Sorghum,2023-11-01,222.6083675064183,-10.764525874358533,53.245386675098885,67.65559040703965,30.78682329711553,1.0752499911017712,61.14119316878895,0.34423713078529516,-9.696772674007773,0.8007208854811302,-0.5000000000000004,0.8660254037844384,11.070831643002045,91.06108212794955,35.02471982079529,-3.004483047059265,-7.760042827299268,-0.005280308393004751,0.0,54.651162790697676
Sorghum,2023-12-01,189.2998111079251,-17.272823768450763,15.638486152416142,45.4275796240184,8.088122702570644,0.29956537639810094,54.93204710359727,-17.936074877280106,-4.251370132188006,0.5535378050598914,-2.4492935982947064e-16,1.0,2.7502907833943713,77.32990213942648,36.828365707479,-4.83153008098018,-12.441293687470584,0.2526327025956925,1.0,45.93023255813954
Sorghum,2024-01-01,216.96412737954543,1.968116860099678,11.524614728927052,72.12578006615773,18.747227702758696,0.7451041083610048,57.765949397517716,-7.104781433193551,0.6795400846608386,0.7588349314786111,0.49999999999999994,0.8660254037844387,12.892938711554326,91.33866782006919,36.89703621741637,13.76917713911463,-11.801060279014951,0.06851343882653649,0.0,68.6046511627907
Sorghum,2024-02-01,221.43292667512105,-0.5280308393004751,-11.235716697337928,93.03856230644027,15.56767916219901,0.7144702284992699,59.61141453181406,-0.2885022396678636,0.755595923593285,0.790286441860088,0.8660254037844386,0.5000000000000001,79.74478374797451,229.33661426293006,62.26024410930895,11.890384592054817,-12.418415431355292,0.16169066720734815,1.0,65.69767441860465
Sorghum,2024-03-01,237.1231339889743,25.263270259569246,3.6267663410356477,104.75382278919207,17.554089722799503,0.9829905517330678,53.912508781425444,-0.819169756799802,-3.9629823411665135,0.8887308843949544,1.0,6.123233995736766e-17,104.06518823920798,250.12857101062426,61.4865962049102,29.07094629326633,-3.807676033697085,0.29694037695352127,1.0,67.73255813953489
Sorghum,2024-04-01,231.8290858483168,6.851343882653649,8.954303196851242,67.29869123707581,10.665938275818899,0.7242809709602385,51.46257172616024,-7.419503139447322,-4.607606460692527,0.8307791217859863,0.8660254037844387,-0.4999999999999998,33.330934351401886,150.86053824766356,75.18959052025758,9.335142176641252,-2.4837982939876033,0.43335474379312133,1.0,58.72093023255814
Sorghum,2024-05-01,257.2365643308972,16.169066720734815,15.55565822272178,77.08371526836568,17.55804031399255,1.463657758704864,48.204361926631826,-11.546805806574852,1.4226728225568124,1.0,0.49999999999999994,-0.8660254037844387,0.47195335138681127,231.05258157648962,77.20054878561815,14.8025547753594,1.3665119453754144,0.28048597360639715,1.0,67.44186046511629
Sorghum,2024-06-01,307.5345667800607,29.694037695352126,62.458992948876556,87.86512006454133,33.2455436339643,2.4616071305652185,50.18556362661959,-4.651226871855762,6.211009522299601,1.0,1.2246467991473532e-16,-1.0,-7.320037553101166,144.47910079280862,75.26876049436305,16.407644128882712,13.286393566469414,0.016949996362445763,0.0,80.23255813953489
Sorghum,2024-07-01,332.29331994990764,43.33547437931213,53.155880634871735,70.80650581273609,37.15145406576337,2.21944131537758,39.04049639738443,-0.02969400364325736,-11.547916103023137,1.0,-0.4999999999999997,-0.8660254037844388,38.74183367365218,106.54281542865394,73.11991054204762,24.225759066992293,19.10971531231984,-0.1431324780286709,0.0,59.59302325581396
Sorghum,2024-08-01,329.3878125244135,28.048597360639715,48.75286050284664,32.03941051756052,32.31480034433021,1.684202051883999,55.41967117105123,5.87665068109321,-18.198517052479602,0.9796808439136568,-0.8660254037844384,-0.5000000000000004,4.624096601555228,109.8615549156726,72.94420688152344,18.760190414261306,9.288406946378409,-0.14822180077812996,0.0,63.66279069767442
Sorghum,2024-09-01,312.7472765683091,1.6949996362445763,31.892351162519272,36.675778560882065,22.197397333594914,1.122521580717428,50.87433772828152,0.6392854212854999,-18.071928575560513,0.8633081771341224,-1.0,-1.8369701987210297e-16,8.979941010482761,111.77973541196282,72.8818228452473,6.097271513666653,-4.402271877422077,-0.2167528887934993,0.0,53.779069767441854
Sorghum,2024-10-01,284.73135363310337,-14.31324780286709,22.819512741986102,33.8171442977989,8.7041521907814,0.4626706546112416,48.00346259797123,-9.612705363423679,-10.25300295182277,0.6673837385907954,-0.8660254037844386,0.5000000000000001,2.1805092619002764,113.38957267732357,72.81239067675358,-4.2206053691793795,-10.092642433687711,-0.2626040420984327,0.0,38.95348837209303
Sorghum,2024-11-01,280.56535779767586,-14.822180077812996,9.069003672732002,26.035405110990073,5.17436540899463,0.28820930769017256,48.22425956023304,-6.366481892378353,-9.596101712569265,0.6382495781022154,-0.5000000000000004,0.8660254037844384,4.64415134325038,97.71873487281233,72.84364475451608,-6.801588728813651,-8.020591348999346,-0.28803826780123587,0.0,38.08139534883721
Sorghum,2024-12-01,244.9584009098286,-21.675288879349928,-20.347685310765286,29.40234830460078,-9.742776127769503,-0.6288553042423984,45.763935904867814,-4.8534200641133936,-2.3501407711088707,0.24273362976337415,-2.4492935982947064e-16,1.0,-5.292247493274638,95.20317280286889,73.09014835260193,-4.885551090024145,-16.789737789325784,-0.30502419268504966,0.0,35.174418604651166
Sorghum,2025-01-01,209.95974925689217,-26.26040420984327,-36.814935284120956,-3.228357704681839,-22.47161852093351,-1.4181845636573878,48.99511978884655,1.9425091135905674,3.867451396986625,0.0,0.49999999999999994,0.8660254037844387,-4.879783242381808,79.79567755556285,73.10794064157763,-1.9279987879445255,-24.332405421898745,-0.22544315283616534,0.0,37.20930232558139
Sorghum,2025-02-01,199.75179813259933,-28.803826780123586,-39.35665178328534,-9.791284822934909,-25.745550009953554,-1.5203137837963079,52.93963814435635,5.940746487851989,4.973529483429861,0.0,0.8660254037844386,0.5000000000000001,-9.433962264150942,-0.37762415023496754,47.3329713478189,-5.125526890567311,-23.678299889556275,-0.1566589756430129,0.0,39.825581395348834
Sorghum,2025-03-01,170.2401624308874,-30.502419268504966,-45.56622065621595,-28.206008596865463,-35.37710231745497,-1.7500867879700759,48.272290278809045,5.083829005541958,3.487738040920381,0.0,1.0,6.123233995736766e-17,0.630509218612807,-3.7396096329016637,46.972440828804075,-12.6909390574261,-17.811480211078866,-0.04750521720352574,0.0,33.13953488372093
Sorghum,2025-04-01,162.62576141572768,-22.544315283616534,-42.884491173640626,-29.851010359359343,-36.88587120387403,-1.576937305174583,52.57518438871813,5.310711806023477,4.734111650983516,0.0,0.8660254037844387,-0.4999999999999998,3.2040444362523957,39.16981221316487,30.12457607168511,-17.035662904870456,-5.508652378746078,-0.0939545614647489,0.0,38.66279069767442
Sorghum,2025-05-01,168.4588860542964,-15.66589756430129,-39.95734634645194,-34.51207588140591,-32.68946506641504,-1.2481533413152284,48.67278029935162,-2.661510710515394,10.508352705564286,0.034379728741093636,0.49999999999999994,-0.8660254037844387,6.128640776699035,5.2312310770364245,12.815862027510633,-12.213242879306335,-3.452654684994954,-0.2361814391584105,0.0,44.18604651162791
Sorghum,2025-06-01,162.1528665378446,-4.750521720352574,-33.803916936274206,-47.27328760613393,-31.913189566803414,-1.1274845646526879,45.750874858833555,-2.0895717224525043,14.995909040457079,0.0,1.2246467991473532e-16,-1.0,-0.43429389641137517,3.412145232563435,13.284586127898198,-7.67486762993107,2.924345909578496,-0.24276017817291584,0.0,50.0
Sorghum,2025-07-01,147.3463293190421,-9.39545614647489,-29.821630174096192,-55.657751608953745,-33.84941767281047,-1.159417374409739,41.897367314598924,-8.467139977970767,-0.5384022039909517,0.0,-0.4999999999999997,-0.8660254037844388,-4.711067908176125,-4.417129036903111,11.104763191420927,-5.452002449249907,-3.9434536972249834,-0.25,0.0,34.01162790697674
Sorghum,2025-08-01,128.67202390697,-23.61814391584105,-35.58404724769743,-60.93600946530676,-37.54315741211447,-1.2725223217851918,41.69928252777828,-3.866334628522381,-5.8546035231072935,0.0,-0.8660254037844384,-0.5000000000000004,-4.317235341249637,-3.761987487068219,11.119400555009692,-12.151850160924111,-11.466293754916938,-0.20476851653044392,0.0,21.22093023255814
Sorghum,2025-09-01,122.7886077658684,-24.276017817291585,-27.873302038397064,-60.73871238362347,-35.43816603265812,-1.2274351642991022,44.54999070351868,1.6445295290910096,-6.640763229798498,0.0,-1.0,-1.8369701987210297e-16,-2.8305056451612742,-7.794904555593685,10.93088728003553,-10.292039034036883,-13.983978783254702,-0.20000000000000007,0.0,22.093023255813954
Sorghum,2025-10-01,110.50974698928157,-25.0,-32.04659210985618,-61.18806531869292,-37.09211166061902,-1.2904097577256055,40.949798868410724,1.3308093963496077,-0.353008309927207,0.0,-0.8660254037844386,0.5000000000000001,-4.167338702174151,-10.355106222829303,10.951540498008661,-13.024956541096127,-11.975043458903873,-0.2314777777777779,0.0,24.41860465116279
Sorghum,2025-11-01,102.32404445256994,-20.476851653044392,-39.25874327603614,-63.529337600417904,-36.37185569381627,-1.3794937357157593,40.79967271215995,1.4306900454043472,-0.9009694923022842,0.0,-0.5000000000000004,0.8660254037844384,-5.902630054564206,-13.461538461538481,10.519440797727748,-12.313946755402167,-8.162904897642225,-0.11828976342047293,0.0,25.872093023255815
Sorghum,2025-12-01,98.23088621269471,-20.000000000000007,-39.42081425383327,-59.89895188413874,-33.890611399750846,-1.37199545504572,39.58615232362234,-2.5595252760772453,4.461654804015455,0.0,-2.4492935982947064e-16,1.0,-3.187279717951652,-5.7455606582472285,7.683818341175576,-14.931899861516452,-5.068100138483555,0.0,0.0,32.848837209302324
Sorghum,2026-01-01,84.92919633341819,-23.14777777777779,-42.360833333333346,-59.549772452097606,-38.53246529148888,-1.503002375909085,37.613793131474516,-1.8867951172356001,10.349377804439849,0.0,0.49999999999999994,0.8660254037844387,-2.9346086956521744,-8.521900080501332,7.642060519513902,-13.694103882427852,-9.453673895349938,0.4204750820477974,1.0,32.55813953488372
Sorghum,2026-02-01,90.22015744204948,-11.828976342047293,-29.883626057456947,-54.83386968954367,-30.084415887733584,-1.2107439687513224,41.22855410294626,1.4142895497319259,9.938586049964732,0.06201970685206262,0.8660254037844386,0.5000000000000001,-6.289578642135785,-10.456989207329281,8.572120040738,-4.125260284420374,-7.703716057626918,0.1804398715226736,1.0,41.56976744186046
Sorghum,2026-03-01,98.23088621269471,0.0,-20.000000000000007,-42.29864163071765,-20.16396186614635,-0.8175936908692693,39.86371136569047,1.258368541410043,7.478659972367628,0.1592450531508651,1.0,6.123233995736766e-17,-5.458133226362072,-11.448419408139742,8.12723069675508,7.334900737167841,-7.334900737167841,0.20703125000000022,1.0,47.96511627906976
Sorghum,2026-04-01,120.6398071299657,42.04750820477974,9.166666666666657,-25.817529719926323,0.918383801016498,0.03967905033715085,41.44098791351976,3.28829039832695,6.102462240550789,0.42751997422566335,0.8660254037844387,-0.4999999999999998,-5.521958545060846,-16.256462974647167,6.499089148153007,17.889851310661033,24.157656894118706,,0.0,66.56976744186048
Sorghum,2026-05-01,106.49947105964829,18.04398715226736,4.080591838816328,-36.7801405113636,-6.888694937060524,-0.3408432126492304,51.183550682033925,9.799190643565332,11.431883802072875,0.27932206108734914,0.49999999999999994,-0.8660254037844387,1.3517681102616974,-14.48733914487339,7.2413202227106,9.570289099333648,8.473698052933711,,0.0,68.02325581395348
Sorghum,2026-06-01,118.56774937391668,20.70312500000002,20.70312500000002,-26.879029704822177,7.062226367659297,0.4413034780141724,48.91446767219023,9.094453792497625,13.295385698387728,0.5389314028288711,1.2246467991473532e-16,-1.0,-1.049328214847045,-11.995417598049174,6.741836681440169,11.110337658763628,9.592787341236393,,0.0,72.96511627906976
Vegetable oil,2018-12-01,529.5307905697446,-14.765883646768952,-21.662949203381377,-38.563475908339996,-24.47396035128503,-1.4154871789245398,44.55840195690938,-7.3292415319059145,0.0,0.0,-2.4492935982947064e-16,1.0,0.21783743890895213,-2.738739927315126,5.6230405662376075,-9.515402082736573,-5.250481564032379,-0.10986433718613164,0.0,29.945054945054945
Vegetable oil,2019-01-01,524.7729392120361,-3.9298161772616913,-26.362676839482567,-37.333215935544416,-22.264042630330916,-1.2233521422117213,48.746677140468364,1.6523901901662583,0.0,0.0,0.49999999999999994,0.8660254037844387,0.7819502152876412,0.47397449155464066,4.783917091017496,-10.25957789071661,6.329761713454919,-0.08254591023811009,0.0,42.30769230769231
Vegetable oil,2019-02-01,520.0998253829425,-9.095186769497122,-17.064140280482356,-37.30095447258081,-19.896676740350237,-1.0771727511135925,43.903527617449136,-13.120738489309268,0.0,0.0,0.8660254037844386,0.5000000000000001,0.02507858383955508,0.10108132515367352,4.798759775636695,-9.031489927460784,-0.06369684203633774,-0.054175678097219904,0.0,31.318681318681318
Vegetable oil,2019-03-01,471.3542412441513,-10.986433718613164,-24.13007334556231,-41.14222167009577,-24.1987841457729,-1.256087530982292,39.751288323398924,-5.417241417652178,0.0,0.0,1.0,6.123233995736766e-17,0.023634637485647758,0.06570359069988374,4.798161843619375,-5.800105641197982,-5.186328077415181,0.06432335632079389,0.0,26.923076923076923
Vegetable oil,2019-04-01,481.4550792764502,-8.25459102381101,-11.860016947652186,-40.866755999856444,-18.960837916525485,-1.0308934156304015,46.7016909421664,1.3207156762326733,0.0,0.026914692410398476,0.8660254037844387,-0.4999999999999998,-0.25775280898874264,0.30000000000001137,4.791958492891877,-1.766975641060807,-6.487615382750203,0.0342179076226472,0.0,36.81318681318682
Vegetable oil,2019-05-01,491.923064664576,-5.417567809721991,-14.02001666856073,-41.89737062572137,-12.863271249498553,-0.9269010885354695,42.9510575521825,1.1356149079192406,-20.77742883157193,0.08524485572546678,0.49999999999999994,-0.8660254037844387,0.06617660554422145,0.2148618893462073,4.791804782490723,-2.0679354436102373,-3.3496323661117535,-0.12746965739914218,0.0,23.076923076923073
Vegetable oil,2019-06-01,501.67332805701625,6.432335632079389,-5.260782377310925,-25.784090966594995,-8.789536683443998,-0.6744071407952755,39.75073113107643,0.9032205975453067,12.695247938316598,0.12565357425958265,1.2246467991473532e-16,-1.0,0.01476408422196318,-2.8538298009405327,3.4013119425555476,-3.724469846017529,10.156805478096917,-0.04969581162169534,0.0,57.417582417582416
Vegetable oil,2019-07-01,497.92946470358606,3.4217907622647203,-5.115255094661785,-30.129413764023493,-6.426101343525136,-0.6665801672834717,36.27639998912702,-8.325610334879379,5.5037438638170855,0.17062013146106927,-0.4999999999999997,-0.8660254037844388,-0.0027090533712192943,0.39583492046566526,0.7015440048429618,-5.8648051075840035,9.286595869848725,-0.11496121609019605,0.0,51.64835164835165
Vegetable oil,2019-08-01,429.2178001450464,-12.746965739914218,-17.47395803699432,-31.556317605491348,-16.759086937891798,-1.7361800154720055,39.56930536089398,-2.985448264719224,6.893719202302382,0.0,-0.8660254037844384,-0.5000000000000004,-0.02108910768262584,0.29230406060325453,0.7029065931552817,-10.736803362786471,-2.010162377127747,0.1110300107127784,1.0,35.71428571428571
Vegetable oil,2019-09-01,476.7422648502658,-4.9695811621695345,1.1430943300505092,-23.262808515761936,-5.331184877423323,-0.7069355804580171,57.34060104306955,17.033353959449556,4.98066338612767,0.3325274329778418,-1.0,-1.8369701987210297e-16,-0.03764705882353114,0.21857974743884068,0.7016236519659728,-6.2354704574365565,1.265889295267022,-0.010187855856176542,0.0,60.43956043956044
Vegetable oil,2019-10-01,440.6868879141215,-11.496121609019605,-8.467704073991033,-19.323449883390843,-10.935196789506751,-1.3733401683808386,51.249413294548866,14.068694836637746,1.5793974157547774,0.08024890628656041,-0.8660254037844386,0.5000000000000001,-0.015498265568492098,0.5038799354377232,0.630906585895665,-5.683987419440127,-5.812134189579478,0.08126657059253728,0.0,42.307692307692314
Vegetable oil,2019-11-01,476.8738570932661,11.103001071277841,-3.0592604112944732,-16.650368260257043,-2.050118744471008,-0.3206695462536954,43.87876240577233,8.325321900280748,2.704809106123773,0.4750736344959592,-0.5000000000000004,0.8660254037844384,0.34254483873450425,0.41294860939227185,0.5764128265743904,8.429833799093416,2.6731672721844255,0.10624339654853454,1.0,60.714285714285715
Vegetable oil,2019-12-01,471.8852833754242,-1.0187855856176542,-5.937737371241425,-10.886148307315068,-2.108881157088549,-0.3597673348279656,46.23469999354307,-8.676073315905597,4.454929044976252,0.44652211955304044,-2.4492935982947064e-16,1.0,0.0,0.0007406950188304506,0.6883625196415979,0.2936812863157331,-1.3124668719333874,0.38480618438484004,1.0,59.34065934065934
Vegetable oil,2020-01-01,476.5,8.126657059253727,-4.303714928045654,-9.198824025590868,-0.31973511333516225,-0.06149848968810969,39.81446166689707,-13.72546225094365,5.111016001707114,0.5202590911809676,0.49999999999999994,0.8660254037844387,-0.013987366277767865,-0.2898615526250703,0.6081246423592884,-0.3214706089457841,8.448127668199511,0.35762491535421526,1.0,63.18681318681318
Vegetable oil,2020-02-01,527.5385553960551,10.624339654853454,22.906961271825878,1.4302504346421552,10.214229231132176,1.8759774823778976,37.97642919990134,-9.044504934388485,4.9132275306800555,1.0,0.8660254037844386,0.5000000000000001,-0.33121917405805057,0.05526922578222848,0.5031296740553997,-6.225394149861218,16.849733804714674,-0.029823081590539147,0.0,68.4065934065934
Vegetable oil,2020-03-01,653.4696587384801,38.480618438484,37.069797858958545,38.63663494649601,32.32829102940853,2.821490788336089,45.78830643144497,1.9361462684442472,-11.229132975824548,1.0,1.0,6.123233995736766e-17,0.03913650131022184,0.016239010694207856,0.4996330271715269,12.455535479070537,26.025082959413464,-0.22449660913319436,0.0,65.93406593406593
Vegetable oil,2020-04-01,646.9082721662836,35.762491535421525,46.79544363760362,34.36523987626905,27.44139242978443,1.9485039239648256,71.07455751460247,28.35054284157875,-21.013285809580566,0.9707409935714636,0.8660254037844387,-0.4999999999999998,17.68406725103715,17.646182727158234,16.258083848537417,19.306692409727898,16.455799125693627,-0.18497053986432765,0.0,72.25274725274726
Vegetable oil,2020-05-01,511.8057300163234,-2.9823081590539147,7.325180947427246,4.0418241753524375,0.49806098361719897,0.03556357595567628,49.50111571899658,10.632986023039358,-21.223482444766514,0.36828203070106136,0.49999999999999994,-0.8660254037844387,17.675280332968658,17.662453531598498,16.256820863859744,15.604335684281526,-18.58664384333544,0.021265665056977134,0.0,41.48351648351648
Vegetable oil,2020-06-01,506.7679361802657,-22.449660913319434,7.392189168376628,1.0155230183316544,-0.574045236917331,-0.04104299457514954,73.6659055689413,24.788622403885334,5.080374345081425,0.345817138469371,1.2246467991473532e-16,-1.0,17.647459357305717,17.649194314677153,16.25784046145075,6.610664591936004,-29.060325505255438,0.011826761023329357,0.0,59.06593406593407
Vegetable oil,2020-07-01,527.2492998209867,-18.497053986432764,10.650430182788394,5.888351101065004,2.9508055875807626,0.21180171365510783,61.91408861903286,-14.115926203152291,-2.3161891965047112,0.43714910677137536,-0.4999999999999997,-0.8660254037844388,5.694697125622605,24.349145198036503,16.69139420624582,12.553026676220936,-31.0500806626537,-0.2685024142916178,0.0,48.07692307692308
Vegetable oil,2020-08-01,522.6896192450922,2.1265665056977134,-0.9191624197633308,21.777246672542173,0.5314544382773345,0.04161016710730161,52.44277227451493,-5.894950925635435,0.30559897511982603,0.38538238323186336,-0.8660254037844384,-0.5000000000000004,5.463752066381011,24.11741352277652,16.714942848529176,19.805492309673824,-17.67892580397611,0.03490241429204044,0.0,63.18681318681319
Vegetable oil,2020-09-01,512.7613594557555,1.1826761023329357,-21.532491585663106,7.555255168492869,-1.944183153980561,-0.15622410077217438,45.587080806028986,-37.04865824533311,-0.7027072483937462,0.33872324936086023,-1.0,-1.8369701987210297e-16,5.74839138030514,24.4589856071832,16.68480397874494,13.010755200064583,-11.828079097731647,0.14392180440775304,1.0,53.02197802197802
Vegetable oil,2020-10-01,385.68158988548674,-26.85024142916178,-40.38079176295495,-12.48171877520301,-25.59354523958417,-1.8205953854514536,52.630552286383974,-12.556783765007339,3.0758081090910667,0.0,-0.8660254037844386,0.5000000000000001,0.026002442798200853,24.400758973381585,16.69038554541653,-20.16561264271251,-6.68462878644927,0.5010306296732974,1.0,39.01098901098901
Vegetable oil,2020-11-01,540.9327488821333,3.490241429204044,5.691030240103201,13.433089450390788,3.294027260030852,0.23994198095291036,97.61185054625153,47.955880011277905,-1.7272355942390982,0.5797538316834953,-0.5000000000000004,0.8660254037844384,0.2730537712008374,24.031457445231563,16.72202559601739,-6.824460132422619,10.314701561626663,0.056466401507643704,0.0,67.3076923076923
Vegetable oil,2020-12-01,586.5588995392003,14.392180440775304,15.745069421785928,24.301163906513203,9.999324227073746,0.74052073047905,120.03605792773662,70.19788244035388,0.9712667079715223,0.7501353981681254,-2.4492935982947064e-16,1.0,0.000991776972414371,24.460219962742546,16.677327379716218,-4.1378914315107185,18.530071872286022,0.13065433422210204,1.0,82.69230769230771
Vegetable oil,2021-01-01,578.9198797192106,50.103062967329734,9.80002816803498,21.49420350875353,6.856415417394213,0.5252162162422566,73.91557641822465,22.02615261812548,4.424276675575567,0.721609034567575,0.49999999999999994,0.8660254037844387,0.027577673200762653,24.45247343145114,16.678068397869577,25.52430450377894,24.578758463550795,0.24592401562151545,1.0,88.18681318681318
Vegetable oil,2021-02-01,571.4772746691452,5.64664015076437,9.333962953868458,8.329006254358529,4.774551801304527,0.3664891578704417,52.7479619577982,-52.8475020133613,4.277476641742828,0.6938161419195045,0.8660254037844386,0.5000000000000001,-0.0148543893785269,24.4251532946538,16.680688695784095,7.47451711224219,-1.8278769614778199,0.15485960819393707,1.0,74.45054945054946
Vegetable oil,2021-03-01,663.1953620405434,13.065433422210205,29.33801461647938,1.4883175021222383,21.409725583514682,1.614336150954448,54.379578050098026,-71.52463033718345,-12.880672677355827,1.0,1.0,6.123233995736766e-17,-0.03910266492881398,24.362881419244786,16.68664419602845,20.961967775502334,-7.896534353292129,-0.01702217667957706,0.0,66.20879120879121
Vegetable oil,2021-04-01,721.2901812628836,24.592401562151544,87.01701096934464,11.498061208510958,30.56345559648679,2.0079934067514174,71.37960190337343,-1.186831403627707,-23.133510306410706,1.0,0.8660254037844387,-0.4999999999999998,-0.040651442883921085,5.708346602203429,5.547473399023885,22.62806284595644,1.9643387161951047,-0.07028000294538761,0.0,70.87912087912088
Vegetable oil,2021-05-01,659.976021516148,15.485960819393707,22.007037451517597,28.95049484793748,16.852999733725092,1.0773810962952737,59.63003494943911,5.845275874871518,-20.041304240072755,0.8173045585779211,0.49999999999999994,-0.8660254037844387,7.790444169656241,13.973321342925683,8.936438430752382,15.671770685743118,-0.18580986634941077,0.12047627273824602,1.0,65.93406593406593
Vegetable oil,2021-06-01,651.9063334148132,-1.7022176679577061,11.140813638144387,28.640011901407945,13.004252966476916,0.837199252474893,61.00136702818519,7.999863510558669,0.6601516186722414,0.7932596195964267,1.2246467991473532e-16,-1.0,7.863961073935166,14.020932315312496,8.930982484097918,4.4913892718618325,-6.193606939819539,0.11707276391864418,1.0,70.87912087912088
Vegetable oil,2021-07-01,670.597905199249,-7.028000294538761,15.836047213390625,27.18801246904119,13.886066635621663,0.889582999895547,52.75759348762129,-17.222236149242505,-7.974091214497714,0.8489541764840269,-0.4999999999999997,-0.8660254037844388,8.001417291195633,8.015364659002167,7.522291442305491,3.1094876792160386,-10.1374879737548,0.06964836042725642,0.0,52.19780219780219
Vegetable oil,2021-08-01,739.48747268503,12.047627273824602,29.399278932509375,41.4773596906427,21.84692583640353,1.3422367492010483,53.39142446713592,-7.65801647762769,-7.059441148049683,1.0,-0.8660254037844384,-0.5000000000000004,0.16842257307645436,8.250726819859588,7.498238893241577,8.209514894716149,3.8381123791084537,-0.04433280699909148,0.0,68.95604395604396
Vegetable oil,2021-09-01,728.2268096837546,11.707276391864418,9.805775396727757,42.02060983235827,16.543475591602363,1.0369056807212205,60.620077849370965,-1.0303248917190047,-6.589316303303806,0.9681727649292498,-1.0,-1.8369701987210297e-16,0.1259257865191099,7.958629517639437,7.518416047078869,1.9122055235364925,9.795070868327926,-0.04368721471302506,0.0,69.23076923076923
Vegetable oil,2021-10-01,717.3039498023294,6.964836042725642,-0.5526529494100263,85.9834559423241,9.933425168767007,0.9472018897885598,52.756699084235926,-0.026557523878281586,-0.11612340491910222,0.8882750183031559,-0.8660254037844386,0.5000000000000001,-0.26476479020859367,7.701373017457969,7.5451635942109,-6.830313402153392,13.795149444879033,-0.04306015529635554,0.0,71.7032967032967
Vegetable oil,2021-11-01,706.7039172802386,-4.433280699909147,7.080241439187995,30.645430275885555,6.063338989795564,0.672406843619512,49.71815656087052,-0.375079433225153,-3.463142630501408,0.8048716340320494,-0.5000000000000004,0.8660254037844384,-0.13910825992905496,7.8057733876128355,7.537522669592949,-11.230190313760888,6.79690961385174,0.026312066438185733,0.0,51.92307692307692
Vegetable oil,2021-12-01,696.4126086893192,-4.368721471302505,6.827096623125817,18.728504372948706,3.102259689913467,0.38112568573147404,47.52264042585686,-8.819126289106421,-0.26862553391486776,0.7436175630741284,-2.4492935982947064e-16,1.0,-0.30834652983442457,7.6246754331174005,7.554646948711459,-8.544865788494313,4.176144317191808,0.060836159063687,0.0,53.2967032967033
Vegetable oil,2022-01-01,686.4167303291518,-4.306015529635554,2.3589135914766635,18.568519474936608,0.29229530328587217,0.04366538620168782,45.49749183198646,-1.682359440120912,4.187601667195407,0.6841218986548634,0.49999999999999994,0.8660254037844387,0.9477469854029863,8.692134771746286,7.531817180757442,-1.8814561172202677,-2.424559412415286,0.4149560184797405,1.0,55.21978021978022
Vegetable oil,2022-02-01,725.2987577038423,2.6312066438185733,-1.918722832405717,26.91646542266295,4.025056136552818,0.9292357014727205,45.5000476834836,-0.33115439608637587,4.116840158086026,0.8379934869605796,0.8660254037844386,0.5000000000000001,1.1888967609536838,9.103679420906708,7.50246942716402,2.220618684338861,0.41058795947971216,0.36505237719594885,1.0,65.93406593406593
Vegetable oil,2022-03-01,738.7796769254999,6.0836159063687,1.4491182007331016,11.396990873457845,5.00989932191136,1.1617779042567073,47.0402508638045,2.381825480851745,-9.665791529662965,0.9919183997213566,1.0,6.123233995736766e-17,1.3933249480362786,9.166924062699433,7.496358549513211,5.204733227647633,0.8788826787210668,0.30849158640359464,1.0,53.57142857142857
Vegetable oil,2022-04-01,971.2494837644184,41.49560184797405,35.402779258648984,34.654471805492925,34.0831977929859,2.9648551314156415,50.82677965217754,0.24108287033480735,-22.213129540877972,1.0,0.8660254037844387,-0.4999999999999998,0.05568685628540848,8.796889510028816,7.540109984204614,5.95375282331244,35.54184902466161,-0.02877354859539938,0.0,68.13186813186813
Vegetable oil,2022-05-01,990.0707933808984,36.50523771959489,40.09697260363318,50.01617651296348,31.68090347346615,2.1609985016933337,96.22666990145692,41.77795474015652,-18.201418197157487,1.0,0.49999999999999994,-0.8660254037844387,-0.13083196751972892,1.0858965930091058,1.186672234428615,9.94383118382868,26.56140653576621,-0.07085493908389584,0.0,74.99999999999999
Vegetable oil,2022-06-01,966.6869914629824,30.849158640359462,38.80951886875399,48.28617884401989,24.236390935457706,1.5561629808550792,66.06048156341939,8.848211974863567,-1.5537331674447858,0.9268050504973675,1.2246467991473532e-16,-1.0,-0.17333057934475482,1.032544434438254,1.1901333945498294,3.781507519767413,27.06765112059205,-0.07256889393699284,0.0,80.49450549450549
Vegetable oil,2022-07-01,943.3031895450664,-2.877354859539938,37.424271272166095,40.66599108519298,17.790931321734483,1.142440219209727,55.810586792600986,1.6023693318811638,-8.166531942049717,0.845983935252458,-0.4999999999999997,-0.8660254037844388,0.21318582101956807,0.9512947021877993,1.1898856370316293,3.7643835409428354,-6.641738400482773,-0.07436782418554133,0.0,58.24175824175825
Vegetable oil,2022-08-01,919.9193876271504,-7.085493908389584,26.833167416340252,24.399590474059572,12.753961928664204,0.816187895321799,52.87973494154012,-48.73562790520799,-7.338113951779302,0.768975902878687,-0.8660254037844384,-0.5000000000000004,0.9945314787629611,1.9195720894348511,1.4703835032371046,-2.9376237083869103,-4.147870200002673,-0.076258209901084,0.0,52.197802197802204
Vegetable oil,2022-09-01,896.5355857092345,-7.256889393699284,21.35357992524245,23.112136739180333,8.030641311745423,0.527997703523698,50.99898295740172,-9.040573115514263,-6.870477036067264,0.6919678705049164,-1.0,-1.8369701987210297e-16,3.229403529992503,4.164123499058325,2.481113019874577,-1.604914753388345,-5.651974640310939,-0.0782472072184981,0.0,48.62637362637363
Vegetable oil,2022-10-01,873.1517837913185,-7.436782418554133,-10.100154657780392,21.72688914259244,3.5917886305479207,0.24913954318968762,49.297855795933636,-1.2703539844988754,-1.285371469288945,0.6149598381311453,-0.8660254037844386,0.5000000000000001,4.7961022923614705,6.073868316482289,2.6567049917708774,-4.675353675669933,-2.7614287428842,-0.08034273886396137,0.0,51.098901098901095
Vegetable oil,2022-11-01,849.7679818734025,-7.625820990108401,-14.170987816779157,20.2438476842959,-0.5886097108094845,-0.044248576195817305,47.65867007884333,-0.07740954234628106,-3.672945793236999,0.5379518057573743,-0.5000000000000004,0.8660254037844384,5.325750428990217,7.497091470632067,2.78760025737139,-2.9061745001361134,-4.719646489972288,-0.08255359962973885,0.0,41.208791208791204
Vegetable oil,2022-12-01,826.3841799554865,-7.824720721849809,-14.513778787398579,18.663012364290733,-4.533828701571984,-0.38129286838627374,46.05146758376259,0.098426084137472,-0.3194860293754007,0.4609437733836033,-2.4492935982947064e-16,1.0,3.9346823818370957,8.597507560620654,2.6632961810215265,-2.4649080413629525,-5.359812680486857,-0.08485784582504041,0.0,42.582417582417584
Vegetable oil,2023-01-01,803.0003780375705,-8.034273886396138,-14.873564837108288,16.98438318257689,-8.264769666625082,-0.8124950597744268,44.46523196994002,0.13135071700497747,5.702582965435743,0.2934661137269847,0.49999999999999994,0.8660254037844387,3.978702876193929,9.258735989450884,2.8033053767643006,-1.6953383519935816,-6.338935534402556,-0.07454118802818543,0.0,48.07692307692308
Vegetable oil,2023-02-01,779.6165761196545,-8.255359962973884,-15.251641980216812,7.489026809831034,-11.394336012668195,-1.225521860926756,42.914141413154866,0.14539827480501089,7.697170185395929,0.1625083280705736,0.8660254037844386,0.5000000000000001,4.276996247750131,10.777705486879196,2.9392118783244046,-11.249474576294867,2.994114613320983,-0.02987786825591554,0.0,43.4065934065934
Vegetable oil,2023-03-01,756.2589986205713,-8.485784582504042,-15.646516359715124,2.3659721891394314,-14.191046753991,-1.5795774909797822,41.38097389244113,0.1580804665594897,-1.6863663820106503,0.0,1.0,6.123233995736766e-17,3.3530618654492805,10.696487397948772,2.962368815037195,-9.163933886631282,0.6781493041272402,0.009257287831803795,0.0,26.64835164835165
Vegetable oil,2023-04-01,743.143775871568,-7.454118802818543,-14.889508368778891,-23.48579965352946,-13.820414345196285,-1.4372120385472402,39.6910431814797,0.17307683405190488,-12.082020331836578,0.0,0.8660254037844387,-0.4999999999999998,1.6954022988505901,11.049271263016891,2.8376391944129264,-4.001799809048183,-3.4523189937703602,0.05491618088861805,0.0,19.230769230769234
Vegetable oil,2023-05-01,756.3232947682235,-2.987786825591554,-10.996494231186539,-23.609170190191442,-10.265010180828382,-1.1169548394944626,38.320346525805064,-0.49055500077008674,-9.237517760331002,0.05895736473946334,0.49999999999999994,-0.8660254037844387,-0.048829743127820624,10.868664673201867,2.885443336832333,9.40992791420369,-12.397714739795244,0.04862345419232916,0.0,25.549450549450547
Vegetable oil,2023-06-01,763.2599058461936,0.9257287831803795,-7.638611149682594,-21.04373881238668,-7.583206220241367,-0.8976597052083777,37.6209315327404,-0.18853979968259438,2.719223281989658,0.10050054406853555,1.2246467991473532e-16,-1.0,32.73078438042718,47.18342989661743,27.519688422728052,19.43213907945068,-18.5064102962703,0.006197765151725543,0.0,46.978021978021985
Vegetable oil,2023-07-01,783.9543938935817,5.491618088861805,-2.371852450497558,-16.89263827554055,-3.5263292344668073,-0.4787913542059569,36.91069311203268,-0.7250227511852927,-3.8965796837547693,0.23086113303027483,-0.4999999999999997,-0.8660254037844388,68.5115553431721,86.73276642136013,34.04221455635608,24.918306306119025,-19.42668821725722,-0.022953291392706077,0.0,39.285714285714285
Vegetable oil,2023-08-01,793.0983458459776,4.862345419232916,1.7292820777907503,-13.786103813758753,-1.1150200394649312,-0.1807539363100304,36.875443739783506,0.8127897428268653,-3.820182114510373,0.32566647480902805,-0.8660254037844384,-0.5000000000000004,65.04250761398626,81.17854665553948,34.58308152360877,33.84654449059806,-28.984199071365147,-0.013135262418702554,0.0,40.934065934065934
Vegetable oil,2023-09-01,767.9904114923565,0.6197765151725543,1.5512427479452695,-14.337989062105994,-2.9493108897728715,-0.580515332706926,35.13636331342747,-0.11881138258370072,-3.5112624427077397,0.19111619367420454,-1.0,-1.8369701987210297e-16,25.806739397744806,79.37396493132032,34.685008735801546,15.73383557685513,-15.114059061682575,-0.08863294880184347,0.0,35.98901098901099
Vegetable oil,2023-10-01,765.96006025195,-2.2953291392706077,3.0702382393801075,-12.276413508992734,-2.1007845041554285,-0.5252703525463917,34.21487843076477,0.7473175489119441,0.8856604007590927,0.2139878479375452,-0.8660254037844386,0.5000000000000001,-1.0980255497307412,76.23021171255522,34.913816941694144,1.4246848835787616,-3.7200140228493694,0.07237863433329061,0.0,41.208791208791204
Vegetable oil,2023-11-01,782.6807909494518,-1.3135262418702554,3.484950994310654,-7.894765671924942,0.756284778731442,0.25460318599663373,32.58124012746229,-1.061670580686929,-1.9659529316362345,0.47497384849339125,-0.5000000000000004,0.8660254037844384,11.070831643002045,91.06108212794955,35.02471982079529,-3.004483047059265,1.6909568051890096,0.0037286128875539948,0.0,38.18681318681319
Vegetable oil,2023-12-01,699.9211566702478,-8.863294880184347,-8.298450985149664,-15.30317573262967,-8.658359883465494,-2.4636757671100424,35.445577186591905,0.3531169981963629,1.8034326111312162,0.0,-2.4492935982947064e-16,1.0,2.7502907833943713,77.32990213942648,36.828365707479,-4.83153008098018,-4.031764799204167,0.21805807069736804,1.0,32.417582417582416
Vegetable oil,2024-01-01,821.3992033668311,7.2378634333290615,4.776401505612626,2.291259858958594,6.980800599917436,1.8106174259502794,48.58283966836094,13.082216930312832,4.576543086062868,1.0,0.49999999999999994,0.8660254037844387,12.892938711554326,91.33866782006919,36.89703621741637,13.76917713911463,-6.531313705785569,-0.03153492227793031,0.0,75.27472527472528
Vegetable oil,2024-02-01,785.5991046334269,0.3728612887553995,-0.9455625839884241,0.7673680495031254,2.251725141255001,0.5792016895997381,64.20017316540641,29.028030848742006,6.6563107880942,0.7052957327934126,0.8660254037844386,0.5000000000000001,79.74478374797451,229.33661426293006,62.26024410930895,11.890384592054817,-11.517523303299416,0.04488294781985114,0.0,75.54945054945055
Vegetable oil,2024-03-01,852.5446137340323,21.805807069736804,11.009799207957593,12.731830667679645,9.818297281321641,1.9989698162000102,44.010833153643546,8.328580153371,-2.3404785473364487,1.0,1.0,6.123233995736766e-17,104.06518823920798,250.12857101062426,61.4865962049102,29.07094629326633,-7.265139223529527,-0.015408865698075314,0.0,62.637362637362635
Vegetable oil,2024-04-01,795.4964433295042,-3.153492227793031,3.856125744707728,7.044756231260418,1.89715280620395,0.4006559812756873,44.99667040237492,-2.9712217886069183,-10.09711169735568,0.6262162350267926,0.8660254037844387,-0.4999999999999998,33.330934351401886,150.86053824766356,75.18959052025758,9.335142176641252,-12.488634404434283,0.018710381253817854,0.0,40.10989010989011
Vegetable oil,2024-05-01,820.8591082540108,4.488294781985114,4.877891184507788,8.532834296154324,4.426547523285551,0.9208753646828183,41.89968352113726,-21.102474324752315,-7.599157370418164,0.792394261736717,0.49999999999999994,-0.8660254037844387,0.47195335138681127,231.05258157648962,77.20054878561815,14.8025547753594,-10.314259993374286,-0.009381644135756373,0.0,47.25274725274725
Vegetable oil,2024-06-01,839.4078682793871,-1.5408865698075314,19.92891774735357,9.97667529106896,5.9310986184940795,1.1767260798079786,37.21122891253088,-6.177040875451041,2.2641380040613015,0.9139270875698022,1.2246467991473532e-16,-1.0,-7.320037553101166,144.47910079280862,75.26876049436305,16.407644128882712,-17.94853069869024,0.060711616436971205,0.0,54.120879120879124
Vegetable oil,2024-07-01,810.3804850702554,1.8710381253817854,-1.341457144274194,3.370870982102181,1.9844942787009767,0.3926599052152681,34.861870362190636,-9.298966678098793,-3.3185568522186424,0.7237375599076123,-0.4999999999999997,-0.8660254037844388,38.74183367365218,106.54281542865394,73.11991054204762,24.225759066992293,-22.35472094161051,0.18966027206783398,1.0,42.032967032967036
Vegetable oil,2024-08-01,813.1581002147774,-0.9381644135756373,3.508022783988518,2.529289649116917,2.1192196304703925,0.41659675327744683,33.99163277922685,-6.320542008180972,-3.3587034270949014,0.7419366965145178,-0.8660254037844384,-0.5000000000000004,4.624096601555228,109.8615549156726,72.94420688152344,18.760190414261306,-19.698354827836944,0.3231963947780099,1.0,39.01098901098901
Vegetable oil,2024-09-01,890.369676812541,6.0711616436971205,4.436725359490579,15.93499912093661,10.401764274874514,1.7648687263214944,34.6500166690207,-2.831139297429644,-4.461740615188012,1.0,-1.0,-1.8369701987210297e-16,8.979941010482761,111.77973541196282,72.8818228452473,6.097271513666653,-0.026109869969532795,0.2489941119893193,1.0,47.527472527472526
Vegetable oil,2024-10-01,964.0774683471434,18.966027206783398,21.191926932074388,25.865240027009495,17.143112280604676,2.211350408495917,44.77862355292602,9.205499428418989,-1.1295785143813428,1.0,-0.8660254037844386,0.5000000000000001,2.1805092619002764,113.38957267732357,72.81239067675358,-4.2206053691793795,23.186632575962776,0.19499677223360257,1.0,68.68131868131869
Vegetable oil,2024-11-01,1075.967866588729,32.31963947780099,31.07826370804867,37.47211877826943,26.96808403806599,2.3971421582017225,44.161425625667924,8.388739613585763,-4.824043333608542,1.0,-0.5000000000000004,0.8660254037844384,4.64415134325038,97.71873487281233,72.84364475451608,-6.801588728813651,39.12122820661464,0.05725175214896483,0.0,65.65934065934066
Vegetable oil,2024-12-01,1112.0664838326968,24.89941119893193,32.48225634484503,58.88453624164729,26.116493085993355,2.0857400403150397,50.22215881249229,15.374666457596398,-0.967610839666906,1.0,-2.4492935982947064e-16,1.0,-5.292247493274638,95.20317280286889,73.09014835260193,-4.885551090024145,29.784962288956073,-0.05941444977643451,0.0,76.64835164835165
Vegetable oil,2025-01-01,1152.0694628579795,19.49967722336026,42.16401851756111,40.25694913457001,26.69389441034489,1.8259365104387706,39.44126850144658,-5.165754944488171,0.9527594059011084,1.0,0.49999999999999994,0.8660254037844387,-4.879783242381808,79.79567755556285,73.10794064157763,-1.9279987879445255,21.427676011304783,-0.15471904027885164,0.0,69.23076923076923
Vegetable oil,2025-02-01,1137.5689122069175,5.725175214896483,39.89517068162443,44.802725142835456,21.190230450117898,1.4037437751632829,36.55159756639091,-7.231015128247201,3.1419016784765774,0.959333573049814,0.8660254037844386,0.5000000000000001,-9.433962264150942,-0.37762415023496754,47.3329713478189,-5.125526890567311,10.850702105463794,-0.15771808755187722,0.0,64.83516483516483
Vegetable oil,2025-03-01,1045.993665580963,-5.941444977643451,17.47858140514673,22.69078341831865,9.552838872293412,0.6422646256488979,35.21493219767401,-15.251468805097183,-3.699615035389985,0.7025131138152599,1.0,6.123233995736766e-17,0.630509218612807,-3.7396096329016637,46.972440828804075,-12.6909390574261,6.749494079782648,-0.10703433004463592,0.0,37.91208791208791
Vegetable oil,2025-04-01,973.8223812300208,-15.471904027885163,1.0108018497294147,22.416937171226525,0.43080276039226817,0.03144020749896289,42.76556745499288,3.8143510913029886,-9.365445102797144,0.4783352896484255,0.8660254037844387,-0.4999999999999998,3.2040444362523957,39.16981221316487,30.12457607168511,-17.035662904870456,1.5637588769852933,-0.028918768197698008,0.0,27.472527472527474
Vegetable oil,2025-05-01,958.1537189151732,-15.771808755187722,-10.949597226084117,16.725721781072966,-2.3374723465745317,-0.18414312984884773,41.62473197376483,4.8233646199652185,-6.685743666260808,0.4324787846587272,0.49999999999999994,-0.8660254037844387,6.128640776699035,5.2312310770364245,12.815862027510633,-12.213242879306335,-3.5585658758813867,-0.03787345594736813,0.0,25.82417582417583
Vegetable oil,2025-06-01,934.0364343545716,-10.70343300446359,-16.008939399427913,11.273252211604067,-5.554820285749862,-0.46733739442417244,34.7615001649142,1.0155434450129093,1.8546650450562179,0.36189621943596334,1.2246467991473532e-16,-1.0,-0.43429389641137517,3.412145232563435,13.284586127898198,-7.67486762993107,-3.028565374532521,-0.02390808417278667,0.0,31.86813186813187
Vegetable oil,2025-07-01,945.6606375214996,-2.891876819769801,-17.91635244149552,16.69341191496192,-5.457137133074042,-0.5216224215654149,33.478936728740166,-7.800830372425729,-2.631304751025726,0.3909651664474222,-0.4999999999999997,-0.8660254037844388,-4.711067908176125,-4.417129036903111,11.104763191420927,-5.452002449249907,2.560125629480106,-0.035906353201842545,0.0,30.76923076923077
Vegetable oil,2025-08-01,921.8651262510324,-3.787345594736813,-18.961821445824622,13.36849820564321,-8.663313095725723,-0.9634090373949465,32.10596620653912,-7.396973696442927,-1.3747318023794908,0.12034954217739746,-0.8660254037844384,-0.5000000000000004,-4.317235341249637,-3.761987487068219,11.119400555009692,-12.151850160924111,8.364504566187298,-0.041366301703381736,0.0,29.120879120879117
Vegetable oil,2025-09-01,911.705412661573,-2.390808417278667,-12.838342844533756,2.3962783554593026,-9.82876320852598,-1.1242150949568634,31.295639322901927,-1.0791512115100375,-1.4515924152566193,0.0,-1.0,-1.8369701987210297e-16,-2.8305056451612742,-7.794904555593685,10.93088728003553,-10.292039034036883,7.901230616758216,0.0863636363636362,0.0,28.846153846153847
Vegetable oil,2025-10-01,911.705412661573,-3.5906353201842545,-6.378675389447186,-5.432349308542539,-9.437851584134993,-1.0311545030170064,29.658194528627597,-0.9002221557652561,2.152241522650743,0.0,-0.8660254037844386,0.5000000000000001,-4.167338702174151,-10.355106222829303,10.951540498008661,-13.024956541096127,9.434321220911873,-0.09090909090909083,0.0,34.065934065934066
Vegetable oil,2025-11-01,883.7309753087061,-4.136630170338174,-7.767307284548131,-17.86641564766194,-10.797157125813317,-1.1182972872758572,28.686829273025726,-0.6370902142219101,-0.7249874525590698,0.0,-0.5000000000000004,0.8660254037844384,-5.902630054564206,-13.461538461538481,10.519440797727748,-12.313946755402167,8.177316585063993,-0.009376805396117738,0.0,26.923076923076927
Vegetable oil,2025-12-01,990.443607391436,8.636363636363619,6.039076310319991,-10.936655155912256,1.007648533765182,0.11261400961216751,31.914972218973503,0.3320546637762334,1.296005414557207,0.39767918891297654,-2.4492935982947064e-16,1.0,-3.187279717951652,-5.7455606582472285,7.683818341175576,-14.931899861516452,23.56826349788007,-0.16317991631799156,0.0,51.64835164835165
Vegetable oil,2026-01-01,828.8231024196118,-9.090909090909083,-12.355123018349323,-28.057888075297043,-13.08717550609172,-1.5691718795737488,48.33377155050821,18.421993623063905,4.056375305474781,0.0,0.49999999999999994,0.8660254037844387,-2.9346086956521744,-8.521900080501332,7.642060519513902,-13.694103882427852,4.603194791518769,-0.09500000000000008,0.0,43.13186813186813
Vegetable oil,2026-02-01,875.444401930715,-0.9376805396117738,-5.035522333846975,-23.042517025862917,-6.046228267266551,-0.9829645548254528,64.78116577070459,34.575806629199505,4.749077163035585,0.21467596175299775,0.8660254037844386,0.5000000000000001,-6.289578642135785,-10.456989207329281,8.572120040738,-4.125260284420374,3.1875797448086005,-0.08283834319526617,0.0,66.20879120879121
Vegetable oil,2026-03-01,828.8231024196118,-16.317991631799156,-9.090909090909083,-20.762129858667056,-9.28782541961699,-1.6315144431611992,41.75523422451423,10.727775141378423,-1.273787225129707,0.0,1.0,6.123233995736766e-17,-5.458133226362072,-11.448419408139742,8.12723069675508,7.334900737167841,-23.652892368966995,0.0,0.0,28.021978021978022
Vegetable oil,2026-04-01,750.0849076897487,-9.500000000000009,-17.727272727272727,-22.97518293404518,-16.195351223578967,-2.177716083790572,35.60600650686657,-12.734637789786348,-5.515842278812226,0.0,0.8660254037844387,-0.4999999999999998,-5.521958545060846,-16.256462974647167,6.499089148153007,17.889851310661033,-27.389851310661044,,0.0,16.208791208791208
Vegetable oil,2026-05-01,802.9240381152039,-8.283834319526617,-9.143838956790518,-16.2009161719605,-8.976254281976138,-1.1602371679090964,43.049488516458204,-21.35131218641397,-3.9829122377191357,0.21983448275862127,0.49999999999999994,-0.8660254037844387,1.3517681102616974,-14.48733914487339,7.2413202227106,9.570289099333648,-17.854123418860265,,0.0,28.02197802197802
Vegetable oil,2026-06-01,828.8231024196118,0.0,-16.317991631799156,-11.264371288435148,-5.096897649218512,-0.6572846207018125,39.64930406746762,-2.2765376300632454,3.1096192181306024,0.327586206896552,1.2246467991473532e-16,-1.0,-1.049328214847045,-11.995417598049174,6.741836681440169,11.110337658763628,-11.110337658763628,,0.0,49.72527472527473
Yam,2017-03-01,188.9256903144891,9.945146957201167,18.289327027081658,-12.166271790211635,-0.5472210712059833,-0.025085380492161677,31.373984159119743,-20.555335686814743,0.0,0.3261582695680415,1.0,6.123233995736766e-17,0.22852884550450536,53.33780336911722,37.001392504828544,7.346261159149441,2.598885798051726,0.2579787336601038,1.0,43.526785714285715
Yam,2017-04-01,203.1770978725076,20.57483211343638,42.66946143389365,-21.498040968665798,9.630796055615676,0.4991394907695003,38.03187489146896,-4.3289652560507506,0.0,0.4260884374575681,0.8660254037844387,-0.4999999999999998,0.35138923452793236,53.60882939898273,36.982203540587015,2.061489308931847,18.513342804504532,0.26864304510090364,1.0,60.49107142857143
Yam,2017-05-01,219.81110928548364,27.96835246381699,35.42315197658308,-22.87998673213163,22.189224762329275,1.8796437459934001,36.53799839644295,0.7621183341167708,0.0,1.0,0.49999999999999994,-0.8660254037844387,0.508310670142742,53.874264382599634,36.965068632388835,1.3591160410682885,26.6092364227487,0.3552274572835341,1.0,62.05357142857143
Yam,2017-06-01,237.6645006576819,25.797873366010382,38.30865674129393,28.8177412061148,28.9379773639697,1.9727759172337505,36.143042684143396,2.4238442578228003,0.0,1.0,1.2246467991473532e-16,-1.0,5.744445337403548,62.63903326580353,36.75410633047549,-5.129647568824827,30.927520934835208,-0.1147989795380665,0.0,61.38392857142858
Yam,2017-07-01,257.7592121397424,26.864304510090363,52.96642217492013,32.72925315927486,35.93365675172164,1.9820415323784548,35.32864066575937,-1.1192903797463458,0.0,1.0,-0.4999999999999997,-0.8660254037844388,-0.04287462036487444,7.384729791112332,13.91454711372149,41.44635597448111,-14.582051464390744,-0.1917937243798532,0.0,61.160714285714285
Yam,2017-08-01,297.89405071963904,35.522745728353414,73.4262249223018,55.5055742322778,50.08610517804215,2.1382363488839284,37.97324849052838,-0.3767799089395112,-27.289842073375663,1.0,-0.8660254037844384,-0.5000000000000004,-0.3283516579531631,-3.174937977722192,8.940084514329213,67.52591751556724,-32.00317178721383,-0.30745763506130763,0.0,58.482142857142854
Yam,2017-09-01,210.38085850975588,-11.47989795380665,11.35640587553346,31.72274311171417,3.7870924546715035,0.1708718854184495,55.03089746891048,14.003742087615166,-9.552881339804264,0.4371526171855323,-1.0,-1.8369701987210297e-16,0.7200000000000095,3.011695906432754,11.138014330961742,39.23250661436573,-50.71240456817238,-0.23363342089981387,0.0,44.41964285714286
Yam,2017-10-01,208.32261285024452,-19.17937243798532,2.5325270572403413,46.28260414712606,0.060386600625084164,0.003087770676037086,67.32152058625896,0.10040894623479346,-4.125822058513056,0.3393451319988013,-0.8660254037844386,0.5000000000000001,0.14619023530977326,0.453701420724828,12.332853356360882,-7.1766088098379885,-12.002763628147333,-0.11288568815184363,0.0,46.65178571428571
Yam,2017-11-01,206.3042503865456,-30.745763506130764,-6.144757170301052,27.101728135254287,-2.623618999260091,-0.14586645212592111,67.85163364925629,0.04968231651676547,-2.419403879778895,0.29212515246915316,-0.5000000000000004,0.8660254037844384,0.16491004694454414,0.4279016355269061,12.332817738212686,-29.44065481785024,-1.305108688280523,-0.20185875533134168,0.0,46.42857142857143
Yam,2017-12-01,161.2288588442819,-23.363342089981387,-32.16115221325943,-6.173000877388091,-23.58052815479953,-1.268287261002776,248.11457371693808,1.4942027816213965,5.434347292360368,0.0,-2.4492935982947064e-16,1.0,-3.2328494727208223,3.298160822647378,12.662106369676119,-13.322360884344867,-10.04098120563652,0.08511498717290245,0.0,45.08928571428571
Yam,2018-01-01,184.80597134105457,-11.288568815184362,-28.302864597187206,9.672542827590757,-12.9657274749435,-0.7267797772646086,65.12652248758343,0.1713443489879296,2.4827615500963027,0.17251731895474698,0.49999999999999994,0.8660254037844387,-0.012378791004752365,0.4425698755457619,13.067288037007891,-28.065529399644095,16.776960584459733,0.06739113335118163,0.0,46.42857142857143
Yam,2018-02-01,164.65993118395204,-20.18587553313417,-44.72533748620558,-4.139239463783662,-22.236505861779666,-1.2191314530849506,61.00497917480451,0.24982476347984317,16.858248196704807,0.025105678282729044,0.8660254037844386,0.5000000000000001,-0.0173640331950331,0.32607035307468113,13.06670125805664,-1.7524982434420528,-18.433377289692118,0.45732728977514703,1.0,48.660714285714285
Yam,2018-03-01,174.95185109671465,8.511498717290245,-16.840413934996047,-7.3964738170406275,-16.919066393725725,-0.9003613939551299,60.376204880064236,0.09059664337262774,12.250626129772012,0.10041322200717027,1.0,6.123233995736766e-17,-2.7796298551598597,0.19787326160523033,13.065194353315965,2.1799967920453174,6.331501925244927,0.10431098487057389,1.0,61.38392857142858
Yam,2018-04-01,197.26025519979424,6.739113335118163,-5.31020492643427,-2.9121602457507945,-6.105424286582151,-0.3230237562190801,58.36143895578902,0.06043239417343216,10.735529522969324,0.2636472086350568,0.8660254037844387,-0.4999999999999998,-0.08474576271185752,0.006038600098756675,13.06728995588156,23.25602998011915,-16.516916645000986,0.5414255852675203,1.0,66.51785714285714
Yam,2018-05-01,239.96341124687103,45.732728977514704,16.315301695073824,9.16800885400848,13.315194978528332,0.6949619232702753,57.56200777529452,0.11823283359260017,0.761481426989091,0.5761126979165073,0.49999999999999994,-0.8660254037844387,-0.04743514640669355,-0.22866779263495118,13.063393506652867,2.132998470055258,43.59973050745945,-0.031144383712945922,0.0,76.33928571428572
Yam,2018-06-01,193.20125098954293,10.431098487057389,19.83044001827281,-18.708410193822445,-7.142034703255062,-0.3713094836312262,60.36111971342275,0.7682949299478068,7.159186815438778,0.2339468573272179,1.2246467991473532e-16,-1.0,3.0205073142700822,-2.383187104672513,12.249776653817753,-27.458833376685295,37.88993186374268,0.014767625368912185,0.0,65.40178571428572
Yam,2018-07-01,304.06200432136325,54.142558526752026,64.5304002435207,17.96358384138688,43.47988178763777,1.9650840160061454,73.43008514588423,28.341248661950956,-15.585260751698014,1.0,-0.4999999999999997,-0.8660254037844388,-0.09816353544453982,-0.04927737016963141,11.292626814045105,-23.703375066595797,77.84593359334782,-0.3262277332776806,0.0,74.10714285714285
Yam,2018-08-01,232.48989868993104,-3.1144383712945922,41.193972946704214,-21.95550796389105,12.602668037646737,0.6646336568628427,133.13228389743406,83.27760135329308,-22.814221186507083,0.49891108683231733,-0.8660254037844384,-0.5000000000000004,-0.09828928781546731,0.0016246680721421214,11.29286406960945,-30.936286929531523,27.82184855823693,-0.17904040545590094,0.0,53.79464285714286
Yam,2018-09-01,196.0543746849617,1.4767625368912185,12.061903578591693,-6.809784847479284,-4.492021467169827,-0.2349988151994381,111.86317772730915,45.038904665388415,-7.989811871677081,0.24381956810065358,-1.0,-1.8369701987210297e-16,-3.102201440146113,-6.0876263702701605,8.940706731587252,-8.072117837474316,9.548880374365535,-0.06768464387721984,0.0,53.34821428571428
Yam,2018-10-01,204.86854587573657,-32.62277332776806,3.856981056947495,-1.65803746758445,-0.058054474920921084,-0.0030337505635436124,85.4377239149095,12.090761677943007,-5.621237358333793,0.3055291325111719,-0.8660254037844386,0.5000000000000001,-0.12298493169330404,-0.31792715497668267,6.426266326048372,-10.580773190801354,-22.042000136966706,-0.0960665167025988,0.0,43.75
Yam,2018-11-01,190.86481296408445,-17.904040545590092,-20.460868608120684,-7.483819355894394,-6.301452594561452,-0.3255221774322507,55.294699891636384,-80.68066424409585,-4.817816920615478,0.20748653277090975,-0.5000000000000004,0.8660254037844384,0.22198487894780072,0.058606458654364424,6.441533536826452,-12.037546797542767,-5.866493748047326,-0.03605112832566437,0.0,38.61607142857143
Yam,2018-12-01,182.78450415383904,-6.768464387721984,-5.391655997231459,13.369594912518746,-11.052572183994469,-0.6012158502299438,42.34874628382485,-41.50586427166378,3.087178326339842,0.1300165238720752,-2.4492935982947064e-16,1.0,0.21783743890895213,-2.738739927315126,5.6230405662376075,-9.515402082736573,2.746937695014589,0.07256378922211026,0.0,44.19642857142857
Yam,2019-01-01,185.187538291528,-9.60665167025988,-39.095468799250824,0.206468951032579,-9.897138673037443,-0.5387168792496707,38.58158758732011,-22.304557993908134,0.8910057247246668,0.1472546759569459,0.49999999999999994,0.8660254037844387,0.7819502152876412,0.47397449155464066,4.783917091017496,-10.25957789071661,0.6529262204567292,0.14392273279291934,1.0,37.72321428571429
Yam,2019-02-01,183.98392109906231,-3.605112832566437,-20.86369251489957,11.735696581533372,-11.178678209296011,-0.6389610984422935,36.263389690771795,-2.7443472777775924,15.383367880269542,0.06995631076846512,0.8660254037844386,0.5000000000000001,0.02507858383955508,0.10108132515367352,4.798759775636695,-9.031489927460784,5.426377094894347,0.18976499156027704,1.0,44.19642857142857
Yam,2019-03-01,196.04804038632616,7.256378922211026,-0.0032308886989684815,12.05828298321312,-6.1510294909758905,-0.3668385910715945,35.5164076215065,-5.783423588645192,11.192450573686003,0.10936518492025157,1.0,6.123233995736766e-17,0.023634637485647758,0.06570359069988374,4.798161843619375,-5.800105641197982,13.056484563409008,0.23969627825175555,1.0,51.11607142857143
Yam,2019-04-01,211.8402348816381,14.392273279291935,3.4030060476585966,7.3912404032310475,0.8223488615593633,0.04959513565381644,40.75407538861664,2.7900412036565427,11.85319165532022,0.23958055441168832,0.8660254037844387,-0.4999999999999998,-0.25775280898874264,0.30000000000001137,4.791958492891877,-1.766975641060807,16.15924892035274,0.04891479437687196,0.0,70.08928571428572
Yam,2019-05-01,218.89762833365256,18.976499156027703,14.68726211721545,-8.778747894838968,5.058979233281757,0.31268097153007124,42.53795441373437,7.078548705214395,2.713247918807321,0.29777266294184324,0.49999999999999994,-0.8660254037844387,0.06617660554422145,0.2148618893462073,4.791804782490723,-2.0679354436102373,21.044434599637942,-0.10004844681623914,0.0,67.85714285714286
Yam,2019-06-01,243.0400260254784,23.969627825175554,32.96533376862505,25.79630037625016,14.36632640171258,0.8790990971266761,36.87029964327952,0.7632141776282069,6.361128854743648,0.4968400716407134,1.2246467991473532e-16,-1.0,0.01476408422196318,-2.8538298009405327,3.4013119425555476,-3.724469846017529,27.694097671193084,-0.2900542601663364,0.0,68.08035714285715
Yam,2019-07-01,222.2023564116217,4.891479437687196,19.98774780505146,-26.922024700996193,8.028580621974267,0.8237649747188743,47.200712161836584,7.19989636246148,-13.486744166561397,0.6541782567538525,-0.4999999999999997,-0.8660254037844388,-0.0027090533712192943,0.39583492046566526,0.7015440048429618,-5.8648051075840035,10.7562845452712,-0.17882474460500508,0.0,53.12499999999999
Yam,2019-08-01,196.99726060711225,-10.004844681623915,7.073085207833563,-15.266314056145248,-2.8281398495743737,-0.31377200993219656,44.40987285907322,2.1054632729362055,-18.23221650684254,0.23587475490711457,-0.8660254037844384,-0.5000000000000004,-0.02108910768262584,0.29230406060325453,0.7029065931552817,-10.736803362786471,0.7319586811625562,-0.03171474441091915,0.0,36.160714285714285
Yam,2019-09-01,172.54523108585113,-29.00542601663364,-11.988290856751815,-11.991134417116289,-14.058977155244424,-1.3965765791261031,49.573137588683444,13.118525736210827,-4.776057218098436,0.0,-1.0,-1.8369701987210297e-16,-0.03764705882353114,0.21857974743884068,0.7016236519659728,-6.2354704574365565,-22.769955559197083,0.04006277711775197,0.0,29.24107142857143
Yam,2019-10-01,182.46707677568315,-17.882474460500507,-13.865712583998347,-10.934557574124181,-8.264155536673979,-0.7893824712549248,51.920912389214585,4.737408627598114,-4.4651300937917,0.14074579120812017,-0.8660254037844386,0.5000000000000001,-0.015498265568492098,0.5038799354377232,0.630906585895665,-5.683987419440127,-12.19848704106038,-0.0003676102936948089,0.0,37.5
Yam,2019-11-01,190.74954283730645,-3.171474441091915,-12.859018030767178,-0.06039359743049699,-4.095490468024554,-0.391101084668171,38.333176218381595,-5.453345353200433,-4.69696548408354,0.2582362537127138,-0.5000000000000004,0.8660254037844384,0.34254483873450425,0.41294860939227185,0.5764128265743904,8.429833799093416,-11.60130824018533,-0.08470293081068714,0.0,39.73214285714286
Yam,2019-12-01,179.4578722215746,4.006277711775197,-26.16118622256827,-1.8199748100444002,-9.646750377495717,-0.9088317441360309,36.60727834791839,-12.749027746083463,3.2893631779280366,0.0980588870659679,-2.4492935982947064e-16,1.0,0.0,0.0007406950188304506,0.6883625196415979,0.2936812863157331,3.7125964254594637,0.15409633684823176,1.0,43.75
Yam,2020-01-01,182.4,-0.03676102936948089,-17.912661708181577,-1.5052515505334707,-8.057919789335067,-0.7519784258420416,37.935308561741806,-14.206166519425395,2.005784684896242,0.13979427733052688,0.49999999999999994,0.8660254037844387,-0.013987366277767865,-0.2898615526250703,0.6081246423592884,-0.3214706089457841,0.2847095795763032,0.2910430350776392,1.0,45.08928571428571
Yam,2020-02-01,174.59249750818788,-8.470293081068714,-11.373134342008962,-5.104480616987084,-11.644880189170447,-1.0460944043559763,32.94575687828329,-4.254321389399628,15.640659397096139,0.02904138417722975,0.8660254037844386,0.5000000000000001,-0.33121917405805057,0.05526922578222848,0.5031296740553997,-6.225394149861218,-2.244898931207496,0.2682698264468346,1.0,38.61607142857143
Yam,2020-03-01,207.1116729494973,15.409633684823177,20.033264116379645,5.643327289254962,4.3251737908577725,0.38753428243028604,36.74808742350889,0.2616587123552634,10.648746796696823,0.490340342052904,1.0,6.123233995736766e-17,0.03913650131022184,0.016239010694207856,0.4996330271715269,12.455535479070537,2.95409820575264,0.09377622856100998,0.0,64.0625
Yam,2020-04-01,235.4862495981614,29.104303507763916,29.056843436834168,11.162192455901998,17.452068084228166,1.4347559755611257,60.77129235142992,21.60657015329464,9.191337210733142,0.8928463238486452,0.8660254037844387,-0.4999999999999998,17.68406725103715,17.646182727158234,16.258083848537417,19.306692409727898,9.797611098036018,0.010740111624593762,0.0,84.59821428571429
Yam,2020-05-01,221.43039651362884,26.82698264468346,16.084365508802613,1.157056017124014,10.325373546058735,0.8433919689259369,51.24945487163055,21.540751336712784,1.8503051012319656,0.693457800248141,0.49999999999999994,-0.8660254037844387,17.675280332968658,17.662453531598498,16.256820863859744,15.604335684281526,11.222646960401935,-0.18828495546846358,0.0,72.76785714285714
Yam,2020-06-01,226.5338245296625,9.377622856100999,26.232313871393576,-6.791556833558565,13.646967563416723,1.2172297892270247,38.74166698627499,2.323293844627223,2.322870488623959,0.8577648522362574,1.2246467991473532e-16,-1.0,17.647459357305717,17.649194314677153,16.25784046145075,6.610664591936004,2.7669582641649946,-0.21747258938401526,0.0,62.5
Yam,2020-07-01,238.0153982049026,1.0740111624593762,30.49089813865273,7.116504995108075,18.622816361056096,1.543558142171155,33.540581925313845,-26.868227025523723,-15.980525565933972,1.0,-0.4999999999999997,-0.8660254037844388,5.694697125622605,24.349145198036503,16.69139420624582,12.553026676220936,-11.47901551376156,-0.3260325211568341,0.0,39.06250000000001
Yam,2020-08-01,179.738384166696,-18.82849554684636,2.947369865229632,-8.760972811107791,-9.774724332091845,-0.7805738681213774,38.84653618286221,-13.132283863288016,-15.249292782648705,0.10986917243948346,-0.8660254037844384,-0.5000000000000004,5.463752066381011,24.11741352277652,16.714942848529176,19.805492309673824,-38.63398785652018,-0.04011522364675635,0.0,23.88392857142857
Yam,2020-09-01,177.26892712613264,-21.747258938401526,-14.409012007083533,2.737656677356215,-11.18983449547285,-0.9108774045098481,85.3774180431056,44.69599424440339,-3.6394023704256373,0.0421997352461585,-1.0,-1.8369701987210297e-16,5.74839138030514,24.4589856071832,16.68480397874494,13.010755200064583,-34.75801413846611,-0.039585891351811786,0.0,38.61607142857143
Yam,2020-10-01,160.41463785401038,-32.60325211568341,-31.879403520271254,-12.085708452918908,-18.886897940339576,-1.40129637150144,36.799004755292465,-0.5303029462897086,-1.9582841594438394,0.0,-0.8660254037844386,0.5000000000000001,0.026002442798200853,24.400758973381585,16.69038554541653,-20.16561264271251,-12.4376394729709,0.13407013158333325,1.0,20.535714285714285
Yam,2020-11-01,172.52813868794237,-4.011522364675635,-22.0847086017283,-9.552528345981637,-12.086751348946589,-0.8596126473224995,45.13921060047555,6.001269681463057,-3.677989562485357,0.15610028534717468,-0.5000000000000004,0.8660254037844384,0.2730537712008374,24.031457445231563,16.72202559601739,-6.824460132422619,2.812937767746984,0.10445487621153604,1.0,39.0625
Yam,2020-12-01,170.2515786368653,-3.9585891351811786,-24.84496344404743,-5.130058364529367,-12.90631826566393,-0.8939017743729647,41.432807667295414,-42.4824432978943,4.082124649493704,0.12676345873899447,-2.4492935982947064e-16,1.0,0.000991776972414371,24.460219962742546,16.677327379716218,-4.1378914315107185,0.17930229632953987,0.09508003286363742,0.0,45.53571428571429
Yam,2021-01-01,181.9214494589903,13.407013158333324,-23.567361258544352,-0.26236323520268945,-6.91750459274928,-0.4786665114722247,36.35800769131512,-0.016344429207379108,3.3935220569416034,0.2771469185060975,0.49999999999999994,0.8660254037844387,0.027577673200762653,24.45247343145114,16.678068397869577,25.52430450377894,-12.117291345445615,0.14089249223700984,1.0,49.33035714285714
Yam,2021-02-01,190.5495440575981,10.445487621153603,6.014942184455951,9.139594643041216,-3.16170107837378,-0.22589691141130414,39.96164298871952,-5.743524777913038,15.57818572399485,0.38833261513579026,0.8660254037844386,0.5000000000000001,-0.0148543893785269,24.4251532946538,16.680688695784095,7.47451711224219,2.970970508911413,0.1169917408704011,1.0,66.51785714285714
Yam,2021-03-01,186.4391043287446,9.508003286363742,5.173031366115888,-9.98136335164148,-4.413798532235679,-0.313268559118442,35.63169453674173,-4.796402758006515,11.965998765242125,0.33536355000979073,1.0,6.123233995736766e-17,-0.03910266492881398,24.362881419244786,16.68664419602845,20.961967775502334,-11.453964489138592,0.1324409393478858,1.0,54.24107142857143
Yam,2021-04-01,207.55281586463667,14.089249223700984,29.38520987936628,-11.862023273626775,7.69636725743259,0.5981667729094007,35.012351710103154,-0.8385432819345837,9.047902478641468,0.6074447956112625,0.8660254037844387,-0.4999999999999998,-0.040651442883921085,5.708346602203429,5.547473399023885,22.62806284595644,-8.538813622255455,0.03515310746029199,0.0,58.92857142857143
Yam,2021-05-01,212.8422669389577,11.69917408704011,23.366697489232678,-3.8784781628400156,10.852649667856129,0.8680940188276782,41.4785882751191,4.678833508463789,1.2129391642413623,0.675607157041787,0.49999999999999994,-0.8660254037844387,7.790444169656241,13.973321342925683,8.936438430752382,15.671770685743118,-3.9725965987030083,0.013629922445227649,0.0,64.28571428571428
Yam,2021-06-01,211.131274437222,13.24409393478858,24.01134610772111,-6.799227499213334,10.701566286423292,0.9134486592905048,35.08073786552609,0.46050465039297706,0.39449684269758123,0.6535585006368885,1.2246467991473532e-16,-1.0,7.863961073935166,14.020932315312496,8.930982484097918,4.4913892718618325,8.752704662926748,-0.060998757107415646,0.0,52.45535714285714
Yam,2021-07-01,214.84894230441245,3.515310746029199,18.09984086172578,-9.733175279923111,13.802782138055946,1.4033960483669032,32.03430021503235,-0.5775499663693893,-17.564298242451336,1.0,-0.4999999999999997,-0.8660254037844388,8.001417291195633,8.015364659002167,7.522291442305491,3.1094876792160386,0.40582306681316016,-0.1283028170716387,0.0,37.276785714285715
Yam,2021-08-01,215.7432905304021,1.362992244522765,13.22162516704244,20.03184046114148,12.488747293378433,1.2073984003677096,29.50236557263977,-10.72732556534142,-16.894249671516416,1.0,-0.8660254037844384,-0.5000000000000004,0.16842257307645436,8.250726819859588,7.498238893241577,8.209514894716149,-6.846522650193384,-0.1714274153261779,0.0,34.37499999999999
Yam,2021-09-01,198.2525291100468,-6.099875710741564,6.336344955011053,11.837157433114953,2.4351075114611875,0.24342762514957522,30.064335925107876,-3.4634951403690053,-5.581089021107452,0.6838751609829372,-1.0,-1.8369701987210297e-16,0.1259257865191099,7.958629517639437,7.518416047078869,1.9122055235364925,-8.012081234278057,-0.06326527173464791,0.0,30.580357142857146
Yam,2021-10-01,187.28321776189435,-12.83028170716387,-9.765995232732427,16.74945645068653,-4.339319076904347,-0.5140089872869413,37.9890271275385,7.1378570836363195,-2.7069899369622608,0.37438993645453034,-0.8660254037844386,0.5000000000000001,-0.26476479020859367,7.701373017457969,7.5451635942109,-6.830313402153392,-5.999968305010478,-0.09098571402125055,0.0,35.714285714285715
Yam,2021-11-01,178.7589758608106,-17.14274153261779,-16.013403525683188,3.6114904039729723,-8.934857939896846,-1.1091159521411247,35.43827221270257,5.773933146348334,-3.095706535121092,0.18700982816067613,-0.5000000000000004,0.8660254037844384,-0.13910825992905496,7.8057733876128355,7.537522669592949,-11.230190313760888,-5.912551218856903,-0.01648340722030983,0.0,24.330357142857146
Yam,2021-12-01,185.7100289838185,-6.326527173464791,-12.040492589818708,9.079769169086527,-6.010589705284741,-0.8466264802664957,33.48865836797414,4.779149749972007,3.631504241751662,0.18794597615521147,-2.4492935982947064e-16,1.0,-0.30834652983442457,7.6246754331174005,7.554646948711459,-8.544865788494313,2.2183386150295217,-0.023073105666899796,0.0,37.05357142857143
Yam,2022-01-01,170.24312046963104,-9.098571402125055,-20.76148076706884,-6.419434884720321,-13.412040586195118,-1.6972255065010673,31.35652855349701,-5.192846015399507,4.656986962849494,0.0,0.49999999999999994,0.8660254037844387,0.9477469854029863,8.692134771746286,7.531817180757442,-1.8814561172202677,-7.2171152849047875,-0.015868638373421007,0.0,28.794642857142854
Yam,2022-02-01,175.81241886741134,-1.6483407220309831,-18.508511465094113,-7.734012307965488,-10.017365750232177,-1.1786678716380707,37.337602511651475,2.8375653674246664,15.26532364665075,0.12240170510004289,0.8660254037844386,0.5000000000000001,1.1888967609536838,9.103679420906708,7.50246942716402,2.220618684338861,-3.8689594063698443,0.17218687488386264,1.0,50.22321428571429
Yam,2022-03-01,181.4251218616718,-2.3073105666899796,-8.487865110176907,-2.689340567862697,-6.945728441356436,-0.8007563271079382,31.834759255344082,-0.8455497583794127,12.228978901761902,0.24575735381001515,1.0,6.123233995736766e-17,1.3933249480362786,9.166924062699433,7.496358549513211,5.204733227647633,-7.512043794337613,0.2451617390570786,1.0,43.75
Yam,2022-04-01,167.5415939553357,-1.5868638373421007,-10.541053300172088,-19.27760977012992,-12.571515095886276,-1.3305282899562436,30.00588887540903,-0.6479385851792898,10.69100480834284,0.0,0.8660254037844387,-0.4999999999999998,0.05568685628540848,8.796889510028816,7.540109984204614,5.95375282331244,-7.540616660654541,0.33521466847939907,1.0,37.94642857142857
Yam,2022-05-01,206.08500983796355,17.218687488386266,15.286524128684963,-3.1747721907754767,7.8585922186917845,0.8589471795462816,37.03152412572261,-1.3687726144175514,1.3174837172104343,0.7996277853540418,0.49999999999999994,-0.8660254037844387,-0.13083196751972892,1.0858965930091058,1.186672234428615,9.94383118382868,7.274856304557586,-0.05032414905162208,0.0,59.375
Yam,2022-06-01,225.90362024592167,24.51617390570786,21.643199067943385,6.996758698149241,17.474180879724365,1.729130289841456,61.30028681203802,28.355713617628076,-0.8067883533156923,1.0,1.2246467991473532e-16,-1.0,-0.17333057934475482,1.032544434438254,1.1901333945498294,3.781507519767413,20.734666385940447,-0.1837522498273525,0.0,74.77678571428571
Yam,2022-07-01,223.70399382958365,33.521466847939905,31.40266297544121,4.1215243743787155,15.88564190924744,1.4954360204403874,46.116208846946066,14.583902386514051,-16.89968749083623,0.9623106571833879,-0.4999999999999997,-0.8660254037844388,0.21318582101956807,0.9512947021877993,1.1898856370316293,3.7643835409428354,29.75708330699707,-0.18468200291821613,0.0,61.83035714285714
Yam,2022-08-01,195.71395708557287,-5.032414905162208,11.319756787585211,-9.283873160359878,2.2702114022629116,0.2254807136405939,35.653164345910696,-0.9747780185701203,-15.482696410606831,0.48271735785810915,-0.8660254037844384,-0.5000000000000004,0.9945314787629611,1.9195720894348511,1.4703835032371046,-2.9376237083869103,-2.0947911967752972,-0.05048686596354779,0.0,31.696428571428573
Yam,2022-09-01,184.39332178158972,-18.37522498273525,1.6360468106401571,-6.990683745963233,-3.0603392273931385,-0.30266880981517674,45.84118051474147,-13.601253339972601,-5.084170637587489,0.2887447351870348,-1.0,-1.8369701987210297e-16,3.229403529992503,4.164123499058325,2.481113019874577,-1.604914753388345,-16.770310229346904,-0.009547139870623389,0.0,38.839285714285715
Yam,2022-10-01,182.38989218833188,-18.468200291821613,8.862454917884177,-2.612794478885805,-3.9075861176236626,-0.38325601143907456,38.11536115424996,-8.15602143983952,-2.804522049622248,0.2544171129197285,-0.8660254037844386,0.5000000000000001,4.7961022923614705,6.073868316482289,2.6567049917708774,-4.675353675669933,-13.792846616151682,0.0910548023500759,0.0,34.598214285714285
Yam,2022-11-01,185.832972766998,-5.048686596354779,-9.827030644727097,3.95728207331838,-2.3967286394636966,-0.23902671736351824,32.0145056407955,-2.895270314862323,-3.3923624350518073,0.3134123328855834,-0.5000000000000004,0.8660254037844384,5.325750428990217,7.497091470632067,2.78760025737139,-2.9061745001361134,-2.1425120962186655,-0.1778385061337997,0.0,33.035714285714285
Yam,2022-12-01,182.632892947332,-0.9547139870623389,-19.154508126733237,-1.6569573831441309,-3.9481120382540924,-0.3913893550218745,29.49043779064504,-16.600166245050254,2.6399695091259323,0.2585807921893655,-2.4492935982947064e-16,1.0,3.9346823818370957,8.597507560620654,2.6632961810215265,-2.4649080413629525,1.5101940543006136,-0.10111276331185737,0.0,39.50892857142857
Yam,2023-01-01,198.9973677721921,9.10548023500759,-11.044338384147457,16.890108230652643,3.3559197869297286,0.35420744157355133,29.486902582424413,-8.472457019711577,2.5193751136232247,0.538976725383682,0.49999999999999994,0.8660254037844387,3.978702876193929,9.258735989450884,2.8033053767643006,-1.6953383519935816,10.800818587001173,-0.16578350554575094,0.0,47.09821428571428
Yam,2023-02-01,152.784714499712,-17.78385061337997,-21.934686327501275,-13.097882684308914,-19.84729386334,-1.7894688773709322,38.345676358788054,5.791597619932126,15.411954304087283,0.0,0.8660254037844386,0.5000000000000001,4.276996247750131,10.777705486879196,2.9392118783244046,-11.249474576294867,-6.534376037085101,0.01947301796154366,0.0,39.95535714285714
Yam,2023-03-01,164.16637646978864,-10.111276331185737,-10.969456548843725,-9.512875182215474,-13.221582825004052,-1.1178801848647897,74.7575362289357,42.77201928694221,12.756145184314942,0.1556596321282699,1.0,6.123233995736766e-17,3.3530618654492805,10.696487397948772,2.962368815037195,-9.163933886631282,-0.9473424445544545,0.3461620376185408,1.0,55.80357142857143
Yam,2023-04-01,166.00688654854105,-16.578350554575096,-8.98240875260461,-0.9160157609601094,-12.189324950945835,-1.0235535206975974,38.604032290861404,5.216061189694081,12.419088509301355,0.18083109852221016,0.8660254037844387,-0.4999999999999998,1.6954022988505901,11.049271263016891,2.8376391944129264,-4.001799809048183,-12.576550745526912,0.8203352657951215,1.0,43.526785714285715
Yam,2023-05-01,155.75989398941422,1.947301796154366,-16.182854059645358,-24.419590676739645,-15.740404057311796,-1.2273304500210382,32.80967281800378,-7.904893591173668,4.533455267687829,0.04068960632464663,0.49999999999999994,-0.8660254037844387,-0.048829743127820624,10.868664673201867,2.885443336832333,9.40992791420369,-7.462626118049324,1.1221267734160456,1.0,36.160714285714285
Yam,2023-06-01,220.99454385702316,34.61620376185408,21.004787412940964,-2.1730844258070925,19.813965242002052,1.5913403648923665,40.30783701423877,-45.16688015493423,-2.0832428851195743,0.9617952974400961,1.2246467991473532e-16,-1.0,32.73078438042718,47.18342989661743,27.519688422728052,19.43213907945068,15.184064682403402,0.39782948506243887,1.0,68.52678571428572
Yam,2023-07-01,302.18818994915904,82.03352657951216,51.85537041630499,35.08394945302773,58.22330690194413,2.7791950200805813,109.75657631547723,69.27176816456074,-20.534270241586285,1.0,-0.4999999999999997,-0.8660254037844388,68.5115553431721,86.73276642136013,34.04221455635608,24.918306306119025,57.115220273393135,-0.0008708361741825987,0.0,75.00000000000001
Yam,2023-08-01,330.54224125938094,112.21267734160456,116.3450986191449,68.89047985211218,63.45343035351163,2.2572295181176227,95.9490282936835,60.607281075147526,-20.180781890736796,1.0,-0.8660254037844384,-0.5000000000000004,65.04250761398626,81.17854665553948,34.58308152360877,33.84654449059806,78.3661328510065,-0.09611329193268459,0.0,75.44642857142857
Yam,2023-09-01,308.91268944127125,39.78294850624388,88.17049878549284,67.52921768347571,45.30180651083624,1.5004749944166738,43.072753852819154,3.256645236916377,-9.640090312061272,0.8783199102035595,-1.0,-1.8369701987210297e-16,25.806739397744806,79.37396493132032,34.685008735801546,15.73383557685513,24.049112929388755,-0.0611777404367666,0.0,67.63392857142857
Yam,2023-10-01,301.92503354194054,-0.08708361741825987,81.87500519965268,65.53824881379897,35.65885272767544,1.163313031446096,40.13058042331807,-66.06502646943412,-6.933651285315241,0.8390098678851932,-0.8660254037844386,0.5000000000000001,-1.0980255497307412,76.23021171255522,34.913816941694144,1.4246848835787616,-1.5117685009970214,0.18479380868239637,1.0,54.24107142857143
Yam,2023-11-01,298.7727383291342,-9.611329193268459,91.81621833245433,60.77487965698254,28.795991770948937,0.9482044424840999,35.08151727416044,-63.14201101602223,-7.985189747094864,0.8212761872345375,-0.5000000000000004,0.8660254037844384,11.070831643002045,91.06108212794955,35.02471982079529,-3.004483047059265,-6.606846146209193,0.11937597646324627,1.0,37.49999999999999
Yam,2023-12-01,290.01410910900967,-6.11777404367666,31.23134356504298,58.79620830002645,20.376732048538848,0.6970255313594074,34.03195864518069,-9.192268446494381,-2.604047643325841,0.7720032850976489,-2.4492935982947064e-16,1.0,2.7502907833943713,77.32990213942648,36.828365707479,-4.83153008098018,-1.2862439626964806,0.22698888883409984,1.0,42.63392857142858
Yam,2024-01-01,357.718910426716,18.479380868239637,18.3762047374848,79.76062418887113,40.75172698247525,1.3541185623838332,36.66017950752091,-4.2190384488718635,-5.428274866896411,1.0,0.49999999999999994,0.8660254037844387,12.892938711554326,91.33866782006919,36.89703621741637,13.76917713911463,4.710203729125007,0.17210574588624206,1.0,57.14285714285714
Yam,2024-02-01,334.43902570777254,11.937597646324626,1.178906645500044,118.89560536397963,24.194399875957128,0.8990173226986773,68.49971225524925,32.07201951185246,6.968002871351155,0.884729658870315,0.8660254037844386,0.5000000000000001,79.74478374797451,229.33661426293006,62.26024410930895,11.890384592054817,0.04721305426980926,0.42826067136236246,1.0,81.47321428571428
Yam,2024-03-01,355.8440894818752,22.698888883409985,15.192448107421065,116.75820416695424,24.743833987953124,1.0350767936032612,40.722641787711495,4.93712089540815,5.130962424813966,0.9907168247404154,1.0,6.123233995736766e-17,104.06518823920798,250.12857101062426,61.4865962049102,29.07094629326633,-6.372057409856346,0.3670049503468875,1.0,75.22321428571429
Yam,2024-04-01,419.2843903233197,17.210574588624205,38.870363084708146,152.5704800810895,36.857206942707975,1.6824754611124346,39.336629148681595,2.18520678261752,5.49171125879478,1.0,0.8660254037844387,-0.4999999999999998,33.330934351401886,150.86053824766356,75.18959052025758,9.335142176641252,7.875432411982953,0.30773568481697877,1.0,74.55357142857142
Yam,2024-05-01,477.6661073871576,42.82606713623625,59.87606836502959,206.66822835640914,43.36068636121067,2.1968683026276965,56.362915993379715,-10.1296157110949,0.055670603235601135,1.0,0.49999999999999994,-0.8660254037844387,0.47195335138681127,231.05258157648962,77.20054878561815,14.8025547753594,28.023512360876847,0.21466764471223643,1.0,80.35714285714285
Yam,2024-06-01,486.4406318734042,36.70049503468875,67.72998850568415,120.11431747750146,36.90507430956118,1.8962917282726803,49.228081188570805,8.259194351697786,-4.29661791196514,1.0,1.2246467991473532e-16,-1.0,-7.320037553101166,144.47910079280862,75.26876049436305,16.407644128882712,20.292850905806038,-0.03111943839712039,0.0,73.21428571428572
Yam,2024-07-01,548.313159312536,30.77356848169788,53.28045102744605,81.44758053078966,45.896740942332585,1.9980820847611707,36.45785976018754,-2.6036134449252657,-21.506253711426204,1.0,-0.4999999999999997,-0.8660254037844388,38.74183367365218,106.54281542865394,73.11991054204762,24.225759066992293,6.547809414705586,-0.055219019424579074,0.0,53.79464285714286
Yam,2024-08-01,580.2055656188209,21.46676447122364,73.48620257188381,75.5314429430294,46.28455648484335,1.783786177725537,46.37021892387792,-7.77397098285131,-21.53040203622455,1.0,-0.8660254037844384,-0.5000000000000004,4.624096601555228,109.8615549156726,72.94420688152344,18.760190414261306,2.706574056962335,-0.21662957654074044,0.0,63.169642857142854
Yam,2024-09-01,471.3028725959635,-3.111943839712039,32.44645240060089,52.56831095168233,14.906923488439228,0.6054255595525214,39.30556838460614,-9.244710870704687,-11.26108162366475,0.6247212294508904,-1.0,-1.8369701987210297e-16,8.979941010482761,111.77973541196282,72.8818228452473,6.097271513666653,-9.209215353378692,-0.052492557936179796,0.0,46.87500000000001
Yam,2024-10-01,518.0358443177047,-5.521901942457907,23.552380263485475,71.57763907170158,20.98841627724777,0.9060194038941137,64.24122765407704,26.729532479894225,-9.056215555194106,0.7857630887937107,-0.8660254037844386,0.5000000000000001,2.1805092619002764,113.38957267732357,72.81239067675358,-4.2206053691793795,-1.3012965732785275,-0.1527929781069044,0.0,56.026785714285715
Yam,2024-11-01,454.5158796322349,-21.662957654074045,-4.846529279951406,52.12762790008332,3.0301590177536752,0.14766059382124527,43.087844309022614,-3.4149324877570777,-8.413669204750432,0.5668732377641983,-0.5000000000000004,0.8660254037844384,4.64415134325038,97.71873487281233,72.84364475451608,-6.801588728813651,-14.861368925260393,0.0460537303759907,0.0,37.276785714285715
Yam,2024-12-01,446.5629792507319,-5.24925579361798,-8.197845741029786,53.979742786541166,-1.6801499002936482,-0.09904802539459448,49.35946475849017,10.110342715174681,-2.6773167106564237,0.45622139443205345,-2.4492935982947064e-16,1.0,-5.292247493274638,95.20317280286889,73.09014835260193,-4.885551090024145,-0.363704703593835,0.10847973020766055,1.0,50.22321428571428
Yam,2025-01-01,438.8836048982779,-15.27929781069044,-19.95749191054591,22.689517413195226,-4.788776493622759,-0.31028430836043114,37.17263863718708,-26.618912975840985,-4.600908677326924,0.4249747717012559,0.49999999999999994,0.8660254037844387,-4.879783242381808,79.79567755556285,73.10794064157763,-1.9279987879445255,-13.351299022745915,-0.11832546855805748,0.0,31.473214285714285
Yam,2025-02-01,475.4480314044241,4.60537303759907,-18.055244627422194,42.16284430270496,0.5795187741995278,0.04647482292336914,37.15868163419917,-5.599544677969803,7.0700161758813405,0.5330859111015347,0.8660254037844386,0.5000000000000001,-9.433962264150942,-0.37762415023496754,47.3329713478189,-5.125526890567311,9.73089992816638,-0.06434130672918514,0.0,57.36607142857143
Yam,2025-03-01,495.0060107605804,10.847973020766055,5.029279374865392,39.10755451392522,2.2094709526827128,0.2317814649768702,40.93406365596115,-8.652467833800799,6.028380280342116,0.4705510029877195,1.0,6.123233995736766e-17,0.630509218612807,-3.7396096329016637,46.972440828804075,-12.6909390574261,23.538912078192155,-0.18592175903950936,0.0,65.17857142857143
Yam,2025-04-01,386.9524967062398,-11.832546855805749,-25.30391459380814,-7.7112085170039535,-19.654572373080658,-1.856156085460539,38.960882165763316,0.5824819802018624,9.367496952452072,0.0,0.8660254037844387,-0.4999999999999998,3.2040444362523957,39.16981221316487,30.12457607168511,-17.035662904870456,5.2031160490647075,0.02812384607363172,0.0,39.95535714285714
Yam,2025-05-01,444.8570837820448,-6.434130672918514,-2.125073354533913,-6.868610332137381,-7.104105775787062,-0.6530300918972436,69.92465207767202,31.53929683990991,3.7268855042126248,0.2996308798697444,0.49999999999999994,-0.8660254037844387,6.128640776699035,5.2312310770364245,12.815862027510633,-12.213242879306335,5.779112206387821,-0.11315383943615487,0.0,55.80357142857142
Yam,2025-06-01,402.973622504843,-18.592175903950935,-9.761077109218853,-17.15872480617191,-14.610018205655651,-1.2227174011136812,49.224719017330685,7.506805136727465,0.8236606659591619,0.08290230985077092,1.2246467991473532e-16,-1.0,-0.43429389641137517,3.412145232563435,13.284586127898198,-7.67486762993107,-10.917308274019865,-0.012751537709810412,0.0,35.9375
Yam,2025-07-01,397.8350891614136,2.812384607363172,-9.352938974874291,-27.443818846111366,-13.39768554597265,-1.1280810443549196,44.62484761103981,5.984864409289962,-14.729106190504602,0.056312650124570963,-0.4999999999999997,-0.8660254037844388,-4.711067908176125,-4.417129036903111,11.104763191420927,-5.452002449249907,8.264387056613078,-0.020161666666666522,0.0,36.83035714285714
Yam,2025-08-01,394.5197967517352,-11.315383943615487,-17.021468027459342,-32.00344496334531,-11.125729690067121,-1.1736570210203199,37.520168224067966,-32.94615910614291,-15.403607691983002,0.05772891967883768,-0.8660254037844384,-0.5000000000000004,-4.317235341249637,-3.761987487068219,11.119400555009692,-12.151850160924111,0.8364662173086241,0.008403361344537563,0.0,23.21428571428571
Yam,2025-09-01,397.8350891614136,-1.2751537709810412,-19.630250842785323,-15.588231624790472,-9.125559233861013,-0.9276704212823471,37.09273354025099,-12.81939574626719,-7.34385023165805,0.08302040383825199,-1.0,-1.8369701987210297e-16,-2.8305056451612742,-7.794904555593685,10.93088728003553,-10.292039034036883,9.01688526305584,-0.16666666666666652,0.0,32.36607142857143
Yam,2025-10-01,389.8140707054376,-2.0161666666666522,0.7395155797043973,-24.751525404800045,-8.730090112849076,-1.0133761052132289,36.62438215177016,-8.127458454567325,-5.73850618678318,0.02648293324138157,-0.8660254037844386,0.5000000000000001,-4.167338702174151,-10.355106222829303,10.951540498008661,-13.024956541096127,11.008789874429475,-0.009190291595722266,0.0,30.580357142857146
Yam,2025-11-01,397.8350891614136,0.8403361344537563,-10.57013506919211,-12.470585299832383,-5.810408602050277,-0.6706827189805311,36.824078930397256,0.2710273364455915,-5.226571028560858,0.10071484070107033,-0.5000000000000004,0.8660254037844384,-5.902630054564206,-13.461538461538481,10.519440797727748,-12.313946755402167,13.154282889855924,-0.07142999999999988,0.0,37.05357142857143
Yam,2025-12-01,331.5292409678447,-16.66666666666665,-17.729294809150854,-25.759801781127756,-19.68588786344703,-1.8469150926643894,37.24145723511119,0.1998200704263624,1.7742692513573983,0.0,-2.4492935982947064e-16,1.0,-3.187279717951652,-5.7455606582472285,7.683818341175576,-14.931899861516452,-1.7347668051501977,0.1423000000000001,1.0,29.017857142857142
Yam,2026-01-01,386.23156572753913,-0.9190291595722266,-2.916666666666634,-11.996811588107093,-5.428835685081356,-0.5063762502807235,58.86111105025133,22.04957626943998,-1.7092181728218527,0.33461833647097905,0.49999999999999994,0.8660254037844387,-2.9346086956521744,-8.521900080501332,7.642060519513902,-13.694103882427852,12.775074722855624,-0.02718283261802612,0.0,53.794642857142854
Yam,2026-02-01,369.41772874261386,-7.142999999999988,-6.362689075630257,-22.301134016394542,-7.545541415213086,-0.762982786060692,52.042560184978235,14.74426826224957,9.042442894230064,0.23176679978938983,0.8660254037844386,0.5000000000000001,-6.289578642135785,-10.456989207329281,8.572120040738,-4.125260284420374,-3.017739715579614,0.128527377221606,1.0,54.24107142857143
Yam,2026-03-01,378.70585195756905,14.23000000000001,-4.808333333333303,-23.49469628142804,-2.8649419506781015,-0.4313607056872553,38.512212507688794,1.5653267854641584,7.154938360198616,0.41628438182724375,1.0,6.123233995736766e-17,-5.458133226362072,-11.448419408139742,8.12723069675508,7.334900737167841,6.895099262832169,0.14243193556858968,1.0,62.5
Yam,2026-04-01,375.7326977245693,-2.718283261802612,-3.6123306055591,-2.8995287734732367,-3.395860510714477,-0.5039270583162399,36.837765558938266,-22.766295743793144,10.289423992113433,0.39004939703295777,0.8660254037844387,-0.4999999999999998,-5.521958545060846,-16.256462974647167,6.499089148153007,17.889851310661033,-20.608134572463644,,0.0,51.5625
Yam,2026-05-01,416.8980205170647,12.852737722160601,4.791666666666683,-6.284954041257551,7.834074112618539,1.4002556740717258,36.65968212558532,-15.339446091796638,3.8401052627211714,1.0,0.49999999999999994,-0.8660254037844387,1.3517681102616974,-14.48733914487339,7.2413202227106,9.570289099333648,3.282448622826953,,0.0,58.70535714285714
Yam,2026-06-01,432.64565946303736,14.24319355685897,30.499999999999993,7.363270274058142,11.196145313906158,1.7362571328550833,44.09860954961943,5.562754289395237,0.9113242145767639,1.0,1.2246467991473532e-16,-1.0,-1.049328214847045,-11.995417598049174,6.741836681440169,11.110337658763628,3.1328558980953414,,0.0,66.96428571428572
