item,state,month,price_ngn_kg,n_markets,cpi,price_real_kg
Beans,Adamawa,2023-06-01,410.0,2,516.2525109645411,226.5194074534487
Beans,Adamawa,2023-07-01,494.51599999999996,2,524.905364657231,268.709532591235
Beans,Adamawa,2023-08-01,560.0,2,539.4459689640813,296.0900491158316
Beans,Adamawa,2023-09-01,533.332,2,553.9865732709317,274.58837080848684
Beans,Adamawa,2023-10-01,646.1279999999999,2,568.5271775777819,324.1537637040759
Beans,Adamawa,2023-11-01,575.782,2,583.0677818846323,281.6584444840358
Beans,Adamawa,2023-12-01,562.8420000000001,2,597.6083861914826,268.6294058387969
Beans,Adamawa,2024-09-01,2400.0,1,726.2144672315035,942.605745191927
Beans,Adamawa,2024-10-01,2300.0,2,739.6253926775378,886.9512708793719
Beans,Adamawa,2024-11-01,1607.408,2,753.036318123572,608.8270508732428
Beans,Adamawa,2024-12-01,1603.334,2,766.4472435696063,596.6580064783276
Beans,Adamawa,2025-01-01,1400.0,2,779.8581690156404,512.0308723813242
Beans,Adamawa,2025-09-01,1100.0,1,860.323721691846,364.6821650646292
Beans,Adamawa,2025-10-01,800.0,3,860.323721691846,265.2233927742758
Beans,Adamawa,2025-11-01,892.3340000000001,4,860.323721691846,295.8348137098008
Beans,Borno,2016-01-01,1680.0,1,171.4086989219375,2795.504273420573
Beans,Borno,2016-06-01,243.4,8,181.8035760286879,381.8579965331886
Beans,Borno,2016-07-01,240.0,8,183.882551450038,372.2669299810654
Beans,Borno,2016-08-01,250.0,8,186.41128379681425,382.5177111462008
Beans,Borno,2016-09-01,271.6,8,188.9400161435905,410.0053792331348
Beans,Borno,2016-10-01,313.0,8,191.46874849036675,466.26216524279937
Beans,Borno,2016-11-01,269.2,8,193.997480837143,395.7880726640485
Beans,Borno,2016-12-01,280.79999999999995,8,196.52621318391925,407.53072275582224
Beans,Borno,2017-01-01,288.4,8,199.05494553069548,413.2434904108428
Beans,Borno,2017-02-01,269.2,9,201.58367787747176,380.8933830887028
Beans,Borno,2017-03-01,326.8,8,204.112410224248,456.6635768844308
Beans,Borno,2017-04-01,326.8,9,206.64114257102423,451.0752417441269
Beans,Borno,2017-05-01,310.8,8,209.16987491780048,423.8045456943445
Beans,Borno,2017-06-01,326.8,9,211.69860726457676,440.2990862524402
Beans,Borno,2017-07-01,358.0,8,214.227339611353,476.6415183162592
Beans,Borno,2017-08-01,641.2,8,216.3865916876249,845.1755102718254
Beans,Borno,2017-09-01,377.6,8,218.5458437638968,492.80280504518504
Beans,Borno,2017-10-01,326.8,8,220.70509584016872,422.33145086513605
Beans,Borno,2017-11-01,317.20000000000005,8,222.86434791644064,405.9535249541705
Beans,Borno,2017-12-01,326.8,8,225.02359999271255,414.22634489238465
Beans,Borno,2018-01-01,346.0,8,227.1828520689845,434.39447067938096
Beans,Borno,2018-02-01,384.8,8,229.3421041452564,478.5584706917277
Beans,Borno,2018-03-01,423.2,8,231.5013562215283,521.4057984797862
Beans,Borno,2018-04-01,390.4,8,233.66060829780025,476.5495274133644
Beans,Borno,2018-05-01,394.4,8,235.81986037407216,477.02403929317506
Beans,Borno,2018-06-01,363.6,8,237.97911245034408,435.7814817605324
Beans,Borno,2018-07-01,307.6,8,240.138364526616,365.3495020673881
Beans,Borno,2018-08-01,323.0,8,242.41896304466323,380.0315651662334
Beans,Borno,2018-09-01,298.0,8,244.6995615627105,347.34960556550885
Beans,Borno,2018-10-01,307.6,8,246.9801600807577,355.22866240911264
Beans,Borno,2018-11-01,336.4,8,249.26075859880495,384.9335916134173
Beans,Borno,2018-12-01,358.8,8,251.54135711685225,406.8429286004805
Beans,Borno,2019-01-01,307.6,8,253.8219556348995,345.6534391897694
Beans,Borno,2019-02-01,269.2,8,256.1025541529468,299.80914987813304
Beans,Borno,2019-03-01,269.2,8,258.383152670994,297.16290806305744
Beans,Borno,2019-04-01,269.2,8,260.66375118904125,294.56297123004634
Beans,Borno,2019-05-01,250.0,8,262.9443497070885,271.18140279193824
Beans,Borno,2019-06-01,240.8,8,265.22494822513573,258.9559215351115
Beans,Borno,2019-07-01,207.39999999999998,8,267.505546743183,221.13612629448338
Beans,Borno,2019-08-01,193.8,8,270.458367359174,204.3793849339312
Beans,Borno,2019-09-01,185.39999999999998,8,273.41118797516503,193.4092251712019
Beans,Borno,2019-10-01,180.8,8,276.364008591156,186.59529118237276
Beans,Borno,2019-11-01,180.0,8,279.316829207147,183.80576932931027
Beans,Borno,2019-12-01,176.0,8,282.269649823138,177.84113463399285
Beans,Borno,2020-01-01,172.8,8,285.222470439129,172.8
Beans,Borno,2020-02-01,151.6,8,288.17529105512,150.04661350476917
Beans,Borno,2020-03-01,154.0,8,291.128111671111,150.8760531420179
Beans,Borno,2020-04-01,167.2,8,294.08093228710203,162.16351290285252
Beans,Borno,2020-05-01,180.8,8,297.03375290309305,173.61064913124065
Beans,Borno,2020-06-01,202.0,8,299.986573519084,192.05839232347782
Beans,Borno,2020-07-01,199.0,8,302.939394135075,187.36180475781492
Beans,Borno,2020-08-01,210.0,8,307.2191314783556,194.96415637916405
Beans,Borno,2020-09-01,220.0,8,311.49886882163617,201.44196264333254
Beans,Borno,2020-10-01,180.8,8,315.7786061649168,163.30499168921781
Beans,Borno,2020-11-01,237.6,8,320.05834350819737,211.73907929883833
Beans,Borno,2020-12-01,252.0,8,324.3380808514779,221.6084597959197
Beans,Borno,2021-01-01,266.20000000000005,8,328.6178181947585,231.047184379691
Beans,Borno,2021-02-01,281.2,8,332.8975555380391,240.92865013038028
Beans,Borno,2021-03-01,500.0,8,337.17729288131966,422.95622579116286
Beans,Borno,2021-04-01,522.2,8,341.45703022460026,436.198879739986
Beans,Borno,2021-05-01,536.2,8,345.73676756788086,442.3489284211982
Beans,Borno,2021-06-01,557.5999999999999,6,350.0165049111614,454.37871439012474
Beans,Borno,2021-07-01,676.8,6,354.296242254442,544.8507349806142
Beans,Borno,2021-08-01,721.2,6,359.8608154286513,571.6166830658559
Beans,Borno,2021-09-01,711.6,6,365.4253886028605,555.419290215391
Beans,Borno,2021-10-01,682.8,6,370.98996177706977,524.9465561897432
Beans,Borno,2021-11-01,634.8,6,376.554534951279,480.8313469340787
Beans,Borno,2021-12-01,615.2,6,382.11910812548825,459.19939642622643
Beans,Borno,2022-01-01,615.2,6,387.6836812996975,452.60833065219106
Beans,Borno,2022-02-01,601.0,6,393.24825447390674,435.90455338000913
Beans,Borno,2022-03-01,625.0,6,398.812827648116,446.98673579713216
Beans,Borno,2022-04-01,615.4,6,404.3774008223252,434.06458410212275
Beans,Borno,2022-05-01,626.0,6,409.9419739965345,435.5476575238527
Beans,Borno,2023-02-01,530.0,6,481.6410961937818,313.860072421889
Beans,Borno,2023-03-01,520.0,6,490.2939498864717,302.50359944822856
Beans,Borno,2023-04-01,525.0,6,498.9468035791615,300.11575564044097
Beans,Borno,2023-05-01,527.6,6,507.5996572718513,296.46075060900057
Beans,Borno,2023-06-01,486.668,18,516.2525109645411,268.87743167452436
Beans,Borno,2023-07-01,548.71,19,524.905364657231,298.15740568179103
Beans,Borno,2023-08-01,568.0640000000001,18,539.4459689640813,300.35374582309964
Beans,Borno,2023-09-01,596.0,18,553.9865732709317,306.8532715116628
Beans,Borno,2023-10-01,680.0,19,568.5271775777819,341.1468924404632
Beans,Borno,2023-11-01,725.384,19,583.0677818846323,354.84007678879817
Beans,Borno,2023-12-01,820.0,3,597.6083861914826,391.3640289598385
Beans,Borno,2024-01-01,916.0,15,612.148990498333,426.79770281015215
Beans,Borno,2024-02-01,947.2719999999999,10,626.6895948051833,431.12772616211294
Beans,Borno,2024-03-01,1185.208,9,641.2301991120337,527.186577008293
Beans,Borno,2024-04-01,1426.6680000000001,1,655.770803418884,620.5182806782053
Beans,Borno,2024-05-01,1710.5279999999998,9,670.3114077257343,727.8423375944163
Beans,Borno,2024-06-01,1875.556,9,684.8520120325846,781.1187035564678
Beans,Borno,2024-08-01,2300.0,5,712.8035417854693,920.3260696022676
Beans,Borno,2024-09-01,2158.642,15,726.2144672315035,847.8118129219132
Beans,Borno,2024-10-01,1581.9360000000001,21,739.6253926775378,610.0435415868827
Beans,Borno,2024-11-01,1210.0,16,753.036318123572,458.3035119625035
Beans,Borno,2024-12-01,1280.0,18,766.4472435696063,476.3338445341141
Beans,Borno,2025-01-01,1293.846,21,779.8581690156404,473.20649721934774
Beans,Borno,2025-02-01,1300.714,16,793.2690944616747,467.6759286412425
Beans,Borno,2025-03-01,1200.0,11,806.680019907709,424.29086636621173
Beans,Borno,2025-04-01,1133.3319999999999,16,820.0909453537432,394.1657382014935
Beans,Borno,2025-05-01,1050.0,21,833.5018707997775,359.30764459319
Beans,Borno,2025-06-01,995.3340000000001,15,846.9127962458117,335.2076195453564
Beans,Borno,2025-07-01,1000.154,10,860.323721691846,331.5802964709538
Beans,Borno,2025-08-01,975.484,15,860.323721691846,323.4014700962771
Beans,Borno,2025-09-01,1000.0,21,860.323721691846,331.5292409678447
Beans,Borno,2025-10-01,860.0,22,860.323721691846,285.11514723234643
Beans,Borno,2025-11-01,765.3340000000001,22,860.323721691846,253.73060010688448
Beans,Borno,2025-12-01,654.1179999999999,22,860.323721691846,216.85924404340463
Beans,Borno,2026-01-01,600.0,21,860.323721691846,198.91754458070682
Beans,Borno,2026-02-01,920.0,16,860.323721691846,305.0069016904171
Beans,Borno,2026-03-01,960.0,16,860.323721691846,318.2680713291309
Beans,Borno,2026-04-01,989.1659999999999,7,860.323721691846,327.9374531711991
Beans,Borno,2026-05-01,945.0,12,860.323721691846,313.29513271461326
Beans,Borno,2026-06-01,1020.0,12,860.323721691846,338.1598257872016
Beans,Borno,2026-07-01,1000.0,1,860.323721691846,331.5292409678447
Beans,Yobe,2016-12-01,225.8,9,196.52621318391925,327.70810968042974
Beans,Yobe,2017-02-01,258.4,7,201.58367787747176,365.61237069138485
Beans,Yobe,2017-03-01,307.2,9,204.112410224248,429.27494130629475
Beans,Yobe,2017-04-01,322.79999999999995,9,206.64114257102423,445.55412495411304
Beans,Yobe,2017-05-01,315.6,9,209.16987491780048,430.34978964329184
Beans,Yobe,2017-06-01,312.4,9,211.69860726457676,420.89790252528246
Beans,Yobe,2017-07-01,729.2,9,214.227339611353,970.857528369319
Beans,Yobe,2017-08-01,750.0,9,216.3865916876249,988.5864515032268
Beans,Yobe,2017-09-01,583.2,11,218.5458437638968,761.1297560973303
Beans,Yobe,2017-10-01,593.6,11,220.70509584016872,767.1234676669055
Beans,Yobe,2017-11-01,583.2,11,222.86434791644064,746.3811341528128
Beans,Yobe,2017-12-01,541.6,11,225.02359999271255,686.490172563389
Beans,Yobe,2018-01-01,604.0,11,227.1828520689845,758.3071106657402
Beans,Yobe,2018-02-01,666.8,11,229.3421041452564,829.269200252713
Beans,Yobe,2018-03-01,677.2,11,231.5013562215283,834.347841990811
Beans,Yobe,2018-04-01,687.5999999999999,11,233.66060829780025,839.3326205159561
Beans,Yobe,2018-05-01,687.5999999999999,11,235.81986037407216,831.647386962442
Beans,Yobe,2018-06-01,333.2,11,237.97911245034408,399.34650638781454
Beans,Yobe,2018-07-01,354.0,11,240.138364526616,420.46074035063515
Beans,Yobe,2018-08-01,375.2,11,242.41896304466323,441.44843111569895
Beans,Yobe,2018-09-01,354.2,11,244.6995615627105,412.8564774875947
Beans,Yobe,2018-10-01,291.6,11,246.9801600807577,336.7512287337362
Beans,Yobe,2018-11-01,250.0,11,249.26075859880495,286.0683647543232
Beans,Yobe,2018-12-01,250.0,11,251.54135711685225,283.4747272857305
Beans,Yobe,2019-01-01,250.0,11,253.8219556348995,280.9276976509829
Beans,Yobe,2019-02-01,250.0,11,256.1025541529468,278.42603071892
Beans,Yobe,2019-03-01,250.0,11,258.383152670994,275.96852531858974
Beans,Yobe,2019-04-01,225.0,10,260.66375118904125,246.19862008454842
Beans,Yobe,2019-05-01,208.4,11,262.9443497070885,226.05681736735974
Beans,Yobe,2019-06-01,166.8,11,265.22494822513573,179.37644398694601
Beans,Yobe,2019-07-01,166.8,11,267.505546743183,177.84718353866842
Beans,Yobe,2019-08-01,146.0,11,270.458367359174,153.970021673653
Beans,Yobe,2019-09-01,187.6,10,273.41118797516503,195.70426452059053
Beans,Yobe,2019-10-01,166.8,11,276.364008591156,172.14654075895896
Beans,Yobe,2019-11-01,166.8,11,279.316829207147,170.32667957849418
Beans,Yobe,2019-12-01,147.0,11,282.269649823138,148.53776585907357
Beans,Yobe,2020-01-01,125.2,8,285.222470439129,125.2
Beans,Yobe,2020-02-01,125.2,9,288.17529105512,123.91712408177507
Beans,Yobe,2020-05-01,166.8,11,297.03375290309305,160.16734665426407
Beans,Yobe,2020-06-01,187.6,11,299.986573519084,178.3671009895269
Beans,Yobe,2020-07-01,229.2,7,302.939394135075,215.79560628387526
Beans,Yobe,2020-08-01,250.0,11,307.2191314783556,232.1001861656715
Beans,Yobe,2020-09-01,250.0,11,311.49886882163617,228.91132118560515
Beans,Yobe,2020-10-01,166.8,11,315.7786061649168,150.65969366018544
Beans,Yobe,2020-11-01,266.8,11,320.05834350819737,237.7608853406148
Beans,Yobe,2020-12-01,250.0,11,324.3380808514779,219.8496624959521
Beans,Yobe,2021-01-01,312.4,11,328.6178181947585,271.1462824951745
Beans,Yobe,2021-02-01,333.2,11,332.8975555380391,285.4816010790993
Beans,Yobe,2021-03-01,445.0,11,337.17729288131966,376.43104095413497
Beans,Yobe,2021-05-01,481.6,11,345.73676756788086,397.3055649527211
Beans,Yobe,2021-06-01,541.6,11,350.0165049111614,441.34058772182857
Beans,Yobe,2021-07-01,576.4000000000001,11,354.296242254442,464.0247689758069
Beans,Yobe,2021-08-01,586.6,11,359.8608154286513,464.93392441268867
Beans,Yobe,2021-09-01,597.0,11,365.4253886028605,465.9714955854249
Beans,Yobe,2021-10-01,541.6,11,370.98996177706977,416.38994556585385
Beans,Yobe,2021-11-01,434.20000000000005,11,376.554534951279,328.8862174523897
Beans,Yobe,2021-12-01,422.0,11,382.11910812548825,314.99048324425803
Beans,Yobe,2022-01-01,498.0,11,387.6836812996975,366.3832065422482
Beans,Yobe,2022-02-01,484.6,11,393.24825447390674,351.479777983282
Beans,Yobe,2022-03-01,510.4,11,398.812827648116,365.02724792136996
Beans,Yobe,2022-04-01,432.6,11,404.3774008223252,305.1289227861201
Beans,Yobe,2022-05-01,531.2,11,409.9419739965345,369.5893221672054
Beans,Yobe,2023-02-01,297.79999999999995,10,481.6410961937818,176.35382937214817
Beans,Yobe,2023-03-01,322.6,10,490.2939498864717,187.66857919615103
Beans,Yobe,2023-04-01,411.6,10,498.9468035791615,235.2907524221057
Beans,Yobe,2023-05-01,457.0,10,507.5996572718513,256.7903014183344
Beans,Yobe,2023-06-01,480.79999999999995,10,516.2525109645411,265.63544171614177
Beans,Yobe,2023-07-01,545.0,5,524.905364657231,296.1414701692627
Beans,Yobe,2023-08-01,556.298,5,539.4459689640813,294.1326823982838
Beans,Yobe,2023-09-01,579.63,8,553.9865732709317,298.42510363474014
Beans,Yobe,2023-10-01,640.0,10,568.5271775777819,321.0794281792595
Beans,Yobe,2023-12-01,740.0,3,597.6083861914826,353.18217247595186
Beans,Yobe,2024-01-01,800.0,10,612.148990498333,372.74908542371367
Beans,Yobe,2024-02-01,998.7520000000001,10,626.6895948051833,454.5575914413839
Beans,Yobe,2024-03-01,1116.3980000000001,10,641.2301991120337,496.57953726173326
Beans,Yobe,2024-04-01,1224.318,10,655.770803418884,532.5077035185334
Beans,Yobe,2024-05-01,1392.354,10,670.3114077257343,592.4569431888493
Beans,Yobe,2024-06-01,1962.5,10,684.8520120325846,817.3285445646881
Beans,Yobe,2024-07-01,2031.234,5,699.392616339435,828.3667370585695
Beans,Yobe,2024-08-01,1990.322,5,712.8035417854693,796.4109667404019
Beans,Yobe,2024-09-01,2038.2599999999998,11,726.2144672315035,800.5314942478738
Beans,Yobe,2024-10-01,1594.192,8,739.6253926775378,614.7698349677077
Beans,Yobe,2024-11-01,1524.444,8,753.036318123572,577.4033380084022
Beans,Yobe,2024-12-01,1232.666,10,766.4472435696063,458.719167817569
Beans,Yobe,2025-01-01,1179.5520000000001,10,779.8581690156404,431.40502827081133
Beans,Yobe,2025-02-01,1125.716,9,793.2690944616747,404.7548313359469
Beans,Yobe,2025-03-01,1000.8340000000001,6,806.680019907709,353.87060412396767
Beans,Yobe,2025-04-01,1012.308,5,820.0909453537432,352.07435253507145
Beans,Yobe,2025-05-01,1071.852,10,833.5018707997775,366.78534997380945
Beans,Yobe,2025-06-01,1042.138,11,846.9127962458117,350.9702252889569
Beans,Yobe,2025-07-01,1029.9560000000001,9,860.323721691846,341.4605309102775
Beans,Yobe,2025-08-01,950.484,9,860.323721691846,315.1132390720809
Beans,Yobe,2025-09-01,863.434,11,860.323721691846,286.25361864583
Beans,Yobe,2025-10-01,776.1300000000001,12,860.323721691846,257.30978979237335
Beans,Yobe,2025-11-01,713.392,12,860.323721691846,236.51030827253268
Beans,Yobe,2025-12-01,579.032,12,860.323721691846,191.96603945609306
Beans,Yobe,2026-01-01,554.73,12,860.323721691846,183.9092158420925
Beans,Yobe,2026-02-01,730.716,12,860.323721691846,242.25372084305963
Beans,Yobe,2026-03-01,948.9639999999999,11,860.323721691846,314.60931462580976
Beans,Yobe,2026-04-01,890.0,6,860.323721691846,295.0610244613818
Beans,Yobe,2026-05-01,899.6779999999999,6,860.323721691846,298.2695644554685
Beans,Yobe,2026-06-01,943.3340000000001,4,860.323721691846,312.74280499916085
Cowpea,Abia,2021-03-01,579.3499999999999,1,337.17729288131966,490.0793788242203
Cowpea,Abia,2021-04-01,735.205,1,341.45703022460026,614.1240853681279
Cowpea,Abia,2021-05-01,697.87,1,345.73676756788086,575.7218326693427
Cowpea,Abia,2021-06-01,764.22,1,350.0165049111614,622.7498226528356
Cowpea,Abia,2021-07-01,792.04,1,354.296242254442,637.623487195694
Cowpea,Abia,2021-08-01,744.695,1,359.8608154286513,590.2386103656788
Cowpea,Abia,2021-09-01,751.225,1,365.4253886028605,586.3474652783265
Cowpea,Abia,2021-10-01,713.3,1,370.98996177706977,548.3953991361217
Cowpea,Abia,2021-11-01,755.45,1,376.554534951279,572.2180860764804
Cowpea,Abia,2021-12-01,828.14,1,382.11910812548825,618.1426985637437
Cowpea,Abia,2022-01-01,803.135,1,387.6836812996975,590.8738485668846
Cowpea,Abia,2022-02-01,803.135,1,393.24825447390674,582.5128177684753
Cowpea,Abia,2022-03-01,726.2,1,398.812827648116,519.3628280574038
Cowpea,Abia,2022-04-01,692.09,1,404.3774008223252,488.1569028456908
Cowpea,Abia,2022-05-01,733.255,1,409.9419739965345,510.17172143394987
Cowpea,Abia,2022-06-01,748.395,1,415.5065471707437,513.7321474661996
Cowpea,Abia,2022-07-01,734.95,1,421.071120344953,497.835744416544
Cowpea,Abia,2022-08-01,734.175,1,429.7239740376429,487.2970089779172
Cowpea,Abia,2022-09-01,726.2750000000001,1,438.3768277303327,472.5385481497362
Cowpea,Abia,2022-10-01,761.99,1,447.02968142302245,486.17950727134615
Cowpea,Abia,2022-11-01,800.0,1,455.6825351157123,500.73891090287566
Cowpea,Abia,2022-12-01,741.25,1,464.3353888084022,455.31992888925095
Cowpea,Abia,2023-01-01,743.83,1,472.988242501092,448.54609718178676
Cowpea,Adamawa,2019-02-01,195.905,1,256.1025541529468,218.18020619196008
Cowpea,Adamawa,2019-03-01,210.375,1,258.383152670994,232.22751405559328
Cowpea,Adamawa,2019-04-01,201.715,1,260.66375118904125,220.71979844602083
Cowpea,Adamawa,2019-08-01,105.295,1,270.458367359174,111.04296871320065
Cowpea,Adamawa,2019-09-01,124.735,1,273.41118797516503,130.12351511181163
Cowpea,Adamawa,2019-10-01,156.275,1,276.364008591156,161.28417660135676
Cowpea,Adamawa,2020-01-01,111.33500000000001,1,285.222470439129,111.33500000000001
Cowpea,Adamawa,2020-02-01,105.65,1,288.17529105512,104.56744536133814
Cowpea,Adamawa,2020-03-01,131.675,1,291.128111671111,129.00392400957926
Cowpea,Adamawa,2020-04-01,141.64499999999998,1,294.08093228710203,137.37829416940517
Cowpea,Adamawa,2020-05-01,148.47500000000002,1,297.03375290309305,142.57102394779292
Cowpea,Adamawa,2020-06-01,154.02499999999998,1,299.986573519084,146.44452414665182
Cowpea,Adamawa,2020-07-01,227.20999999999998,1,302.939394135075,213.9219882362971
Cowpea,Adamawa,2020-08-01,229.47500000000002,1,307.2191314783556,213.04476088146987
Cowpea,Adamawa,2020-09-01,227.27,1,311.49886882163617,208.09870386340995
Cowpea,Adamawa,2020-10-01,256.65,1,315.7786061649168,231.81540993936804
Cowpea,Adamawa,2020-11-01,310.155,1,320.05834350819737,276.39702920846463
Cowpea,Adamawa,2020-12-01,275.29499999999996,1,324.3380808514779,242.09405134729252
Cowpea,Adamawa,2021-01-01,324.72,1,328.6178181947585,281.83937532597014
Cowpea,Adamawa,2021-02-01,359.605,1,332.8975555380391,308.10507549834784
Cowpea,Adamawa,2021-03-01,450.78999999999996,1,337.17729288131966,381.3288740487966
Cowpea,Adamawa,2021-04-01,428.645,1,341.45703022460026,358.05145309487983
Cowpea,Adamawa,2021-05-01,529.075,1,345.73676756788086,436.47101697957
Cowpea,Adamawa,2021-06-01,619.76,1,350.0165049111614,505.0318364964558
Cowpea,Adamawa,2021-07-01,615.0350000000001,1,354.296242254442,495.127470137119
Cowpea,Adamawa,2021-08-01,577.145,1,359.8608154286513,457.43997580150216
Cowpea,Adamawa,2021-09-01,645.5550000000001,1,365.4253886028605,503.86973003793804
Cowpea,Adamawa,2021-10-01,610.635,1,370.98996177706977,469.4650561495663
Cowpea,Adamawa,2021-11-01,498.82,1,376.554534951279,377.83284889359976
Cowpea,Adamawa,2021-12-01,424.78499999999997,1,382.11910812548825,317.06927114908086
Cowpea,Adamawa,2022-01-01,389.02,1,387.6836812996975,286.2056124680028
Cowpea,Adamawa,2022-02-01,389.02,1,393.24825447390674,282.1557227219487
Cowpea,Adamawa,2022-03-01,408.635,1,398.812827648116,292.24707965193767
Cowpea,Adamawa,2022-04-01,410.05,1,404.3774008223252,289.22356631633966
Cowpea,Adamawa,2022-05-01,396.925,1,409.9419739965345,276.16574115440136
Cowpea,Adamawa,2022-06-01,412.765,1,415.5065471707437,283.34054857245957
Cowpea,Adamawa,2022-07-01,425.055,1,421.071120344953,287.9210454357087
Cowpea,Adamawa,2022-08-01,451.81,1,429.7239740376429,299.88171978930467
Cowpea,Adamawa,2022-09-01,452.21500000000003,1,438.3768277303327,294.22604323642275
Cowpea,Adamawa,2022-10-01,410.885,1,447.02968142302245,262.16074600084914
Cowpea,Adamawa,2022-11-01,401.985,1,455.6825351157123,251.61191387411563
Cowpea,Adamawa,2022-12-01,391.625,1,464.3353888084022,240.55941605565314
Cowpea,Adamawa,2023-01-01,395.12,1,472.988242501092,238.26618167923797
Cowpea,Borno,2018-01-01,278.71000000000004,2,227.1828520689845,349.9135344596829
Cowpea,Borno,2019-01-01,214.515,1,253.8219556348995,241.05282024640238
Cowpea,Borno,2019-02-01,223.25,2,256.1025541529468,248.63444543199557
Cowpea,Borno,2019-03-01,219.60500000000002,2,258.383152670994,242.41627201035564
Cowpea,Borno,2019-04-01,220.18,2,260.66375118904125,240.92449853429275
Cowpea,Borno,2019-05-01,180.625,1,262.9443497070885,195.92856351717538
Cowpea,Borno,2019-06-01,155.49,1,265.22494822513573,167.21368870221963
Cowpea,Borno,2019-08-01,150.0,2,270.458367359174,158.1883784318353
Cowpea,Borno,2019-09-01,184.555,2,273.41118797516503,192.5277214210959
Cowpea,Borno,2019-10-01,165.64499999999998,2,276.364008591156,170.95451884902727
Cowpea,Borno,2020-01-01,149.5,1,285.222470439129,149.5
Cowpea,Borno,2020-02-01,126.5,1,288.17529105512,125.20380348518007
Cowpea,Borno,2020-03-01,143.435,2,291.128111671111,140.52536806769697
Cowpea,Borno,2020-04-01,154.66,2,294.08093228710203,150.0012494351386
Cowpea,Borno,2020-05-01,159.01999999999998,2,297.03375290309305,152.6967114206299
Cowpea,Borno,2020-06-01,175.435,2,299.986573519084,166.80081216469964
Cowpea,Borno,2020-07-01,224.135,2,302.939394135075,211.02682467031582
Cowpea,Borno,2020-08-01,243.885,2,307.2191314783556,226.42301561205915
Cowpea,Borno,2020-09-01,255.055,2,311.49886882163617,233.5399080999781
Cowpea,Borno,2020-10-01,288.095,2,315.7786061649168,260.21765254814824
Cowpea,Borno,2020-11-01,310.025,2,320.05834350819737,276.2811787021143
Cowpea,Borno,2020-12-01,269.54999999999995,2,324.3380808514779,237.04190610313552
Cowpea,Borno,2021-01-01,351.34000000000003,2,328.6178181947585,304.94409376393924
Cowpea,Borno,2021-02-01,368.525,2,332.8975555380391,315.7476201610896
Cowpea,Borno,2021-03-01,355.57500000000005,2,337.17729288131966,300.7853199713855
Cowpea,Borno,2021-04-01,364.735,2,341.45703022460026,304.6667912714741
Cowpea,Borno,2021-05-01,379.47,2,345.73676756788086,313.0513761059159
Cowpea,Borno,2021-06-01,434.315,2,350.0165049111614,353.9158739963182
Cowpea,Borno,2021-07-01,474.675,2,354.296242254442,382.1321256307965
Cowpea,Borno,2021-08-01,492.865,2,359.8608154286513,390.64040002669583
Cowpea,Borno,2021-09-01,519.13,2,365.4253886028605,405.1922654996007
Cowpea,Borno,2021-10-01,467.90999999999997,2,370.98996177706977,359.7360033783579
Cowpea,Borno,2021-11-01,365.83000000000004,2,376.554534951279,277.09913618288283
Cowpea,Borno,2021-12-01,340.145,2,382.11910812548825,253.89203299317094
Cowpea,Borno,2022-01-01,329.33,2,387.6836812996975,242.291127330439
Cowpea,Borno,2022-02-01,329.33,2,393.24825447390674,238.86263987460634
Cowpea,Borno,2022-03-01,368.725,2,398.812827648116,263.7042946508761
Cowpea,Borno,2022-04-01,400.03999999999996,2,404.3774008223252,282.16313978585174
Cowpea,Borno,2022-05-01,363.71000000000004,2,409.9419739965345,253.0559720734832
Cowpea,Borno,2022-06-01,409.70500000000004,2,415.5065471707437,281.24002629311974
Cowpea,Borno,2022-07-01,401.45,2,421.071120344953,271.9316410586047
Cowpea,Borno,2022-08-01,424.475,2,429.7239740376429,281.73854719365465
Cowpea,Borno,2022-09-01,401.565,2,438.3768277303327,261.2714771784087
Cowpea,Borno,2022-10-01,349.69,2,447.02968142302245,223.11593577043928
Cowpea,Borno,2022-11-01,397.875,2,455.6825351157123,249.03936771935207
Cowpea,Borno,2022-12-01,310.515,2,464.3353888084022,190.73681985706003
Cowpea,Borno,2023-01-01,327.72,2,472.988242501092,197.62247686758423
Cowpea,Gombe,2018-01-01,303.33500000000004,1,227.1828520689845,380.8296149234972
Cowpea,Gombe,2019-01-01,254.995,1,253.8219556348995,286.54063305004956
Cowpea,Gombe,2019-02-01,258.33,1,256.1025541529468,287.7031860624744
Cowpea,Gombe,2019-03-01,279.165,1,258.383152670994,308.1630134822565
Cowpea,Gombe,2019-04-01,234.37,1,260.66375118904125,256.4514248409583
Cowpea,Gombe,2019-05-01,214.17,1,262.9443497070885,232.31568414379765
Cowpea,Gombe,2019-06-01,183.32999999999998,1,265.22494822513573,197.15277863385379
Cowpea,Gombe,2019-08-01,147.91500000000002,1,270.458367359174,155.9895599716328
Cowpea,Gombe,2019-09-01,165.625,1,273.41118797516503,172.77995101931134
Cowpea,Gombe,2019-10-01,184.995,1,276.364008591156,190.92475604138855
Cowpea,Gombe,2020-01-01,166.66,1,285.222470439129,166.66
Cowpea,Gombe,2020-02-01,158.32999999999998,1,288.17529105512,156.70765380085817
Cowpea,Gombe,2020-03-01,141.66500000000002,1,291.128111671111,138.7912731711946
Cowpea,Gombe,2020-04-01,153.60500000000002,1,294.08093228710203,148.9780287048006
Cowpea,Gombe,2020-05-01,168.05,1,297.03375290309305,161.36764151827984
Cowpea,Gombe,2020-06-01,187.41000000000003,1,299.986573519084,178.18645200664844
Cowpea,Gombe,2020-07-01,262.365,1,302.939394135075,247.0210045491664
Cowpea,Gombe,2020-08-01,264.78499999999997,1,307.2191314783556,245.82659117550926
Cowpea,Gombe,2020-09-01,274.03,1,311.49886882163617,250.9142773779655
Cowpea,Gombe,2020-10-01,324.995,1,315.7786061649168,293.54704521038354
Cowpea,Gombe,2020-11-01,308.75,1,320.05834350819737,275.14495258213947
Cowpea,Gombe,2020-12-01,263.16999999999996,1,324.3380808514779,231.43134271623885
Cowpea,Gombe,2021-01-01,333.46500000000003,1,328.6178181947585,289.42956175497244
Cowpea,Gombe,2021-02-01,364.58500000000004,1,332.8975555380391,312.3718773392059
Cowpea,Gombe,2021-03-01,435.41499999999996,1,337.17729288131966,368.32297010571835
Cowpea,Gombe,2021-04-01,479.16499999999996,1,341.45703022460026,400.2513140762359
Cowpea,Gombe,2021-05-01,479.835,1,345.73676756788086,395.84949285525107
Cowpea,Gombe,2021-06-01,548.05,1,350.0165049111614,446.5965825349854
Cowpea,Gombe,2021-07-01,602.15,1,354.296242254442,484.75453615333464
Cowpea,Gombe,2021-08-01,652.415,1,359.8608154286513,517.0983059933587
Cowpea,Gombe,2021-09-01,688.605,1,365.4253886028605,537.4711921567865
Cowpea,Gombe,2021-10-01,641.125,1,370.98996177706977,492.90621095071646
Cowpea,Gombe,2021-11-01,572.915,1,376.554534951279,433.95635023430634
Cowpea,Gombe,2021-12-01,479.16499999999996,1,382.11910812548825,357.65975095671774
Cowpea,Gombe,2022-01-01,520.8299999999999,1,387.6836812996975,383.17944872168505
Cowpea,Gombe,2022-02-01,520.8299999999999,1,393.24825447390674,377.7573519748921
Cowpea,Gombe,2022-03-01,503.895,1,398.812827648116,360.3750099751934
Cowpea,Gombe,2022-04-01,517.91,1,404.3774008223252,365.301249191307
Cowpea,Gombe,2022-05-01,502.955,1,409.9419739965345,349.9374953512929
Cowpea,Gombe,2022-06-01,492.895,1,415.5065471707437,338.3454015932127
Cowpea,Gombe,2022-07-01,520.315,1,421.071120344953,352.4476567876646
Cowpea,Gombe,2022-08-01,520.835,1,429.7239740376429,345.69596849663026
Cowpea,Gombe,2022-09-01,520.835,1,438.3768277303327,338.8724859393038
Cowpea,Gombe,2022-10-01,518.95,1,447.02968142302245,331.1104545971274
Cowpea,Gombe,2022-11-01,530.55,1,455.6825351157123,332.0837864744008
Cowpea,Gombe,2022-12-01,503.895,1,464.3353888084022,309.5223414066092
Cowpea,Gombe,2023-01-01,491.66499999999996,1,472.988242501092,296.48497219913577
Cowpea,Jigawa,2018-01-01,253.91,1,227.1828520689845,318.7777458098313
Cowpea,Jigawa,2019-01-01,196.08,1,253.8219556348995,220.33721182161892
Cowpea,Jigawa,2019-02-01,196.08,1,256.1025541529468,218.37510441346333
Cowpea,Jigawa,2019-03-01,200.0,1,258.383152670994,220.7748202548718
Cowpea,Jigawa,2019-04-01,203.92,1,260.66375118904125,223.13254492284938
Cowpea,Jigawa,2019-05-01,175.1,1,262.9443497070885,189.93545451547357
Cowpea,Jigawa,2019-06-01,143.79,1,265.22494822513573,154.6315280628475
Cowpea,Jigawa,2019-08-01,137.25,1,270.458367359174,144.74236626512928
Cowpea,Jigawa,2019-09-01,137.25,1,273.41118797516503,143.17915941071988
Cowpea,Jigawa,2019-10-01,147.06,1,276.364008591156,151.77380266194547
Cowpea,Jigawa,2020-01-01,156.86,1,285.222470439129,156.86
Cowpea,Jigawa,2020-02-01,137.25,1,288.17529105512,135.8436523979523
Cowpea,Jigawa,2020-03-01,141.18,1,291.128111671111,138.3161115752603
Cowpea,Jigawa,2020-04-01,141.18,1,294.08093228710203,136.92730114608085
Cowpea,Jigawa,2020-06-01,166.05,1,299.986573519084,157.87770319462123
Cowpea,Jigawa,2020-07-01,180.72,1,302.939394135075,170.150881185087
Cowpea,Jigawa,2020-08-01,192.15,1,307.2191314783556,178.39220308693513
Cowpea,Jigawa,2020-09-01,191.5,1,311.49886882163617,175.34607202817355
Cowpea,Jigawa,2020-10-01,205.44,1,315.7786061649168,185.56071622031473
Cowpea,Jigawa,2020-11-01,224.83,1,320.05834350819737,200.35899494426695
Cowpea,Jigawa,2020-12-01,196.78,1,324.3380808514779,173.04806634381382
Cowpea,Jigawa,2021-01-01,254.16,1,328.6178181947585,220.59711638595888
Cowpea,Jigawa,2021-02-01,289.22,1,332.8975555380391,247.800086026702
Cowpea,Jigawa,2021-03-01,358.3,1,337.17729288131966,303.09043140194734
Cowpea,Jigawa,2021-04-01,388.68,1,341.45703022460026,324.66828911784324
Cowpea,Jigawa,2021-05-01,352.94,1,345.73676756788086,291.16492129238657
Cowpea,Jigawa,2021-06-01,459.78,1,350.0165049111614,374.6668674718285
Cowpea,Jigawa,2021-07-01,526.88,1,354.296242254442,424.15921283479025
Cowpea,Jigawa,2021-08-01,526.82,1,359.8608154286513,417.55282996776793
Cowpea,Jigawa,2021-09-01,479.08,1,365.4253886028605,373.93236868520165
Cowpea,Jigawa,2021-10-01,384.62,1,370.98996177706977,295.70144177167407
Cowpea,Jigawa,2021-11-01,334.01,1,376.554534951279,252.9969725731752
Cowpea,Jigawa,2021-12-01,335.97,1,382.11910812548825,250.77571719330186
Cowpea,Jigawa,2022-01-01,395.26,1,387.6836812996975,290.79643818853225
Cowpea,Jigawa,2022-02-01,395.26,1,393.24825447390674,286.6815869700207
Cowpea,Jigawa,2022-03-01,395.26,1,398.812827648116,282.68156350587907
Cowpea,Jigawa,2022-04-01,395.26,1,404.3774008223252,278.7916274166477
Cowpea,Jigawa,2022-05-01,413.62,1,409.9419739965345,287.78150496008936
Cowpea,Jigawa,2022-06-01,420.0,1,415.5065471707437,288.3069795172387
Cowpea,Jigawa,2022-07-01,420.0,1,421.071120344953,284.4969217701183
Cowpea,Jigawa,2022-08-01,438.78,1,429.7239740376429,291.2332640029019
Cowpea,Jigawa,2022-09-01,354.49,1,438.3768277303327,230.64292442063953
Cowpea,Jigawa,2022-10-01,307.62,1,447.02968142302245,196.2736256733179
Cowpea,Jigawa,2022-11-01,332.67,1,455.6825351157123,208.22601686257457
Cowpea,Jigawa,2022-12-01,283.5,1,464.3353888084022,174.14259674887373
Cowpea,Jigawa,2023-01-01,307.69,1,472.988242501092,185.54393966613873
Cowpea,Kaduna,2016-07-01,280.0,1,183.882551450038,434.311418311243
Cowpea,Kaduna,2017-04-01,320.0,1,206.64114257102423,441.6893432011035
Cowpea,Kaduna,2017-05-01,333.0,1,209.16987491780048,454.07629895822623
Cowpea,Kaduna,2017-08-01,376.0,1,216.3865916876249,495.6113410202844
Cowpea,Kaduna,2018-01-01,254.35,1,227.1828520689845,319.33015496329637
Cowpea,Kaduna,2018-09-01,560.0,1,244.6995615627105,652.737513814379
Cowpea,Kaduna,2018-10-01,219.445,1,246.9801600807577,253.4237770558118
Cowpea,Kaduna,2018-11-01,222.22,1,249.26075859880495,254.2804480628228
Cowpea,Kaduna,2018-12-01,212.96,1,251.54135711685225,241.47511169107673
Cowpea,Kaduna,2019-01-01,206.66500000000002,1,253.8219556348995,232.23169054016157
Cowpea,Kaduna,2019-02-01,188.015,2,256.1025541529468,209.39308066247096
Cowpea,Kaduna,2019-03-01,185.45,2,258.383152670994,204.71345208132988
Cowpea,Kaduna,2019-04-01,165.91,2,260.66375118904125,181.54139136989969
Cowpea,Kaduna,2019-05-01,137.225,1,262.9443497070885,148.8514719924949
Cowpea,Kaduna,2019-06-01,104.94,1,265.22494822513573,112.85230235006064
Cowpea,Kaduna,2019-08-01,121.19,2,270.458367359174,127.80566388102746
Cowpea,Kaduna,2019-09-01,196.26999999999998,2,273.41118797516503,204.7488059565901
Cowpea,Kaduna,2019-10-01,215.325,2,276.364008591156,222.22694178011292
Cowpea,Kaduna,2020-01-01,125.19,2,285.222470439129,125.19
Cowpea,Kaduna,2020-02-01,127.86,2,288.17529105512,126.54986809181918
Cowpea,Kaduna,2020-03-01,111.11,1,291.128111671111,108.85609262733512
Cowpea,Kaduna,2020-04-01,136.48000000000002,2,294.08093228710203,132.36887703936193
Cowpea,Kaduna,2020-05-01,150.47,2,297.03375290309305,144.48669455076205
Cowpea,Kaduna,2020-06-01,182.01,2,299.986573519084,173.0522177564168
Cowpea,Kaduna,2020-07-01,246.9,2,302.939394135075,232.46045022464574
Cowpea,Kaduna,2020-08-01,247.805,2,307.2191314783556,230.0623465311369
Cowpea,Kaduna,2020-09-01,244.26,2,311.49886882163617,223.65551725118365
Cowpea,Kaduna,2020-10-01,266.185,2,315.7786061649168,240.42776113271262
Cowpea,Kaduna,2020-11-01,285.20000000000005,2,320.05834350819737,254.15818777789858
Cowpea,Kaduna,2020-12-01,249.14,2,324.3380808514779,219.09337965696602
Cowpea,Kaduna,2021-01-01,276.555,2,328.6178181947585,240.03476362180854
Cowpea,Kaduna,2021-02-01,303.88,2,332.8975555380391,260.36059104416773
Cowpea,Kaduna,2021-03-01,392.41,2,337.17729288131966,331.94450512542045
Cowpea,Kaduna,2021-04-01,434.385,2,341.45703022460026,362.8461324700379
Cowpea,Kaduna,2021-05-01,477.055,2,345.73676756788086,393.5560761804825
Cowpea,Kaduna,2021-06-01,517.8050000000001,2,350.0165049111614,421.9504487173217
Cowpea,Kaduna,2021-07-01,590.745,2,354.296242254442,475.5730606325694
Cowpea,Kaduna,2021-08-01,597.8199999999999,2,359.8608154286513,473.8267962707015
Cowpea,Kaduna,2021-09-01,674.89,2,365.4253886028605,526.7663361066121
Cowpea,Kaduna,2021-10-01,633.17,2,370.98996177706977,486.7902914215872
Cowpea,Kaduna,2021-11-01,498.77,2,376.554534951279,377.79497622922247
Cowpea,Kaduna,2021-12-01,405.52,2,382.11910812548825,302.68943309291825
Cowpea,Kaduna,2022-01-01,516.8299999999999,2,387.6836812996975,380.2366117213457
Cowpea,Kaduna,2022-02-01,516.8299999999999,2,393.24825447390674,374.85615694407676
Cowpea,Kaduna,2022-03-01,458.66999999999996,2,398.812827648116,328.03104977291287
Cowpea,Kaduna,2022-04-01,428.905,2,404.3774008223252,302.52270140448644
Cowpea,Kaduna,2022-05-01,433.125,2,409.9419739965345,301.35236288341645
Cowpea,Kaduna,2022-06-01,474.755,2,415.5065471707437,325.8932858588254
Cowpea,Kaduna,2022-07-01,482.21500000000003,2,421.071120344953,326.6397217413753
Cowpea,Kaduna,2022-08-01,502.07500000000005,2,429.7239740376429,333.2443161134441
Cowpea,Kaduna,2022-09-01,515.825,2,438.3768277303327,335.6128141535061
Cowpea,Kaduna,2022-10-01,510.23,2,447.02968142302245,325.54675257557045
Cowpea,Kaduna,2022-11-01,497.95,2,455.6825351157123,311.6786758551087
Cowpea,Kaduna,2022-12-01,404.35,2,464.3353888084022,248.3758694723354
Cowpea,Kaduna,2023-01-01,415.52,2,472.988242501092,250.5678371415189
Cowpea,Kano,2018-01-01,260.85,1,227.1828520689845,327.4907447303946
Cowpea,Kano,2019-02-01,245.79,1,256.1025541529468,273.73733636161336
Cowpea,Kano,2019-03-01,257.57,1,258.383152670994,284.32485226523664
Cowpea,Kano,2019-04-01,207.89499999999998,1,260.66375118904125,227.48205387767638
Cowpea,Kano,2019-08-01,159.235,1,270.458367359174,167.92750959728863
Cowpea,Kano,2019-09-01,147.065,1,273.41118797516503,153.41816450810578
Cowpea,Kano,2019-10-01,148.2,1,276.364008591156,152.95034376785202
Cowpea,Kano,2020-01-01,157.9,1,285.222470439129,157.9
Cowpea,Kano,2020-02-01,139.265,1,288.17529105512,137.83800547323006
Cowpea,Kano,2020-03-01,178.84,1,291.128111671111,175.2121645708992
Cowpea,Kano,2020-04-01,191.175,1,294.08093228710203,185.41632523446668
Cowpea,Kano,2020-05-01,174.655,1,297.03375290309305,167.70999957973913
Cowpea,Kano,2020-06-01,182.37,1,299.986573519084,173.39450003976557
Cowpea,Kano,2020-07-01,230.015,1,302.939394135075,216.56294231843617
Cowpea,Kano,2020-08-01,207.5,1,307.2191314783556,192.64315451750736
Cowpea,Kano,2020-09-01,202.55,1,311.49886882163617,185.46395242457731
Cowpea,Kano,2020-10-01,221.48000000000002,1,315.7786061649168,200.04861481929183
Cowpea,Kano,2020-11-01,253.88,1,320.05834350819737,226.24712732486987
Cowpea,Kano,2020-12-01,236.845,1,324.3380808514779,208.2811732554151
Cowpea,Kano,2021-01-01,294.01,1,328.6178181947585,255.1847583751801
Cowpea,Kano,2021-02-01,358.105,1,332.8975555380391,306.8198942209809
Cowpea,Kano,2021-03-01,410.425,1,337.17729288131966,347.1836179406761
Cowpea,Kano,2021-04-01,409.83000000000004,1,341.45703022460026,342.3350955263088
Cowpea,Kano,2021-05-01,421.505,1,345.73676756788086,347.72899118645495
Cowpea,Kano,2021-06-01,480.865,1,350.0165049111614,391.8486737718927
Cowpea,Kano,2021-07-01,537.065,1,354.296242254442,432.35854016306683
Cowpea,Kano,2021-08-01,515.485,1,359.8608154286513,408.5688101361658
Cowpea,Kano,2021-09-01,463.495,1,365.4253886028605,361.7679369285872
Cowpea,Kano,2021-10-01,407.6,1,370.98996177706977,313.36879950635523
Cowpea,Kano,2021-11-01,393.635,1,376.554534951279,298.160124843094
Cowpea,Kano,2021-12-01,394.31,1,382.11910812548825,294.3220318674014
Cowpea,Kano,2022-01-01,486.08000000000004,1,387.6836812996975,357.61355228123705
Cowpea,Kano,2022-02-01,486.08000000000004,1,393.24825447390674,352.5532201446837
Cowpea,Kano,2022-03-01,461.68,1,398.812827648116,330.18373789251194
Cowpea,Kano,2022-04-01,484.77,1,404.3774008223252,341.9263705479136
Cowpea,Kano,2022-05-01,476.62,1,409.9419739965345,331.61457592495
Cowpea,Kano,2022-06-01,482.48,1,415.5065471707437,331.19607494637455
Cowpea,Kano,2022-07-01,481.175,1,421.071120344953,325.93525317318256
Cowpea,Kano,2022-08-01,463.095,1,429.7239740376429,307.37195950914776
Cowpea,Kano,2022-09-01,409.35,1,438.3768277303327,266.33665579166916
Cowpea,Kano,2022-10-01,383.61,1,447.02968142302245,244.75822620291748
Cowpea,Kano,2022-11-01,399.525,1,455.6825351157123,250.07214172308923
Cowpea,Kano,2022-12-01,447.27,1,464.3353888084022,274.73989152687386
Cowpea,Kano,2023-01-01,452.525,1,472.988242501092,272.8826783367006
Cowpea,Katsina,2018-01-01,297.455,1,227.1828520689845,373.44741987264524
Cowpea,Katsina,2018-10-01,201.03,1,246.9801600807577,232.15740573505823
Cowpea,Katsina,2018-11-01,210.3,1,249.26075859880495,240.64070843133672
Cowpea,Katsina,2018-12-01,204.93,1,251.54135711685225,232.36990345065905
Cowpea,Katsina,2019-01-01,229.175,1,253.8219556348995,257.52642043665605
Cowpea,Katsina,2019-02-01,223.07999999999998,1,256.1025541529468,248.44511573110668
Cowpea,Katsina,2019-03-01,220.04,1,258.383152670994,242.89645724440996
Cowpea,Katsina,2019-04-01,215.99,1,260.66375118904125,236.33973312027385
Cowpea,Katsina,2019-05-01,154.84,1,262.9443497070885,167.95891363321488
Cowpea,Katsina,2019-06-01,113.155,1,265.22494822513573,121.68669975625225
Cowpea,Katsina,2019-08-01,137.5,1,270.458367359174,145.00601356251568
Cowpea,Katsina,2019-09-01,201.265,1,273.41118797516503,209.95958847940645
Cowpea,Katsina,2019-10-01,218.47500000000002,1,276.364008591156,225.47791062538104
Cowpea,Katsina,2020-01-01,143.6,1,285.222470439129,143.6
Cowpea,Katsina,2020-02-01,117.27,1,288.17529105512,116.06837972100448
Cowpea,Katsina,2020-03-01,168.13,1,291.128111671111,164.71942087511343
Cowpea,Katsina,2020-04-01,170.21,1,294.08093228710203,165.08284408609168
Cowpea,Katsina,2020-05-01,161.65499999999997,1,297.03375290309305,155.2269329939751
Cowpea,Katsina,2020-06-01,216.45999999999998,1,299.986573519084,205.80673070465346
Cowpea,Katsina,2020-07-01,266.935,1,302.939394135075,251.32373544234838
Cowpea,Katsina,2020-08-01,274.9,1,307.2191314783556,255.21736470777236
Cowpea,Katsina,2020-09-01,274.9,1,311.49886882163617,251.71088877569142
Cowpea,Katsina,2020-10-01,316.15999999999997,1,315.7786061649168,285.56695891849057
Cowpea,Katsina,2020-11-01,329.755,1,320.05834350819737,293.86372093513654
Cowpea,Katsina,2020-12-01,271.26,1,324.3380808514779,238.54567779460788
Cowpea,Katsina,2021-01-01,333.53499999999997,1,328.6178181947585,289.4903179642382
Cowpea,Katsina,2021-02-01,350.07000000000005,1,332.8975555380391,299.9356065118857
Cowpea,Katsina,2021-03-01,481.49,1,337.17729288131966,407.298386312374
Cowpea,Katsina,2021-04-01,470.19,1,341.45703022460026,392.7544068650785
Cowpea,Katsina,2021-05-01,473.17499999999995,1,345.73676756788086,390.3551924761291
Cowpea,Katsina,2021-06-01,547.6700000000001,1,350.0165049111614,446.2869270266135
Cowpea,Katsina,2021-07-01,573.45,1,354.296242254442,461.6499024447891
Cowpea,Katsina,2021-08-01,575.4200000000001,1,359.8608154286513,456.0727561976634
Cowpea,Katsina,2021-09-01,624.175,1,365.4253886028605,487.18217463489543
Cowpea,Katsina,2021-10-01,653.79,1,370.98996177706977,502.6432468823847
Cowpea,Katsina,2021-11-01,514.51,1,376.554534951279,389.71729097519346
Cowpea,Katsina,2021-12-01,443.28499999999997,1,382.11910812548825,330.8780956514951
Cowpea,Katsina,2022-01-01,437.305,1,387.6836812996975,321.7293336083492
Cowpea,Katsina,2022-02-01,437.305,1,393.24825447390674,317.1767732376788
Cowpea,Katsina,2022-03-01,460.625,1,398.812827648116,329.42922428248636
Cowpea,Katsina,2022-04-01,506.625,1,404.3774008223252,357.3415175832596
Cowpea,Katsina,2022-05-01,458.865,1,409.9419739965345,319.26130330620236
Cowpea,Katsina,2022-06-01,464.93499999999995,1,415.5065471707437,319.1523940996365
Cowpea,Katsina,2022-07-01,511.615,1,421.071120344953,346.5545062652835
Cowpea,Katsina,2022-08-01,550.095,1,429.7239740376429,365.11682930324156
Cowpea,Katsina,2022-09-01,561.84,1,438.3768277303327,365.5516958348391
Cowpea,Katsina,2022-10-01,549.05,1,447.02968142302245,350.3154351990611
Cowpea,Katsina,2022-11-01,530.02,1,455.6825351157123,331.7520469459277
Cowpea,Katsina,2022-12-01,478.595,1,464.3353888084022,293.9815735133235
Cowpea,Katsina,2023-01-01,479.17499999999995,1,472.988242501092,288.95322334012155
Cowpea,Kebbi,2018-01-01,268.38,1,227.1828520689845,336.94447410674064
Cowpea,Kebbi,2019-01-01,237.71,1,253.8219556348995,267.1172920344606
Cowpea,Kebbi,2019-02-01,236.35000000000002,1,256.1025541529468,263.223969441667
Cowpea,Kebbi,2019-03-01,224.34,1,258.383152670994,247.64311587988973
Cowpea,Kebbi,2019-04-01,232.215,1,260.66375118904125,254.09338916859292
Cowpea,Kebbi,2019-05-01,231.86,1,262.9443497070885,251.50448020535524
Cowpea,Kebbi,2019-06-01,191.31,1,265.22494822513573,205.73445742891272
Cowpea,Kebbi,2019-08-01,173.51,1,270.458367359174,182.9817702780516
Cowpea,Kebbi,2019-09-01,188.29500000000002,1,273.41118797516503,196.4292883150565
Cowpea,Kebbi,2019-10-01,183.62,1,276.364008591156,189.505682339089
Cowpea,Kebbi,2020-01-01,184.425,1,285.222470439129,184.425
Cowpea,Kebbi,2020-02-01,189.20999999999998,1,288.17529105512,187.2712383986634
Cowpea,Kebbi,2020-03-01,202.19,1,291.128111671111,198.08850119989998
Cowpea,Kebbi,2020-04-01,208.47500000000002,1,294.08093228710203,202.19520545707047
Cowpea,Kebbi,2020-05-01,203.185,1,297.03375290309305,195.10552955603504
Cowpea,Kebbi,2020-06-01,231.73000000000002,1,299.986573519084,220.32520422336393
Cowpea,Kebbi,2020-07-01,252.95499999999998,1,302.939394135075,238.16133327896014
Cowpea,Kebbi,2020-08-01,253.295,1,307.2191314783556,235.15926661933503
Cowpea,Kebbi,2020-09-01,259.75,1,311.49886882163617,237.83886271184377
Cowpea,Kebbi,2020-10-01,266.07,1,315.7786061649168,240.32388904175983
Cowpea,Kebbi,2020-11-01,364.93,1,320.05834350819737,325.2101944803244
Cowpea,Kebbi,2020-12-01,406.54499999999996,1,324.3380808514779,357.5151241576674
Cowpea,Kebbi,2021-01-01,379.0,1,328.6178181947585,328.95147588243003
Cowpea,Kebbi,2021-02-01,353.345,1,332.8975555380391,302.7415856341367
Cowpea,Kebbi,2021-03-01,366.71,1,337.17729288131966,310.2045551197547
Cowpea,Kebbi,2021-04-01,380.02,1,341.45703022460026,317.4345045553226
Cowpea,Kebbi,2021-05-01,378.52,1,345.73676756788086,312.2676545803654
Cowpea,Kebbi,2021-06-01,421.055,1,350.0165049111614,343.1105265199677
Cowpea,Kebbi,2021-07-01,482.23,1,354.296242254442,388.2141990687081
Cowpea,Kebbi,2021-08-01,534.1700000000001,1,359.8608154286513,423.3783743667336
Cowpea,Kebbi,2021-09-01,492.09000000000003,1,365.4253886028605,384.08695688883046
Cowpea,Kebbi,2021-10-01,454.945,1,370.98996177706977,349.76832308983995
Cowpea,Kebbi,2021-11-01,409.41499999999996,1,376.554534951279,310.1127377205668
Cowpea,Kebbi,2021-12-01,436.94000000000005,1,382.11910812548825,326.14204205864013
Cowpea,Kebbi,2022-01-01,547.665,1,387.6836812996975,402.9222064477116
Cowpea,Kebbi,2022-02-01,547.665,1,393.24825447390674,397.22074413787476
Cowpea,Kebbi,2022-03-01,524.41,1,398.812827648116,375.04690259099846
Cowpea,Kebbi,2022-04-01,544.07,1,404.3774008223252,383.7528733708839
Cowpea,Kebbi,2022-05-01,531.495,1,409.9419739965345,369.7945722614059
Cowpea,Kebbi,2022-06-01,526.89,1,415.5065471707437,361.6811058043759
Cowpea,Kebbi,2022-07-01,490.90999999999997,1,421.071120344953,332.52948539564
Cowpea,Kebbi,2022-08-01,472.84000000000003,1,429.7239740376429,313.84004866022184
Cowpea,Kebbi,2022-09-01,468.67499999999995,1,438.3768277303327,304.93546391391357
Cowpea,Kebbi,2022-10-01,424.625,1,447.02968142302245,270.92740492013723
Cowpea,Kebbi,2022-11-01,361.77,1,455.6825351157123,226.44039474666667
Cowpea,Kebbi,2022-12-01,349.225,1,464.3353888084022,214.51480899338776
Cowpea,Kebbi,2023-01-01,341.96500000000003,1,472.988242501092,206.2125299097505
Cowpea,Lagos,2018-01-01,421.32000000000005,1,227.1828520689845,528.9568739498173
Cowpea,Lagos,2019-02-01,338.185,1,256.1025541529468,376.63802879471183
Cowpea,Lagos,2019-03-01,331.8,1,258.383152670994,366.2654268028324
Cowpea,Lagos,2019-04-01,327.95,1,260.66375118904125,358.84816647434513
Cowpea,Lagos,2019-08-01,287.265,1,270.458367359174,302.9465635348077
Cowpea,Lagos,2019-09-01,251.95999999999998,1,273.41118797516503,262.8445974872494
Cowpea,Lagos,2019-10-01,254.905,1,276.364008591156,263.0756233343071
Cowpea,Lagos,2020-01-01,219.08499999999998,1,285.222470439129,219.08499999999998
Cowpea,Lagos,2020-02-01,217.29,1,288.17529105512,215.0635135122117
Cowpea,Lagos,2020-03-01,235.925,1,291.128111671111,231.13917426967905
Cowpea,Lagos,2020-04-01,238.35000000000002,1,294.08093228710203,231.17029485882117
Cowpea,Lagos,2020-05-01,238.875,1,297.03375290309305,229.3763485134132
Cowpea,Lagos,2020-06-01,249.105,1,299.986573519084,236.84507831554424
Cowpea,Lagos,2020-07-01,283.835,1,302.939394135075,267.23536609766023
Cowpea,Lagos,2020-08-01,326.45,1,307.2191314783556,303.0764230951338
Cowpea,Lagos,2020-09-01,321.56,1,311.49886882163617,294.4348977617728
Cowpea,Lagos,2020-10-01,338.99,1,315.7786061649168,306.1878270615483
Cowpea,Lagos,2020-11-01,380.635,1,320.05834350819737,339.20582680519084
Cowpea,Lagos,2020-12-01,376.975,1,324.3380808514779,331.5113060776462
Cowpea,Lagos,2021-01-01,401.185,1,328.6178181947585,348.20685449048204
Cowpea,Lagos,2021-02-01,456.20000000000005,1,332.8975555380391,390.86646582318457
Cowpea,Lagos,2021-03-01,506.575,1,337.17729288131966,428.51810016031664
Cowpea,Lagos,2021-04-01,549.1949999999999,1,341.45703022460026,458.748073073155
Cowpea,Lagos,2021-05-01,621.04,1,345.73676756788086,512.3393855029856
Cowpea,Lagos,2021-06-01,707.94,1,350.0165049111614,576.8882120971036
Cowpea,Lagos,2021-07-01,776.175,1,354.296242254442,624.8515354958307
Cowpea,Lagos,2021-08-01,790.7750000000001,1,359.8608154286513,626.7612070873575
Cowpea,Lagos,2021-09-01,812.6,1,365.4253886028605,634.2519887985197
Cowpea,Lagos,2021-10-01,846.2,1,370.98996177706977,650.570849220505
Cowpea,Lagos,2021-12-01,674.075,1,382.11910812548825,503.1450473764769
Cowpea,Lagos,2022-01-01,699.51,1,387.6836812996975,514.6359775268436
Cowpea,Lagos,2022-02-01,699.51,1,393.24825447390674,507.3537340014147
Cowpea,Lagos,2022-03-01,661.135,1,398.812827648116,472.8297209139791
Cowpea,Lagos,2022-04-01,657.905,1,404.3774008223252,464.04494670735625
Cowpea,Lagos,2022-05-01,656.575,1,409.9419739965345,456.8206122024339
Cowpea,Lagos,2022-06-01,654.4200000000001,1,415.5065471707437,449.2234607992175
Cowpea,Lagos,2022-07-01,663.29,1,421.071120344953,449.2951505735757
Cowpea,Lagos,2022-08-01,663.4300000000001,1,429.7239740376429,440.3411375574211
Cowpea,Lagos,2022-09-01,668.855,1,438.3768277303327,435.1791960658039
Cowpea,Lagos,2022-10-01,665.13,1,447.02968142302245,424.3790281649241
Cowpea,Lagos,2022-11-01,626.4300000000001,1,455.6825351157123,392.0973449461105
Cowpea,Lagos,2022-12-01,629.4100000000001,1,464.3353888084022,386.62113516652073
Cowpea,Lagos,2023-01-01,631.6600000000001,1,472.988242501092,380.90508280903896
Cowpea,Oyo,2014-05-01,144.36,1,143.98930281471485,285.95676920233586
Cowpea,Oyo,2018-01-01,382.41499999999996,1,227.1828520689845,480.11260550536264
Cowpea,Oyo,2019-02-01,327.555,1,256.1025541529468,364.7993539685434
Cowpea,Oyo,2019-03-01,293.385,1,258.383152670994,323.8601032023778
Cowpea,Oyo,2019-04-01,287.005,1,260.66375118904125,314.0454886994036
Cowpea,Oyo,2019-08-01,245.44,1,270.458367359174,258.83837068206435
Cowpea,Oyo,2019-09-01,241.8,1,273.41118797516503,252.2456884918912
Cowpea,Oyo,2019-10-01,238.02999999999997,1,276.364008591156,245.65971880608507
Cowpea,Oyo,2020-01-01,219.475,1,285.222470439129,219.475
Cowpea,Oyo,2020-02-01,204.07,1,288.17529105512,201.97897373296993
Cowpea,Oyo,2020-03-01,204.73,1,291.128111671111,200.57697636211248
Cowpea,Oyo,2020-04-01,210.975,1,294.08093228710203,204.61989913085708
Cowpea,Oyo,2020-05-01,220.43,1,297.03375290309305,211.66479749999655
Cowpea,Oyo,2020-06-01,221.255,1,299.986573519084,210.36574056203506
Cowpea,Oyo,2020-07-01,287.81,1,302.939394135075,270.9778946097825
Cowpea,Oyo,2020-08-01,318.755,1,307.2191314783556,295.93237936495444
Cowpea,Oyo,2020-09-01,318.755,1,311.49886882163617,291.8665127380703
Cowpea,Oyo,2020-10-01,339.745,1,315.7786061649168,306.8697699195426
Cowpea,Oyo,2020-11-01,365.03499999999997,1,320.05834350819737,325.30376604314586
Cowpea,Oyo,2020-12-01,371.99,1,324.3380808514779,327.12750380747696
Cowpea,Oyo,2021-01-01,393.35,1,328.6178181947585,341.4064987819363
Cowpea,Oyo,2021-02-01,450.01,1,332.8975555380391,385.5629510852505
Cowpea,Oyo,2021-03-01,515.75,1,337.17729288131966,436.2793469035845
Cowpea,Oyo,2021-04-01,531.985,1,341.45703022460026,444.37238804763774
Cowpea,Oyo,2021-05-01,569.585,1,345.73676756788086,469.890552769094
Cowpea,Oyo,2021-06-01,633.81,1,350.0165049111614,516.4809414770534
Cowpea,Oyo,2021-07-01,729.37,1,354.296242254442,587.1716616028525
Cowpea,Oyo,2021-08-01,688.4,1,359.8608154286513,545.6196958160499
Cowpea,Oyo,2021-09-01,677.31,1,365.4253886028605,528.6551987855346
Cowpea,Oyo,2021-10-01,712.99,1,370.98996177706977,548.1570666340438
Cowpea,Oyo,2021-11-01,583.9949999999999,1,376.554534951279,442.34893266031384
Cowpea,Oyo,2021-12-01,548.725,1,382.11910812548825,409.58093108579504
Cowpea,Oyo,2022-01-01,608.155,1,387.6836812996975,447.42525898534336
Cowpea,Oyo,2022-02-01,608.155,1,393.24825447390674,441.09406599138015
Cowpea,Oyo,2022-03-01,608.525,1,398.812827648116,435.20416544151965
Cowpea,Oyo,2022-04-01,604.94,1,404.3774008223252,426.68675577955497
Cowpea,Oyo,2022-05-01,600.0799999999999,1,409.9419739965345,417.51347975545286
Cowpea,Oyo,2022-06-01,591.37,1,415.5065471707437,405.94309161216535
Cowpea,Oyo,2022-07-01,623.545,1,421.071120344953,422.3729359170201
Cowpea,Oyo,2022-08-01,667.745,1,429.7239740376429,443.205150352381
Cowpea,Oyo,2022-09-01,670.55,1,438.3768277303327,436.2820191550109
Cowpea,Oyo,2022-10-01,705.26,1,447.02968142302245,449.98354217009353
Cowpea,Oyo,2022-11-01,644.77,1,455.6825351157123,403.5767844785589
Cowpea,Oyo,2022-12-01,551.685,1,464.3353888084022,338.87780771570505
Cowpea,Oyo,2023-01-01,545.22,1,472.988242501092,328.77983289925623
Cowpea,Yobe,2018-01-01,308.5,2,227.1828520689845,387.3141450999683
Cowpea,Yobe,2019-01-01,195.515,1,253.8219556348995,219.70231522492767
Cowpea,Yobe,2019-02-01,173.05,2,256.1025541529468,192.72649846363643
Cowpea,Yobe,2019-03-01,169.20499999999998,2,258.383152670994,186.78101730612792
Cowpea,Yobe,2019-04-01,150.32999999999998,2,260.66375118904125,164.49350469915626
Cowpea,Yobe,2019-05-01,159.19,1,262.9443497070885,172.6774700417946
Cowpea,Yobe,2019-06-01,136.06,1,265.22494822513573,146.31869885409998
Cowpea,Yobe,2019-08-01,140.31,1,270.458367359174,147.96940918513872
Cowpea,Yobe,2019-09-01,132.445,2,273.41118797516503,138.16658483171435
Cowpea,Yobe,2019-10-01,143.025,2,276.364008591156,147.60946637919727
Cowpea,Yobe,2020-01-01,132.655,1,285.222470439129,132.655
Cowpea,Yobe,2020-02-01,134.11,1,288.17529105512,132.73582676203557
Cowpea,Yobe,2020-03-01,163.26,2,291.128111671111,159.9482106231548
Cowpea,Yobe,2020-04-01,119.86000000000001,2,294.08093228710203,116.24951349602814
Cowpea,Yobe,2020-05-01,117.18,2,297.03375290309305,112.52044173229415
Cowpea,Yobe,2020-06-01,125.21000000000001,2,299.986573519084,119.04767971694386
Cowpea,Yobe,2020-07-01,182.14,2,302.939394135075,171.48783476677593
Cowpea,Yobe,2020-08-01,191.815,2,307.2191314783556,178.0811888374731
Cowpea,Yobe,2020-09-01,196.975,2,311.49886882163617,180.3592299621383
Cowpea,Yobe,2020-10-01,239.74,2,315.7786061649168,216.54169639144402
Cowpea,Yobe,2020-11-01,239.87,2,320.05834350819737,213.76200737126413
Cowpea,Yobe,2020-12-01,195.62,2,324.3380808514779,172.0279639098326
Cowpea,Yobe,2021-01-01,272.6,2,328.6178181947585,236.60203779828612
Cowpea,Yobe,2021-02-01,302.99,2,332.8975555380391,259.59805015293006
Cowpea,Yobe,2021-03-01,362.57,2,337.17729288131966,306.7024775702038
Cowpea,Yobe,2021-04-01,352.595,2,341.45703022460026,294.5261279240145
Cowpea,Yobe,2021-05-01,384.265,2,345.73676756788086,317.0071073848782
Cowpea,Yobe,2021-06-01,475.73,2,350.0165049111614,387.66424999428637
Cowpea,Yobe,2021-07-01,485.395,2,354.296242254442,390.7621490926644
Cowpea,Yobe,2021-08-01,503.985,2,359.8608154286513,399.4540127772398
Cowpea,Yobe,2021-09-01,491.79,2,365.4253886028605,383.8528003583855
Cowpea,Yobe,2021-10-01,503.17999999999995,2,370.98996177706977,386.85209159864525
Cowpea,Yobe,2021-11-01,441.46000000000004,2,376.554534951279,334.38532831997225
Cowpea,Yobe,2021-12-01,366.525,2,382.11910812548825,273.5826703106675
Cowpea,Yobe,2022-01-01,344.925,2,387.6836812996975,253.76451308551202
Cowpea,Yobe,2022-02-01,344.925,2,393.24825447390674,250.1736740009978
Cowpea,Yobe,2022-03-01,352.03499999999997,2,398.812827648116,251.7679608581494
Cowpea,Yobe,2022-04-01,357.36,2,404.3774008223252,252.05934315036492
Cowpea,Yobe,2022-05-01,352.105,2,409.9419739965345,244.9816420965434
Cowpea,Yobe,2022-06-01,357.93,2,415.5065471707437,245.69932661572676
Cowpea,Yobe,2022-07-01,360.62,2,421.071120344953,244.2744760208097
Cowpea,Yobe,2022-08-01,354.34000000000003,2,429.7239740376429,235.18755359585273
Cowpea,Yobe,2022-09-01,360.91499999999996,2,438.3768277303327,234.8232420301704
Cowpea,Yobe,2022-10-01,360.96000000000004,2,447.02968142302245,230.306637809768
Cowpea,Yobe,2022-11-01,342.755,2,455.6825351157123,214.53845675814395
Cowpea,Yobe,2022-12-01,327.725,2,464.3353888084022,201.3082275820975
Cowpea,Yobe,2023-01-01,327.725,2,472.988242501092,197.62549197921712
Cowpea,Zamfara,2018-01-01,237.09,1,227.1828520689845,297.6606504432787
Cowpea,Zamfara,2019-02-01,152.35,1,256.1025541529468,169.67282312010985
Cowpea,Zamfara,2019-03-01,177.16,1,258.383152670994,195.56233578176546
Cowpea,Zamfara,2019-04-01,184.43,1,260.66375118904125,201.8062733430812
Cowpea,Zamfara,2019-08-01,129.24,1,270.458367359174,136.2951068568693
Cowpea,Zamfara,2019-09-01,142.04,1,273.41118797516503,148.17608599416138
Cowpea,Zamfara,2019-10-01,156.87,1,276.364008591156,161.89824849435186
Cowpea,Zamfara,2020-01-01,112.24000000000001,1,285.222470439129,112.24000000000001
Cowpea,Zamfara,2020-02-01,104.05,1,288.17529105512,102.98383994176274
Cowpea,Zamfara,2020-03-01,123.57,1,291.128111671111,121.06333692700747
Cowpea,Zamfara,2020-04-01,128.5,1,294.08093228710203,124.62925483263486
Cowpea,Zamfara,2020-05-01,137.925,1,297.03375290309305,132.44053529549984
Cowpea,Zamfara,2020-06-01,157.38,1,299.986573519084,149.6344048706383
Cowpea,Zamfara,2020-07-01,203.925,1,302.939394135075,191.99877404641913
Cowpea,Zamfara,2020-08-01,199.41,1,307.2191314783556,185.13239249318622
Cowpea,Zamfara,2020-09-01,224.04,1,311.49886882163617,205.1411695936919
Cowpea,Zamfara,2020-10-01,229.45,1,315.7786061649168,207.24740234010522
Cowpea,Zamfara,2020-11-01,249.48000000000002,1,320.05834350819737,222.3260332637803
Cowpea,Zamfara,2020-12-01,210.11,1,324.3380808514779,184.770450348098
Cowpea,Zamfara,2021-01-01,258.075,1,328.6178181947585,223.99512437561512
Cowpea,Zamfara,2021-02-01,273.49,1,332.8975555380391,234.32281836471446
Cowpea,Zamfara,2021-03-01,335.765,1,337.17729288131966,284.0277943055396
Cowpea,Zamfara,2021-04-01,351.935,1,341.45703022460026,293.9748233268709
Cowpea,Zamfara,2021-05-01,372.355,1,345.73676756788086,307.1817143645566
Cowpea,Zamfara,2021-06-01,471.125,1,350.0165049111614,383.91171416256736
Cowpea,Zamfara,2021-07-01,530.435,1,354.296242254442,427.02112826454214
Cowpea,Zamfara,2021-08-01,535.795,1,359.8608154286513,424.6663348631035
Cowpea,Zamfara,2021-09-01,500.65999999999997,1,365.4253886028605,390.77602844187413
Cowpea,Zamfara,2021-10-01,498.08000000000004,1,370.98996177706977,382.9311375322018
Cowpea,Zamfara,2021-11-01,432.255,1,376.554534951279,327.4129708081131
Cowpea,Zamfara,2021-12-01,399.98,1,382.11910812548825,298.5542499716548
Cowpea,Zamfara,2022-01-01,442.09000000000003,1,387.6836812996975,325.2497023700051
Cowpea,Zamfara,2022-02-01,442.09000000000003,1,393.24825447390674,320.64732779329165
Cowpea,Zamfara,2022-03-01,440.68,1,398.812827648116,315.1649835697283
Cowpea,Zamfara,2022-04-01,440.0,1,404.3774008223252,310.3484189225447
Cowpea,Zamfara,2022-05-01,430.69000000000005,1,409.9419739965345,299.6581799024731
Cowpea,Zamfara,2022-06-01,429.375,1,415.5065471707437,294.74240316717703
Cowpea,Zamfara,2022-07-01,474.71000000000004,1,421.071120344953,321.5560326987926
Cowpea,Zamfara,2022-08-01,439.83500000000004,1,429.7239740376429,291.93350351592227
Cowpea,Zamfara,2022-09-01,444.765,1,438.3768277303327,289.37882670863985
Cowpea,Zamfara,2022-10-01,413.45000000000005,1,447.02968142302245,263.79731660696086
Cowpea,Zamfara,2022-11-01,377.16999999999996,1,455.6825351157123,236.079618781547
Cowpea,Zamfara,2022-12-01,278.785,1,464.3353888084022,171.24636273239776
Cowpea,Zamfara,2023-01-01,286.685,1,472.988242501092,172.8774556962754
Gari,Abia,2021-03-01,299.89,1,337.17729288131966,253.68068510502366
Gari,Abia,2021-04-01,333.22,1,341.45703022460026,278.341996757867
Gari,Abia,2021-05-01,350.79,1,345.73676756788086,289.3912357345619
Gari,Abia,2021-06-01,410.23,1,350.0165049111614,334.28941894594857
Gari,Abia,2021-07-01,445.87,1,354.296242254442,358.9429627745368
Gari,Abia,2021-08-01,446.75,1,359.8608154286513,354.0900626174031
Gari,Abia,2021-09-01,416.35,1,365.4253886028605,324.9702381691653
Gari,Abia,2021-10-01,384.27,1,370.98996177706977,295.43235668868283
Gari,Abia,2021-11-01,393.21,1,376.554534951279,297.838207195887
Gari,Abia,2021-12-01,332.41,1,382.11910812548825,248.11845150526972
Gari,Abia,2022-01-01,338.61,1,387.6836812996975,249.1185091712263
Gari,Abia,2022-02-01,338.61,1,393.24825447390674,245.59341234609803
Gari,Abia,2022-03-01,343.8,1,398.812827648116,245.87846362728644
Gari,Abia,2022-04-01,353.47,1,404.3774008223252,249.31558099216338
Gari,Abia,2022-05-01,360.73,1,409.9419739965345,250.98259824054216
Gari,Abia,2022-06-01,365.55,1,415.5065471707437,250.9300389583967
Gari,Abia,2022-07-01,395.48,1,421.071120344953,267.8877205277295
Gari,Abia,2022-08-01,371.25,1,429.7239740376429,246.41129782824495
Gari,Abia,2022-09-01,380.45,1,438.3768277303327,247.53335946241728
Gari,Abia,2022-10-01,358.38,1,447.02968142302245,228.6604966153165
Gari,Abia,2022-11-01,432.58,1,455.6825351157123,270.76204759795746
Gari,Abia,2022-12-01,434.06,1,464.3353888084022,266.62552220393695
Gari,Abia,2023-01-01,440.67,1,472.988242501092,265.7338486550663
Gari,Adamawa,2019-02-01,199.0,1,256.1025541529468,221.62712045226033
Gari,Adamawa,2019-03-01,199.0,1,258.383152670994,219.67094615359747
Gari,Adamawa,2019-04-01,199.0,1,260.66375118904125,217.74900176366725
Gari,Adamawa,2019-08-01,149.25,1,270.458367359174,157.39743653967608
Gari,Adamawa,2019-09-01,149.25,1,273.41118797516503,155.69755586193037
Gari,Adamawa,2019-10-01,149.25,1,276.364008591156,154.03400004960807
Gari,Adamawa,2020-01-01,149.25,1,285.222470439129,149.25
Gari,Adamawa,2020-02-01,149.25,1,288.17529105512,147.7206930447678
Gari,Adamawa,2020-03-01,149.25,1,291.128111671111,146.22240864575434
Gari,Adamawa,2020-04-01,149.25,1,294.08093228710203,144.7542123250642
Gari,Adamawa,2020-05-01,149.25,1,297.03375290309305,143.31520676348268
Gari,Adamawa,2020-06-01,161.35,1,299.986573519084,153.4090178286789
Gari,Adamawa,2020-07-01,181.12,1,302.939394135075,170.52748782781626
Gari,Adamawa,2020-08-01,201.73,1,307.2191314783556,187.28628222080363
Gari,Adamawa,2020-09-01,273.46,1,311.49886882163617,250.39235956566233
Gari,Adamawa,2020-10-01,273.63,1,315.7786061649168,247.1523499774373
Gari,Adamawa,2020-11-01,273.63,1,320.05834350819737,243.84749271271522
Gari,Adamawa,2020-12-01,305.0,1,324.3380808514779,268.2165882450616
Gari,Adamawa,2021-01-01,323.38,1,328.6178181947585,280.67632789145176
Gari,Adamawa,2021-02-01,325.87,1,332.8975555380391,279.2013485703664
Gari,Adamawa,2021-03-01,348.25,1,337.17729288131966,294.589011263545
Gari,Adamawa,2021-04-01,348.25,1,341.45703022460026,290.8967059928191
Gari,Adamawa,2021-05-01,348.25,1,345.73676756788086,287.2958118662482
Gari,Adamawa,2021-06-01,338.92,1,350.0165049111614,276.18011815118564
Gari,Adamawa,2021-07-01,348.25,1,354.296242254442,280.3550065854003
Gari,Adamawa,2021-08-01,324.85,1,359.8608154286513,257.4732106127888
Gari,Adamawa,2021-09-01,312.34,1,365.4253886028605,243.78816906390557
Gari,Adamawa,2021-10-01,285.24,1,370.98996177706977,219.29665449262214
Gari,Adamawa,2021-11-01,284.72,1,376.554534951279,215.66210003004238
Gari,Adamawa,2021-12-01,299.99,1,382.11910812548825,223.9194195934715
Gari,Adamawa,2022-01-01,324.07,1,387.6836812996975,238.42129667499276
Gari,Adamawa,2022-02-01,324.07,1,393.24825447390674,235.04756840908416
Gari,Adamawa,2022-03-01,340.65,1,398.812827648116,243.62565047886886
Gari,Adamawa,2022-04-01,347.22,1,404.3774008223252,244.90722276883173
Gari,Adamawa,2022-05-01,347.22,1,409.9419739965345,241.58283968918875
Gari,Adamawa,2022-06-01,353.55,1,415.5065471707437,242.69269668647556
Gari,Adamawa,2022-07-01,370.37,1,421.071120344953,250.87886884761602
Gari,Adamawa,2022-08-01,370.37,1,429.7239740376429,245.8272117889484
Gari,Adamawa,2022-09-01,370.37,1,438.3768277303327,240.97497790536335
Gari,Adamawa,2022-10-01,379.48,1,447.02968142302245,242.12312421334985
Gari,Adamawa,2022-11-01,393.51,1,455.6825351157123,246.30721103673827
Gari,Adamawa,2022-12-01,393.51,1,464.3353888084022,241.717295402643
Gari,Adamawa,2023-01-01,393.51,1,472.988242501092,237.2953157334403
Gari,Borno,2018-01-01,297.07,2,227.1828520689845,372.9640618633633
Gari,Borno,2019-01-01,240.53,1,253.8219556348995,270.2861564639637
Gari,Borno,2019-02-01,270.03999999999996,2,256.1025541529468,300.7446613413486
Gari,Borno,2019-03-01,270.05,2,258.383152670994,298.1012010491406
Gari,Borno,2019-04-01,268.975,2,260.66375118904125,294.31677260996184
Gari,Borno,2019-05-01,333.52,1,262.9443497070885,361.777685836669
Gari,Borno,2019-06-01,318.39,1,265.22494822513573,342.39607914270823
Gari,Borno,2019-08-01,238.915,2,270.458367359174,251.9571762202795
Gari,Borno,2019-09-01,234.16,2,273.41118797516503,244.2756427512872
Gari,Borno,2019-10-01,242.825,2,276.364008591156,250.60841582610436
Gari,Borno,2020-01-01,229.895,2,285.222470439129,229.895
Gari,Borno,2020-02-01,234.98,2,288.17529105512,232.5722509323922
Gari,Borno,2020-03-01,299.155,2,291.128111671111,293.08653037467764
Gari,Borno,2020-04-01,300.07500000000005,2,294.08093228710203,291.0359816646141
Gari,Borno,2020-05-01,312.83,2,297.03375290309305,300.3905938480421
Gari,Borno,2020-06-01,307.46500000000003,2,299.986573519084,292.33283958286194
Gari,Borno,2020-07-01,317.525,2,302.939394135075,298.95506058153353
Gari,Borno,2020-08-01,330.88,2,307.2191314783556,307.1892383939895
Gari,Borno,2020-09-01,342.08500000000004,2,311.49886882163617,313.228517231111
Gari,Borno,2020-10-01,334.65,2,315.7786061649168,302.2677846725483
Gari,Borno,2020-11-01,340.555,2,320.05834350819737,303.48822453962924
Gari,Borno,2020-12-01,336.0,2,324.3380808514779,295.47794639455964
Gari,Borno,2021-01-01,340.245,2,328.6178181947585,295.3142345952966
Gari,Borno,2021-02-01,322.03499999999997,2,332.8975555380391,275.91556843789834
Gari,Borno,2021-03-01,265.005,2,337.17729288131966,224.17102923157424
Gari,Borno,2021-04-01,272.8,2,341.45703022460026,227.8725668193569
Gari,Borno,2021-05-01,274.8,2,345.73676756788086,226.70176339079686
Gari,Borno,2021-06-01,286.56,2,350.0165049111614,233.5128486291861
Gari,Borno,2021-07-01,322.625,2,354.296242254442,259.7258693456275
Gari,Borno,2021-08-01,292.06,2,359.8608154286513,231.4841492737297
Gari,Borno,2021-09-01,276.89,2,365.4253886028605,216.1186723829955
Gari,Borno,2021-10-01,287.56,2,370.98996177706977,221.08030418559255
Gari,Borno,2021-11-01,279.78,2,376.554534951279,211.92028078956605
Gari,Borno,2021-12-01,266.005,2,382.11910812548825,198.55223577106364
Gari,Borno,2022-01-01,274.61,2,387.6836812996975,202.0331171657968
Gari,Borno,2022-02-01,274.61,2,393.24825447390674,199.17429185305213
Gari,Borno,2022-03-01,293.245,2,398.812827648116,209.72260054212802
Gari,Borno,2022-04-01,292.21,2,404.3774008223252,206.10661703035632
Gari,Borno,2022-05-01,302.77,2,409.9419739965345,210.6561729528704
Gari,Borno,2022-06-01,304.96000000000004,2,415.5065471707437,209.33832493708837
Gari,Borno,2022-07-01,314.185,2,421.071120344953,212.82063182463006
Gari,Borno,2022-08-01,302.90999999999997,2,429.7239740376429,201.05170700378096
Gari,Borno,2022-09-01,301.51,2,438.3768277303327,196.17238326064773
Gari,Borno,2022-10-01,283.75,2,447.02968142302245,181.04362942852856
Gari,Borno,2022-11-01,285.495,2,455.6825351157123,178.69806921027063
Gari,Borno,2022-12-01,288.815,2,464.3353888084022,177.40738652566475
Gari,Borno,2023-01-01,284.08,2,472.988242501092,171.30658253552824
Gari,Gombe,2018-01-01,252.0,1,227.1828520689845,316.3797878936532
Gari,Gombe,2019-01-01,180.0,1,253.8219556348995,202.26794230870772
Gari,Gombe,2019-02-01,180.0,1,256.1025541529468,200.4667421176224
Gari,Gombe,2019-03-01,180.0,1,258.383152670994,198.69733822938463
Gari,Gombe,2019-04-01,180.0,1,260.66375118904125,196.95889606763873
Gari,Gombe,2019-05-01,180.0,1,262.9443497070885,195.25061001019554
Gari,Gombe,2019-06-01,150.0,1,265.22494822513573,161.30975178682195
Gari,Gombe,2019-08-01,150.0,1,270.458367359174,158.1883784318353
Gari,Gombe,2019-09-01,180.0,1,273.41118797516503,187.77594676815724
Gari,Gombe,2019-10-01,180.0,1,276.364008591156,185.76964830103483
Gari,Gombe,2020-01-01,200.0,1,285.222470439129,200.0
Gari,Gombe,2020-02-01,200.0,1,288.17529105512,197.95067744692503
Gari,Gombe,2020-03-01,200.0,1,291.128111671111,195.9429261584648
Gari,Gombe,2020-04-01,218.33,1,294.08093228710203,211.7533479191375
Gari,Gombe,2020-05-01,250.0,1,297.03375290309305,240.05897280315355
Gari,Gombe,2020-06-01,250.0,1,299.986573519084,237.69603010331411
Gari,Gombe,2020-07-01,258.06,1,302.939394135075,242.96777555679256
Gari,Gombe,2020-08-01,300.0,1,307.2191314783556,278.5202233988058
Gari,Gombe,2020-09-01,300.0,1,311.49886882163617,274.6935854227262
Gari,Gombe,2020-10-01,300.0,1,315.7786061649168,270.9706720506932
Gari,Gombe,2020-11-01,300.0,1,320.05834350819737,267.3473223470181
Gari,Gombe,2020-12-01,300.0,1,324.3380808514779,263.8195949951425
Gari,Gombe,2021-01-01,322.58,1,328.6178181947585,279.9819712141274
Gari,Gombe,2021-02-01,387.5,1,332.8975555380391,332.0051633197808
Gari,Gombe,2021-03-01,400.0,1,337.17729288131966,338.3649806329303
Gari,Gombe,2021-04-01,420.0,1,341.45703022460026,350.83019818229434
Gari,Gombe,2021-05-01,450.0,1,345.73676756788086,371.2365121028332
Gari,Gombe,2021-06-01,478.33,1,350.0165049111614,389.7829455778845
Gari,Gombe,2021-07-01,500.0,1,354.296242254442,402.5197510199573
Gari,Gombe,2021-08-01,500.0,1,359.8608154286513,396.29553734460336
Gari,Gombe,2021-09-01,500.0,1,365.4253886028605,390.2608840748953
Gari,Gombe,2021-10-01,500.0,1,370.98996177706977,384.4072614160393
Gari,Gombe,2021-11-01,437.5,1,376.554534951279,331.3858133012908
Gari,Gombe,2021-12-01,420.0,1,382.11910812548825,313.49763735210513
Gari,Gombe,2022-01-01,400.0,1,387.6836812996975,294.2837000339344
Gari,Gombe,2022-02-01,400.0,1,393.24825447390674,290.1195030815369
Gari,Gombe,2022-03-01,400.0,1,398.812827648116,286.0715109101646
Gari,Gombe,2022-04-01,400.0,1,404.3774008223252,282.1349262932224
Gari,Gombe,2022-05-01,400.0,1,409.9419739965345,278.30521247530527
Gari,Gombe,2022-06-01,413.33,1,415.5065471707437,283.7283901044292
Gari,Gombe,2022-07-01,500.0,1,421.071120344953,338.68681163109324
Gari,Gombe,2022-08-01,500.0,1,429.7239740376429,331.8670677821481
Gari,Gombe,2022-09-01,500.0,1,438.3768277303327,325.316545488786
Gari,Gombe,2022-10-01,499.35,1,447.02968142302245,318.60488583307745
Gari,Gombe,2022-11-01,486.0,1,455.6825351157123,304.198888373497
Gari,Gombe,2022-12-01,400.0,1,464.3353888084022,245.7038402100511
Gari,Gombe,2023-01-01,400.0,1,472.988242501092,241.2089306329601
Gari,Jigawa,2014-09-01,130.18,1,147.98844555465368,250.89973114186958
Gari,Jigawa,2014-10-01,124.72,1,149.08308563857202,238.6115524829494
Gari,Jigawa,2014-11-01,127.25,1,150.17772572249035,241.6773805087911
Gari,Jigawa,2014-12-01,130.46,1,151.2723658064087,245.980971442653
Gari,Jigawa,2015-01-01,129.53,1,152.367005890327,242.47287908625773
Gari,Jigawa,2015-02-01,122.16,1,153.46164597424533,227.0455055244975
Gari,Jigawa,2015-03-01,114.68,1,154.55628605816366,211.63366268810267
Gari,Jigawa,2015-04-01,114.53,1,155.650926142082,209.87044760385575
Gari,Jigawa,2015-05-01,114.61,1,156.74556622600034,208.5503795998677
Gari,Jigawa,2015-06-01,115.67,1,157.84020630991867,209.01951363973131
Gari,Jigawa,2015-07-01,106.53,1,158.934846393837,191.17739416683787
Gari,Jigawa,2015-08-01,104.66,1,161.0138218151871,185.39640522552708
Gari,Jigawa,2015-09-01,103.95,1,163.09279723653717,181.7914482093714
Gari,Jigawa,2015-10-01,103.87,1,165.17177265788726,179.36513925945098
Gari,Jigawa,2015-11-01,104.39,1,167.25074807923733,178.02236480900316
Gari,Jigawa,2015-12-01,105.11,1,169.32972350058742,177.0494467721306
Gari,Jigawa,2016-01-01,105.21,1,171.4086989219375,175.0684551229634
Gari,Jigawa,2016-03-01,122.28,1,175.56664976463767,198.65392278119074
Gari,Jigawa,2018-01-01,171.23,1,227.1828520689845,214.9750439723422
Gari,Jigawa,2019-01-01,137.93,1,253.8219556348995,154.9934293480003
Gari,Jigawa,2019-02-01,125.65,1,256.1025541529468,139.9369230393292
Gari,Jigawa,2019-03-01,128.15,1,258.383152670994,141.46146607830912
Gari,Jigawa,2019-04-01,128.15,1,260.66375118904125,140.22379183926614
Gari,Jigawa,2019-05-01,128.15,1,262.9443497070885,139.00758707114755
Gari,Jigawa,2019-06-01,108.4,1,265.22494822513573,116.57318062461
Gari,Jigawa,2019-08-01,98.52,1,270.458367359174,103.89812695402941
Gari,Jigawa,2019-09-01,99.73,1,273.41118797516503,104.03830650660178
Gari,Jigawa,2019-10-01,107.12,1,276.364008591156,110.55358181114917
Gari,Jigawa,2020-01-01,108.37,1,285.222470439129,108.37
Gari,Jigawa,2020-02-01,108.37,1,288.17529105512,107.25957457461632
Gari,Jigawa,2020-03-01,108.37,1,291.128111671111,106.17167453896414
Gari,Jigawa,2020-04-01,150.81,1,294.08093228710203,146.2672211775071
Gari,Jigawa,2020-06-01,201.04,1,299.986573519084,191.14563956788106
Gari,Jigawa,2020-07-01,232.96,1,302.939394135075,219.33570872553045
Gari,Jigawa,2020-08-01,246.31,1,307.2191314783556,228.67438741786617
Gari,Jigawa,2020-09-01,246.31,1,311.49886882163617,225.53259008490562
Gari,Jigawa,2020-10-01,199.43,1,315.7786061649168,180.13227042356584
Gari,Jigawa,2020-11-01,147.78,1,320.05834350819737,131.69529098814112
Gari,Jigawa,2020-12-01,147.78,1,324.3380808514779,129.9575324946072
Gari,Jigawa,2021-01-01,147.78,1,328.6178181947585,128.26503721874803
Gari,Jigawa,2021-02-01,209.36,1,332.8975555380391,179.37703481968856
Gari,Jigawa,2021-03-01,331.96,1,337.17729288131966,280.80909742726885
Gari,Jigawa,2021-04-01,346.94,1,341.45703022460026,289.8024498984886
Gari,Jigawa,2021-05-01,346.94,1,345.73676756788086,286.2151011310155
Gari,Jigawa,2021-06-01,355.1,1,350.0165049111614,289.36492374450023
Gari,Jigawa,2021-07-01,390.06,1,354.296242254442,314.01370816568914
Gari,Jigawa,2021-08-01,381.83,1,359.8608154286513,302.6350500485798
Gari,Jigawa,2021-09-01,353.49,1,365.4253886028605,275.9066398232695
Gari,Jigawa,2021-10-01,254.84,1,370.98996177706977,195.92469299852692
Gari,Jigawa,2021-11-01,250.0,1,376.554534951279,189.3633218864519
Gari,Jigawa,2021-12-01,246.31,1,382.11910812548825,183.85143584808813
Gari,Jigawa,2022-01-01,295.57,1,387.6836812996975,217.45358304757494
Gari,Jigawa,2022-02-01,295.57,1,393.24825447390674,214.37655381452464
Gari,Jigawa,2022-03-01,295.57,1,398.812827648116,211.38539119929334
Gari,Jigawa,2022-04-01,295.57,1,404.3774008223252,208.4765504112194
Gari,Jigawa,2022-05-01,295.57,1,409.9419739965345,205.64667912831493
Gari,Jigawa,2022-06-01,313.63,1,415.5065471707437,215.28980472855136
Gari,Jigawa,2022-07-01,344.84,1,421.071120344953,233.58552024573237
Gari,Jigawa,2022-08-01,305.84,1,429.7239740376429,202.99644802098433
Gari,Jigawa,2022-09-01,285.76,1,438.3768277303327,185.92491207775097
Gari,Jigawa,2022-10-01,265.28,1,447.02968142302245,169.2590449860795
Gari,Jigawa,2022-11-01,238.08,1,455.6825351157123,149.0198998846958
Gari,Jigawa,2022-12-01,238.1,1,464.3353888084022,146.2552108850329
Gari,Jigawa,2023-01-01,238.1,1,472.988242501092,143.5796159592695
Gari,Kaduna,2014-07-01,139.28,1,145.799165386817,272.4692255772943
Gari,Kaduna,2018-01-01,201.26,1,227.1828520689845,252.67696869633588
Gari,Kaduna,2019-01-01,187.02,1,253.8219556348995,210.15639205874731
Gari,Kaduna,2019-02-01,167.255,2,256.1025541529468,186.27258307157183
Gari,Kaduna,2019-03-01,148.575,2,258.383152670994,164.00809459683788
Gari,Kaduna,2019-04-01,149.89999999999998,2,260.66375118904125,164.02299178077243
Gari,Kaduna,2019-05-01,137.65,1,262.9443497070885,149.31248037724123
Gari,Kaduna,2019-06-01,143.14,1,265.22494822513573,153.93251913843795
Gari,Kaduna,2019-08-01,155.79,1,270.458367359174,164.29444983930412
Gari,Kaduna,2019-09-01,147.37,1,273.41118797516503,153.73634041790737
Gari,Kaduna,2019-10-01,127.13,1,276.364008591156,131.2049743806142
Gari,Kaduna,2020-01-01,151.26999999999998,2,285.222470439129,151.26999999999998
Gari,Kaduna,2020-02-01,164.55,2,288.17529105512,162.86391986945756
Gari,Kaduna,2020-03-01,176.47,1,291.128111671111,172.8902408959214
Gari,Kaduna,2020-04-01,208.89,2,294.08093228710203,202.597704606919
Gari,Kaduna,2020-05-01,238.93,2,297.03375290309305,229.42916148742992
Gari,Kaduna,2020-06-01,221.3,2,299.986573519084,210.4085258474537
Gari,Kaduna,2020-07-01,220.42000000000002,2,302.939394135075,207.52909047596768
Gari,Kaduna,2020-08-01,261.01,2,307.2191314783556,242.32187836440767
Gari,Kaduna,2020-09-01,275.17499999999995,2,311.49886882163617,251.96269122899557
Gari,Kaduna,2020-10-01,276.205,2,315.7786061649168,249.47818157920574
Gari,Kaduna,2020-11-01,292.055,2,320.05834350819737,260.2670740935279
Gari,Kaduna,2020-12-01,248.92000000000002,2,324.3380808514779,218.89991195396962
Gari,Kaduna,2021-01-01,250.005,2,328.6178181947585,216.99080139310533
Gari,Kaduna,2021-02-01,265.835,2,332.8975555380391,227.76410991255207
Gari,Kaduna,2021-03-01,328.0,2,337.17729288131966,277.45928411900286
Gari,Kaduna,2021-04-01,360.04499999999996,2,341.45703022460026,300.7491873917718
Gari,Kaduna,2021-05-01,375.11,2,345.73676756788086,309.45450678865285
Gari,Kaduna,2021-06-01,437.40999999999997,2,350.0165049111614,356.4379366237168
Gari,Kaduna,2021-07-01,438.01,2,354.296242254442,352.615352288503
Gari,Kaduna,2021-08-01,383.15,1,359.8608154286513,303.6812702671695
Gari,Kaduna,2021-09-01,399.03,1,365.4253886028605,311.4516011448109
Gari,Kaduna,2021-10-01,378.515,2,370.98996177706977,291.00782910978427
Gari,Kaduna,2021-11-01,340.47,2,376.554534951279,257.89012081072116
Gari,Kaduna,2021-12-01,336.96500000000003,2,382.11910812548825,251.5184080246479
Gari,Kaduna,2022-01-01,339.315,2,387.6836812996975,249.6371841925361
Gari,Kaduna,2022-02-01,339.315,2,393.24825447390674,246.10474797027925
Gari,Kaduna,2022-03-01,330.23,2,398.812827648116,236.17348761965908
Gari,Kaduna,2022-04-01,335.79999999999995,2,404.3774008223252,236.85227062316022
Gari,Kaduna,2022-05-01,360.43,2,409.9419739965345,250.7738693311857
Gari,Kaduna,2022-06-01,380.87,2,415.5065471707437,261.4463792588826
Gari,Kaduna,2022-07-01,375.57,2,421.071120344953,254.4012116885794
Gari,Kaduna,2022-08-01,337.375,2,429.7239740376429,223.92730398600446
Gari,Kaduna,2022-09-01,322.82,2,438.3768277303327,210.0373744293798
Gari,Kaduna,2022-10-01,327.51,2,447.02968142302245,208.9642258119379
Gari,Kaduna,2022-11-01,345.765,2,455.6825351157123,216.422486910416
Gari,Kaduna,2022-12-01,344.92,2,464.3353888084022,211.87042141312705
Gari,Kaduna,2023-01-01,344.92,2,472.988242501092,207.9944608848015
Gari,Kano,2018-01-01,119.9,1,227.1828520689845,150.53149431924214
Gari,Kano,2019-02-01,241.82,1,256.1025541529468,269.31593099379694
Gari,Kano,2019-03-01,232.47,1,258.383152670994,256.6176123232502
Gari,Kano,2019-04-01,240.43,1,260.66375118904125,263.08237434190215
Gari,Kano,2019-08-01,215.85,1,270.458367359174,227.63307656341098
Gari,Kano,2019-09-01,177.45,1,273.41118797516503,185.11578752227496
Gari,Kano,2019-10-01,150.14,1,276.364008591156,154.9525277550965
Gari,Kano,2020-01-01,120.92,1,285.222470439129,120.91999999999999
Gari,Kano,2020-02-01,136.39,1,288.17529105512,134.9924644849305
Gari,Kano,2020-03-01,153.09,1,291.128111671111,149.98451282799687
Gari,Kano,2020-04-01,171.26,1,294.08093228710203,166.10121542908206
Gari,Kano,2020-05-01,141.51,1,297.03375290309305,135.88298096549704
Gari,Kano,2020-06-01,220.9,1,299.986573519084,210.02821219928836
Gari,Kano,2020-07-01,220.69,1,302.939394135075,207.7832999598099
Gari,Kano,2020-08-01,241.74,1,307.2191314783556,224.4315960147577
Gari,Kano,2020-09-01,216.39,1,311.49886882163617,198.1364831654124
Gari,Kano,2020-10-01,239.05,1,315.7786061649168,215.9184638457274
Gari,Kano,2020-11-01,247.69,1,320.05834350819737,220.73086090710973
Gari,Kano,2020-12-01,261.97,1,324.3380808514779,230.3760643362583
Gari,Kano,2021-01-01,281.79,1,328.6178181947585,244.57846012905003
Gari,Kano,2021-02-01,288.2,1,332.8975555380391,246.92616275809246
Gari,Kano,2021-03-01,335.2,1,337.17729288131966,283.5498537703956
Gari,Kano,2021-04-01,310.01,1,341.45703022460026,258.9544517583168
Gari,Kano,2021-05-01,309.69,1,345.73676756788086,255.48496762916983
Gari,Kano,2021-06-01,326.2,1,350.0165049111614,265.81480744989005
Gari,Kano,2021-07-01,332.39,1,354.296242254442,267.5870800830472
Gari,Kano,2021-08-01,336.25,1,359.8608154286513,266.5087488642458
Gari,Kano,2021-09-01,297.67,1,365.4253886028605,232.33791472514815
Gari,Kano,2021-10-01,280.52,1,370.98996177706977,215.6678499448547
Gari,Kano,2021-11-01,230.54,1,376.554534951279,174.6232809108105
Gari,Kano,2021-12-01,240.93,1,382.11910812548825,179.8356803981969
Gari,Kano,2022-01-01,282.68,1,387.6836812996975,207.97029081398142
Gari,Kano,2022-02-01,282.68,1,393.24825447390674,205.02745282772213
Gari,Kano,2022-03-01,306.72,1,398.812827648116,219.35963456591418
Gari,Kano,2022-04-01,308.18,1,404.3774008223252,217.3708539626132
Gari,Kano,2022-05-01,319.08,1,409.9419739965345,222.004067991551
Gari,Kano,2022-06-01,315.37,1,415.5065471707437,216.4842193579799
Gari,Kano,2022-07-01,309.75,1,421.071120344953,209.81647980546228
Gari,Kano,2022-08-01,301.62,1,429.7239740376429,200.19548996890302
Gari,Kano,2022-09-01,306.0,1,438.3768277303327,199.09372583913705
Gari,Kano,2022-10-01,313.73,1,447.02968142302245,200.17204532374367
Gari,Kano,2022-11-01,313.89,1,455.6825351157123,196.47117092912956
Gari,Kano,2022-12-01,303.08,1,464.3353888084022,186.1697997271557
Gari,Kano,2023-01-01,330.0,1,472.988242501092,198.99736777219206
Gari,Katsina,2018-01-01,261.9,1,227.1828520689845,328.8089938466181
Gari,Katsina,2019-01-01,190.47,1,253.8219556348995,214.03319428633088
Gari,Katsina,2019-02-01,190.47,1,256.1025541529468,212.12722428413076
Gari,Katsina,2019-03-01,164.52,1,258.383152670994,181.60936714165754
Gari,Katsina,2019-04-01,138.92,1,260.66375118904125,152.0084991206465
Gari,Katsina,2019-05-01,138.76,1,262.9443497070885,150.5165258056374
Gari,Katsina,2019-06-01,137.61,1,265.22494822513573,147.98556628923046
Gari,Katsina,2019-08-01,137.61,1,270.458367359174,145.1220183733657
Gari,Katsina,2019-09-01,138.09,1,273.41118797516503,144.0554471623046
Gari,Katsina,2019-10-01,138.57,1,276.364008591156,143.01166758374666
Gari,Katsina,2020-01-01,138.57,1,285.222470439129,138.57
Gari,Katsina,2020-02-01,137.61,1,288.17529105512,136.19996361735676
Gari,Katsina,2020-03-01,137.61,1,291.128111671111,134.81853034333173
Gari,Katsina,2020-04-01,137.61,1,294.08093228710203,133.46483857991348
Gari,Kebbi,2018-01-01,173.45,1,227.1828520689845,217.7621992466434
Gari,Kebbi,2019-01-01,154.09,1,253.8219556348995,173.15259572415982
Gari,Kebbi,2019-02-01,146.43,1,256.1025541529468,163.07969471268584
Gari,Kebbi,2019-03-01,147.87,1,258.383152670994,163.2298633554395
Gari,Kebbi,2019-04-01,133.98,1,260.66375118904125,146.6030716396791
Gari,Kebbi,2019-05-01,136.31,1,262.9443497070885,147.85894805827644
Gari,Kebbi,2019-06-01,111.97,1,265.22494822513573,120.41235271713636
Gari,Kebbi,2019-08-01,107.84,1,270.458367359174,113.72689820059412
Gari,Kebbi,2019-09-01,111.03,1,273.41118797516503,115.82646316482499
Gari,Kebbi,2019-10-01,102.29,1,276.364008591156,105.5687629150714
Gari,Kebbi,2020-01-01,112.17,1,285.222470439129,112.17
Gari,Kebbi,2020-02-01,105.79,1,288.17529105512,104.706010835551
Gari,Kebbi,2020-03-01,108.33,1,291.128111671111,106.13248595373244
Gari,Kebbi,2020-04-01,119.88,1,294.08093228710203,116.2689110454184
Gari,Kebbi,2020-05-01,139.53,1,297.03375290309305,133.98171390089607
Gari,Kebbi,2020-06-01,183.5,1,299.986573519084,174.46888609583257
Gari,Kebbi,2020-07-01,248.32,1,302.939394135075,233.79740380633467
Gari,Kebbi,2020-08-01,275.1,1,307.2191314783556,255.40304485670492
Gari,Kebbi,2020-09-01,268.68,1,311.49886882163617,246.01557510459358
Gari,Kebbi,2020-10-01,221.62,1,315.7786061649168,200.1750677995821
Gari,Kebbi,2020-11-01,186.64,1,320.05834350819737,166.32568080949153
Gari,Kebbi,2020-12-01,198.19,1,324.3380808514779,174.28801844029098
Gari,Kebbi,2021-01-01,213.26,1,328.6178181947585,185.0981312577494
Gari,Kebbi,2021-02-01,223.45,1,332.8975555380391,191.44917095175487
Gari,Kebbi,2021-03-01,234.06,1,337.17729288131966,197.99426841735917
Gari,Kebbi,2021-04-01,240.67,1,341.45703022460026,201.03405665841137
Gari,Kebbi,2021-05-01,252.8,1,345.73676756788086,208.55242279910274
Gari,Kebbi,2021-06-01,293.58,1,350.0165049111614,239.23332670490106
Gari,Kebbi,2021-07-01,336.19,1,354.296242254442,270.6462301907989
Gari,Kebbi,2021-08-01,364.1,1,359.8608154286513,288.5824102943402
Gari,Kebbi,2021-09-01,284.65,1,365.4253886028605,222.17552130383785
Gari,Kebbi,2021-10-01,260.1,1,370.98996177706977,199.96865738862365
Gari,Kebbi,2021-11-01,238.35,1,376.554534951279,180.53899108654323
Gari,Kebbi,2021-12-01,243.93,1,382.11910812548825,182.07494923642622
Gari,Kebbi,2022-01-01,277.67,1,387.6836812996975,204.28438747105642
Gari,Kebbi,2022-02-01,277.67,1,393.24825447390674,201.39370605162588
Gari,Kebbi,2022-03-01,277.64,1,398.812827648116,198.5622357227452
Gari,Kebbi,2022-04-01,276.95,1,404.3774008223252,195.3431695922699
Gari,Kebbi,2022-05-01,270.43,1,409.9419739965345,188.155196524242
Gari,Kebbi,2022-06-01,253.59,1,415.5065471707437,174.07563556137274
Gari,Kebbi,2022-07-01,249.99,1,421.071120344953,169.336632079314
Gari,Kebbi,2022-08-01,245.03,1,429.7239740376429,162.6347752373195
Gari,Kebbi,2022-09-01,246.57,1,438.3768277303327,160.42660124233993
Gari,Kebbi,2022-10-01,249.08,1,447.02968142302245,158.92280957905865
Gari,Kebbi,2022-11-01,259.29,1,455.6825351157123,162.2957402600083
Gari,Kebbi,2022-12-01,257.0,1,464.3353888084022,157.86471733495782
Gari,Kebbi,2023-01-01,275.73,1,472.988242501092,166.2713461085652
Gari,Lagos,2018-01-01,190.48,1,227.1828520689845,239.14294443644073
Gari,Lagos,2019-02-01,145.96,1,256.1025541529468,162.55625377493428
Gari,Lagos,2019-03-01,148.59,1,258.383152670994,164.024652708357
Gari,Lagos,2019-04-01,147.58,1,260.66375118904125,161.4844104536785
Gari,Lagos,2019-08-01,144.89,1,270.458367359174,152.7994276732574
Gari,Lagos,2019-09-01,141.13,1,273.41118797516503,147.22677426327795
Gari,Lagos,2019-10-01,141.15,1,276.364008591156,145.67436587606147
Gari,Lagos,2020-02-01,157.26,1,288.17529105512,155.64861767651712
Gari,Lagos,2020-03-01,233.87,1,291.128111671111,229.1258607034008
Gari,Lagos,2020-04-01,269.73,1,294.08093228710203,261.6050498521915
Gari,Lagos,2020-05-01,287.8,1,297.03375290309305,276.35588949099036
Gari,Lagos,2020-06-01,303.24,1,299.986573519084,288.3157766741159
Gari,Lagos,2020-07-01,315.47,1,302.939394135075,297.02024395451195
Gari,Lagos,2020-08-01,299.17,1,307.2191314783556,277.74965078073575
Gari,Lagos,2020-09-01,304.57,1,311.49886882163617,278.87808437399906
Gari,Lagos,2020-10-01,304.13,1,315.7786061649168,274.70103496925776
Gari,Lagos,2020-11-01,294.36,1,320.05834350819737,262.32119268689416
Gari,Lagos,2020-12-01,294.36,1,324.3380808514779,258.8597866092339
Gari,Lagos,2021-01-01,294.36,1,328.6178181947585,255.48853942150953
Gari,Lagos,2021-02-01,306.45,1,332.8975555380391,262.5625349660563
Gari,Lagos,2021-03-01,321.37,1,337.17729288131966,271.850884565012
Gari,Lagos,2021-04-01,373.52,1,341.45703022460026,312.0049895834537
Gari,Lagos,2021-05-01,414.67,1,345.73676756788086,342.0903210526264
Gari,Lagos,2021-06-01,528.5,1,350.0165049111614,430.665621512161
Gari,Lagos,2021-08-01,497.55,1,359.8608154286513,394.35368921161484
Gari,Lagos,2021-09-01,446.05,1,365.4253886028605,348.1517346832141
Gari,Lagos,2021-10-01,393.45,1,370.98996177706977,302.49007400828134
Gari,Lagos,2021-11-01,382.53,1,376.554534951279,289.74860608489774
Gari,Lagos,2021-12-01,385.88,1,382.11910812548825,288.029686431977
Gari,Lagos,2022-01-01,376.47,1,387.6836812996975,276.9724613794382
Gari,Lagos,2022-02-01,376.47,1,393.24825447390674,273.0532233127655
Gari,Lagos,2022-03-01,379.25,1,398.812827648116,271.23155128169975
Gari,Lagos,2022-04-01,382.78,1,404.3774008223252,269.9890177162992
Gari,Lagos,2022-05-01,382.21,1,409.9419739965345,265.927588150466
Gari,Lagos,2022-06-01,375.95,1,415.5065471707437,258.06906892739494
Gari,Lagos,2022-07-01,369.6,1,421.071120344953,250.35729115770414
Gari,Lagos,2022-08-01,353.78,1,429.7239740376429,234.8158624799367
Gari,Lagos,2022-09-01,351.65,1,438.3768277303327,228.79512644226318
Gari,Lagos,2022-10-01,364.86,1,447.02968142302245,232.79499077812488
Gari,Lagos,2022-11-01,363.28,1,455.6825351157123,227.38553944099584
Gari,Lagos,2022-12-01,369.55,1,464.3353888084022,226.99963537406094
Gari,Lagos,2023-01-01,373.63,1,472.988242501092,225.3072318809822
Gari,Oyo,2014-05-01,117.11,1,143.98930281471485,231.9783682549567
Gari,Oyo,2018-01-01,117.86,1,227.1828520689845,147.97032460772206
Gari,Oyo,2019-05-01,97.98,1,262.9443497070885,106.28141538221645
Gari,Oyo,2019-06-01,97.86,1,265.22494822513573,105.23848206572264
Gari,Oyo,2019-08-01,96.33,1,270.458367359174,101.58857662892463
Gari,Oyo,2019-09-01,96.33,1,273.41118797516503,100.49142751209214
Gari,Oyo,2019-10-01,97.86,1,276.364008591156,100.9967654596626
Gari,Oyo,2020-01-01,116.56,1,285.222470439129,116.56
Gari,Oyo,2020-02-01,111.01,1,288.17529105512,109.87252351691573
Gari,Oyo,2020-03-01,210.24,1,291.128111671111,205.9752039777782
Gari,Oyo,2020-04-01,208.05,1,294.08093228710203,201.78300753252674
Gari,Oyo,2020-05-01,219.38,1,297.03375290309305,210.6565498142233
Gari,Oyo,2020-06-01,228.52,1,299.986573519084,217.2731871968374
Gari,Oyo,2020-07-01,254.26,1,302.939394135075,239.39001245086442
Gari,Oyo,2020-08-01,232.65,1,307.2191314783556,215.9924332457739
Gari,Oyo,2020-09-01,228.52,1,311.49886882163617,209.24326046933797
Gari,Oyo,2020-10-01,229.77,1,315.7786061649168,207.53643772362597
Gari,Oyo,2020-11-01,225.18,1,320.05834350819737,200.67090015367182
Gari,Oyo,2020-12-01,230.84,1,324.3380808514779,203.00038436226234
Gari,Oyo,2021-01-01,243.35,1,328.6178181947585,211.21462178361307
Gari,Oyo,2021-02-01,287.63,1,332.8975555380391,246.43779387269302
Gari,Oyo,2021-03-01,308.54,1,337.17729288131966,260.9978278112108
Gari,Oyo,2021-04-01,352.0,1,341.45703022460026,294.02911847658953
Gari,Oyo,2021-05-01,396.92,1,345.73676756788086,327.4471030752368
Gari,Oyo,2021-06-01,375.27,1,350.0165049111614,305.8011121757212
Gari,Oyo,2021-07-01,312.53,1,354.296242254442,251.59899557253453
Gari,Oyo,2021-08-01,365.57,1,359.8608154286513,289.74751917413334
Gari,Oyo,2021-09-01,268.53,1,365.4253886028605,209.59351040126322
Gari,Oyo,2021-10-01,268.53,1,370.98996177706977,206.44976381609806
Gari,Oyo,2021-11-01,213.47,1,376.554534951279,161.69355329240355
Gari,Oyo,2021-12-01,239.78,1,382.11910812548825,178.97729401020896
Gari,Oyo,2022-01-01,196.83,1,387.6836812996975,144.80965169419824
Gari,Oyo,2022-02-01,196.83,1,393.24825447390674,142.76055447884727
Gari,Oyo,2022-03-01,202.75,1,398.812827648116,145.00249709258966
Gari,Oyo,2022-04-01,232.19,1,404.3774008223252,163.7722713400583
Gari,Oyo,2022-05-01,224.93,1,409.9419739965345,156.49797860517603
Gari,Oyo,2022-06-01,220.22,1,415.5065471707437,151.1689595935388
Gari,Oyo,2022-07-01,220.65,1,421.071120344953,149.46248997280145
Gari,Oyo,2022-08-01,218.46,1,429.7239740376429,144.99935925537616
Gari,Oyo,2022-09-01,209.81,1,438.3768277303327,136.5093288180044
Gari,Oyo,2022-10-01,201.93,1,447.02968142302245,128.83926023084678
Gari,Oyo,2022-11-01,211.09,1,455.6825351157123,132.12622087811005
Gari,Oyo,2022-12-01,225.53,1,464.3353888084022,138.53396770643207
Gari,Oyo,2023-01-01,225.29,1,472.988242501092,135.85489995574892
Gari,Yobe,2018-01-01,323.86,1,227.1828520689845,406.5982464572958
Gari,Yobe,2019-01-01,262.7,1,253.8219556348995,295.1988246916529
Gari,Yobe,2019-02-01,322.755,2,256.1025541529468,359.4535741787401
Gari,Yobe,2019-03-01,322.83000000000004,2,258.383152670994,356.36367611440136
Gari,Yobe,2019-04-01,322.755,2,260.66375118904125,353.1637138906152
Gari,Yobe,2019-05-01,232.65,1,262.9443497070885,252.36141343817775
Gari,Yobe,2019-06-01,263.16,1,265.22494822513573,283.00182853480044
Gari,Yobe,2019-08-01,281.66,2,270.458367359174,297.03559112740487
Gari,Yobe,2019-09-01,281.735,2,273.41118797516503,293.90586868181543
Gari,Yobe,2019-10-01,281.735,2,276.364008591156,290.76562146717805
Gari,Yobe,2020-01-01,268.575,2,285.222470439129,268.575
Gari,Yobe,2020-02-01,224.45499999999998,2,288.17529105512,222.15509653174777
Gari,Yobe,2020-03-01,209.75,2,291.128111671111,205.49514380868996
Gari,Yobe,2020-04-01,231.335,2,294.08093228710203,224.36660441017577
Gari,Yobe,2020-05-01,239.865,2,297.03375290309305,230.3269820457137
Gari,Yobe,2020-06-01,227.785,2,299.986573519084,216.57436086833363
Gari,Yobe,2020-07-01,239.16500000000002,2,302.939394135075,225.17781927086838
Gari,Yobe,2020-08-01,230.84500000000003,2,307.2191314783556,214.31666990165778
Gari,Yobe,2020-09-01,331.27,2,311.49886882163617,303.32581347662165
Gari,Yobe,2020-10-01,320.235,2,315.7786061649168,289.2476438805125
Gari,Yobe,2020-11-01,319.65999999999997,2,320.05834350819737,284.8674835381593
Gari,Yobe,2020-12-01,334.365,2,324.3380808514779,294.04012960183616
Gari,Yobe,2021-01-01,378.755,2,328.6178181947585,328.73882914999945
Gari,Yobe,2021-02-01,363.775,2,332.8975555380391,311.67787944942773
Gari,Yobe,2021-03-01,332.97,2,337.17729288131966,281.663469003367
Gari,Yobe,2021-04-01,332.895,2,341.45703022460026,278.0705210092735
Gari,Yobe,2021-05-01,332.895,2,345.73676756788086,274.62839710327256
Gari,Yobe,2021-06-01,347.06,2,350.0165049111614,282.81326509368137
Gari,Yobe,2021-07-01,389.74,2,354.296242254442,313.75609552503636
Gari,Yobe,2021-08-01,409.74,2,359.8608154286513,324.7562669431556
Gari,Yobe,2021-09-01,410.745,2,365.4253886028605,320.5954136586857
Gari,Yobe,2021-10-01,427.8,2,370.98996177706977,328.8988528675632
Gari,Yobe,2021-11-01,417.005,2,376.554534951279,315.8618081730395
Gari,Yobe,2021-12-01,408.565,2,382.11910812548825,304.96229096372105
Gari,Yobe,2022-01-01,407.27,2,387.6836812996975,299.6323062820511
Gari,Yobe,2022-02-01,407.27,2,393.24825447390674,295.3924250500438
Gari,Yobe,2022-03-01,438.08000000000004,2,398.812827648116,313.30551874881223
Gari,Yobe,2022-04-01,394.93,1,404.3774008223252,278.55886610245585
Gari,Yobe,2022-05-01,460.045,2,409.9419739965345,320.0823036830045
Gari,Yobe,2022-06-01,459.065,2,415.5065471707437,315.1229608382885
Gari,Yobe,2022-07-01,400.0,1,421.071120344953,270.94944930487463
Gari,Yobe,2022-08-01,397.62,1,429.7239740376429,263.91396698307545
Gari,Yobe,2022-09-01,436.59000000000003,2,438.3768277303327,284.0599011898982
Gari,Yobe,2022-10-01,430.94500000000005,2,447.02968142302245,274.9598128073207
Gari,Yobe,2022-11-01,436.59000000000003,2,455.6825351157123,273.27200138885814
Gari,Yobe,2022-12-01,436.59000000000003,2,464.3353888084022,268.17959899326553
Gari,Yobe,2023-01-01,436.59000000000003,2,472.988242501092,263.2735175626101
Gari,Zamfara,2018-01-01,165.91,1,227.1828520689845,208.29591511680954
Gari,Zamfara,2018-10-01,133.84,1,246.9801600807577,154.56373269452416
Gari,Zamfara,2018-11-01,127.36,1,249.26075859880495,145.73466774044243
Gari,Zamfara,2018-12-01,122.77,1,251.54135711685225,139.20876907547654
Gari,Zamfara,2019-02-01,112.3,1,256.1025541529468,125.06897299893886
Gari,Zamfara,2019-03-01,109.31,1,258.383152670994,120.66447801030019
Gari,Zamfara,2019-04-01,108.08,1,260.66375118904125,118.26287492772441
Gari,Zamfara,2019-08-01,103.62,1,270.458367359174,109.27653182071181
Gari,Zamfara,2019-09-01,100.19,1,273.41118797516503,104.51817837056484
Gari,Zamfara,2019-10-01,101.9,1,276.364008591156,105.16626201041916
Gari,Zamfara,2020-01-01,108.74,1,285.222470439129,108.74000000000001
Gari,Zamfara,2020-02-01,116.35,1,288.17529105512,115.15780660474863
Gari,Zamfara,2020-03-01,118.63,1,291.128111671111,116.22354665089338
Gari,Zamfara,2020-04-01,116.0,1,294.08093228710203,112.50578646370151
Gari,Zamfara,2020-05-01,115.43,1,297.03375290309305,110.84002892267206
Gari,Zamfara,2020-06-01,180.76,1,299.986573519084,171.8637376059002
Gari,Zamfara,2020-07-01,166.43,1,302.939394135075,156.6966088735836
Gari,Zamfara,2020-08-01,191.88,1,307.2191314783556,178.14153488587618
Gari,Zamfara,2020-09-01,211.89,1,311.49886882163617,194.01607938407147
Gari,Zamfara,2020-10-01,227.75,1,315.7786061649168,205.71190186515128
Gari,Zamfara,2020-11-01,210.0,1,320.05834350819737,187.1431256429127
Gari,Zamfara,2020-12-01,208.98,1,324.3380808514779,183.77672987361626
Gari,Zamfara,2021-01-01,206.6,1,328.6178181947585,179.31761191902388
Gari,Zamfara,2021-02-01,214.45,1,332.8975555380391,183.7380832875535
Gari,Zamfara,2021-03-01,318.53,1,337.17729288131966,269.4484932025182
Gari,Zamfara,2021-04-01,372.14,1,341.45703022460026,310.8522617894262
Gari,Zamfara,2021-05-01,373.2,1,345.73676756788086,307.878814037283
Gari,Zamfara,2021-06-01,415.43,1,350.0165049111614,338.52681011314485
Gari,Zamfara,2021-07-01,408.93,1,354.296242254442,329.20480356918233
Gari,Zamfara,2021-08-01,406.25,1,359.8608154286513,321.99012409249025
Gari,Zamfara,2021-09-01,377.52,1,365.4253886028605,294.6625779119089
Gari,Zamfara,2021-10-01,363.29,1,370.98996177706977,279.30262799966584
Gari,Zamfara,2021-11-01,367.31,1,376.554534951279,278.2201670484506
Gari,Zamfara,2021-12-01,354.82,1,382.11910812548825,264.8457897268427
Gari,Zamfara,2022-01-01,350.22,1,387.6836812996975,257.66009356471125
Gari,Zamfara,2022-02-01,350.22,1,393.24825447390674,254.01413092303966
Gari,Zamfara,2022-03-01,330.8,1,398.812827648116,236.58113952270608
Gari,Zamfara,2022-04-01,290.91,1,404.3774008223252,205.18967851990334
Gari,Zamfara,2022-05-01,287.18,1,409.9419739965345,199.80922729664542
Gari,Zamfara,2022-06-01,339.87,1,415.5065471707437,233.3021264964855
Gari,Zamfara,2022-07-01,347.77,1,421.071120344953,235.5702249618906
Gari,Zamfara,2022-08-01,351.62,1,429.7239740376429,233.38219674711786
Gari,Zamfara,2022-09-01,385.54,1,438.3768277303327,250.84508189549314
Gari,Zamfara,2022-10-01,335.71,1,447.02968142302245,214.1961474377139
Gari,Zamfara,2022-11-01,349.36,1,455.6825351157123,218.67268239128583
Gari,Zamfara,2022-12-01,345.58,1,464.3353888084022,212.27583274947364
Gari,Zamfara,2023-01-01,353.33,1,472.988242501092,213.06587865135947
Groundnut,Abia,2021-03-01,721.29,1,337.17729288131966,610.1481922018156
Groundnut,Abia,2021-04-01,794.52,1,341.45703022460026,663.6704977614202
Groundnut,Abia,2021-05-01,795.32,1,345.73676756788086,656.1151617902785
Groundnut,Abia,2021-06-01,809.03,1,350.0165049111614,659.2647261532329
Groundnut,Abia,2021-07-01,831.37,1,354.296242254442,669.2856908109238
Groundnut,Abia,2021-08-01,759.36,1,359.8608154286513,601.8619584759961
Groundnut,Abia,2021-09-01,756.38,1,365.4253886028605,590.3710549931385
Groundnut,Abia,2021-10-01,778.85,1,370.98996177706977,598.7911911077645
Groundnut,Abia,2021-11-01,764.2,1,376.554534951279,578.8458023425063
Groundnut,Abia,2021-12-01,710.53,1,382.11910812548825,530.3558958756935
Groundnut,Abia,2022-01-01,710.06,1,387.6836812996975,522.3977101152385
Groundnut,Abia,2022-02-01,710.06,1,393.24825447390674,515.0056358951902
Groundnut,Abia,2022-03-01,722.49,1,398.812827648116,516.709514793712
Groundnut,Abia,2022-04-01,720.5,1,404.3774008223252,508.1955359856669
Groundnut,Abia,2022-05-01,746.89,1,409.9419739965345,519.6584503642018
Groundnut,Abia,2022-06-01,735.5,1,415.5065471707437,504.880436749831
Groundnut,Abia,2022-07-01,722.46,1,421.071120344953,489.3753478619993
Groundnut,Abia,2022-08-01,736.51,1,429.7239740376429,488.8468281844598
Groundnut,Abia,2022-09-01,753.85,1,438.3768277303327,490.47975563344266
Groundnut,Abia,2022-10-01,805.27,1,447.02968142302245,513.7938448278809
Groundnut,Abia,2022-11-01,868.71,1,455.6825351157123,543.7461241130464
Groundnut,Abia,2022-12-01,830.99,1,464.3353888084022,510.4435854403759
Groundnut,Abia,2023-01-01,837.98,1,472.988242501092,505.32064922951974
Groundnut,Adamawa,2019-02-01,203.5,1,256.1025541529468,226.6387890052009
Groundnut,Adamawa,2019-03-01,219.3,1,258.383152670994,242.07959040946693
Groundnut,Adamawa,2019-04-01,216.88,1,260.66375118904125,237.3135854397194
Groundnut,Adamawa,2019-08-01,211.83,1,270.458367359174,223.39362802143782
Groundnut,Adamawa,2019-09-01,236.18,1,273.41118797516503,246.3829061539076
Groundnut,Adamawa,2019-10-01,245.61,1,276.364008591156,253.48268510676203
Groundnut,Adamawa,2020-01-01,188.59,1,285.222470439129,188.59
Groundnut,Adamawa,2020-02-01,197.8,1,288.17529105512,195.77321999500884
Groundnut,Adamawa,2020-03-01,245.61,1,291.128111671111,240.6277104689027
Groundnut,Adamawa,2020-04-01,261.63,1,294.08093228710203,253.74904234912262
Groundnut,Adamawa,2020-05-01,284.57,1,297.03375290309305,273.25432756237365
Groundnut,Adamawa,2020-06-01,306.75,1,299.986573519084,291.6530289367665
Groundnut,Adamawa,2020-07-01,364.73,1,302.939394135075,343.39935200662234
Groundnut,Adamawa,2020-08-01,410.01,1,307.2191314783556,380.6535893191479
Groundnut,Adamawa,2020-09-01,402.47,1,311.49886882163617,368.51975775028205
Groundnut,Adamawa,2020-10-01,363.75,1,315.7786061649168,328.5519398614656
Groundnut,Adamawa,2020-11-01,322.95,1,320.05834350819737,287.79939250656497
Groundnut,Adamawa,2020-12-01,339.69,1,324.3380808514779,298.7229274129999
Groundnut,Adamawa,2021-01-01,401.66,1,328.6178181947585,348.6191287676434
Groundnut,Adamawa,2021-02-01,432.01,1,332.8975555380391,370.1407757568478
Groundnut,Adamawa,2021-03-01,501.46,1,337.17729288131966,424.1912579704731
Groundnut,Adamawa,2021-04-01,600.58,1,341.45703022460026,501.6704772007675
Groundnut,Adamawa,2021-05-01,660.15,1,345.73676756788086,544.6039632548564
Groundnut,Adamawa,2021-06-01,701.46,1,350.0165049111614,571.6077707964437
Groundnut,Adamawa,2021-07-01,716.18,1,354.296242254442,576.5531905709461
Groundnut,Adamawa,2021-08-01,601.85,1,359.8608154286513,477.02093830169906
Groundnut,Adamawa,2021-09-01,454.41,1,365.4253886028605,354.6768966649463
Groundnut,Adamawa,2021-10-01,446.4,1,370.98996177706977,343.19880299223985
Groundnut,Adamawa,2021-11-01,410.31,1,376.554534951279,310.7906584129203
Groundnut,Adamawa,2021-12-01,516.59,1,382.11910812548825,385.5946297136286
Groundnut,Adamawa,2022-01-01,717.48,1,387.6836812996975,527.856672750868
Groundnut,Adamawa,2022-02-01,717.48,1,393.24825447390674,520.3873526773527
Groundnut,Adamawa,2022-03-01,726.16,1,398.812827648116,519.3342209063127
Groundnut,Adamawa,2022-04-01,747.68,1,404.3774008223252,527.3666042272913
Groundnut,Adamawa,2022-05-01,666.26,1,409.9419739965345,463.5590771594922
Groundnut,Adamawa,2022-06-01,716.27,1,415.5065471707437,491.68009575907746
Groundnut,Adamawa,2022-07-01,713.72,1,421.071120344953,483.4551023946878
Groundnut,Adamawa,2022-08-01,773.54,1,429.7239740376429,513.4249032244056
Groundnut,Adamawa,2022-09-01,771.89,1,438.3768277303327,502.21717659467805
Groundnut,Adamawa,2022-10-01,668.59,1,447.02968142302245,426.58664387531246
Groundnut,Adamawa,2022-11-01,620.03,1,455.6825351157123,388.09143365888747
Groundnut,Adamawa,2022-12-01,627.8,1,464.3353888084022,385.63217720967515
Groundnut,Adamawa,2023-01-01,627.8,1,472.988242501092,378.5774166284308
Groundnut,Adamawa,2023-06-01,829.5454545454545,2,516.2525109645411,458.3125483398491
Groundnut,Adamawa,2023-07-01,940.2477272727272,2,524.905364657231,510.91072344560246
Groundnut,Adamawa,2023-08-01,984.090909090909,2,539.4459689640813,520.3205814413762
Groundnut,Adamawa,2023-09-01,881.3113636363635,2,553.9865732709317,453.74710596010544
Groundnut,Adamawa,2023-10-01,723.6068181818182,2,568.5271775777819,363.0238490756744
Groundnut,Adamawa,2023-11-01,727.8,2,583.0677818846323,356.02192478313185
Groundnut,Adamawa,2023-12-01,779.2454545454545,2,597.6083861914826,371.9129763896949
Groundnut,Adamawa,2024-09-01,1829.5454545454545,2,726.2144672315035,718.558356893467
Groundnut,Adamawa,2024-10-01,1568.181818181818,2,739.6253926775378,604.739502872299
Groundnut,Adamawa,2024-11-01,1590.9090909090908,2,753.036318123572,602.5778707245538
Groundnut,Adamawa,2024-12-01,1665.1522727272727,2,766.4472435696063,619.6627998460152
Groundnut,Adamawa,2025-01-01,1893.9386363636363,2,779.8581690156404,692.6821801528346
Groundnut,Adamawa,2025-09-01,2045.4545454545453,1,860.323721691846,678.1279928887732
Groundnut,Adamawa,2025-10-01,1818.181818181818,3,860.323721691846,602.780438123354
Groundnut,Adamawa,2025-11-01,1540.5295454545453,4,860.323721691846,510.73059089308424
Groundnut,Borno,2016-01-01,2159.090909090909,1,171.4086989219375,3592.7070613494916
Groundnut,Borno,2016-06-01,322.7272727272727,8,181.8035760286879,506.3105578893028
Groundnut,Borno,2016-07-01,319.5454545454545,6,183.882551450038,495.65085563766854
Groundnut,Borno,2016-08-01,302.27272727272725,8,186.41128379681425,462.4986871131336
Groundnut,Borno,2016-09-01,306.81818181818176,8,188.9400161435905,463.17048966120956
Groundnut,Borno,2016-10-01,329.5454545454545,8,191.46874849036675,490.90919227567457
Groundnut,Borno,2016-11-01,295.45454545454544,9,193.997480837143,434.38850336287913
Groundnut,Borno,2016-12-01,322.7272727272727,9,196.52621318391925,468.3806221779231
Groundnut,Borno,2017-01-01,350.0,7,199.05494553069548,501.5090903044209
Groundnut,Borno,2017-02-01,340.9090909090909,9,201.58367787747176,482.35518930927856
Groundnut,Borno,2017-03-01,363.6363636363636,9,204.112410224248,508.137951356883
Groundnut,Borno,2017-04-01,386.3636363636363,9,206.64114257102423,533.2896899445141
Groundnut,Borno,2017-05-01,369.99999999999994,9,209.16987491780048,504.5292210646957
Groundnut,Borno,2017-06-01,363.6363636363636,9,211.69860726457676,489.92888199893207
Groundnut,Borno,2017-07-01,386.3636363636363,9,214.227339611353,514.4048889903761
Groundnut,Borno,2017-08-01,704.5454545454545,9,216.3865916876249,928.6721211090918
Groundnut,Borno,2017-09-01,363.6363636363636,8,218.5458437638968,474.5789725011412
Groundnut,Borno,2017-10-01,352.27272727272725,8,220.70509584016872,455.2504651447652
Groundnut,Borno,2017-11-01,352.27272727272725,8,222.86434791644064,450.839708012556
Groundnut,Borno,2017-12-01,318.18181818181813,8,225.02359999271255,403.3026057425576
Groundnut,Borno,2018-01-01,340.9090909090909,10,227.1828520689845,428.0029598128425
Groundnut,Borno,2018-02-01,340.9090909090909,8,229.3421041452564,423.9733191017715
Groundnut,Borno,2018-03-01,363.6363636363636,8,231.5013562215283,448.02010524126666
Groundnut,Borno,2018-04-01,325.0,8,233.66060829780025,396.7177162124575
Groundnut,Borno,2018-05-01,340.9090909090909,8,235.81986037407216,412.3271591714472
Groundnut,Borno,2018-06-01,363.6363636363636,8,237.97911245034408,435.82506426695903
Groundnut,Borno,2018-07-01,363.6363636363636,8,240.138364526616,431.9062561383001
Groundnut,Borno,2018-08-01,386.3636363636363,8,242.41896304466323,454.5832119213318
Groundnut,Borno,2018-09-01,340.9090909090909,8,244.6995615627105,397.3645579227144
Groundnut,Borno,2018-10-01,378.6363636363636,8,246.9801600807577,437.26426851103975
Groundnut,Borno,2018-11-01,409.09090909090907,8,249.26075859880495,468.11186959798346
Groundnut,Borno,2018-12-01,405.9090909090909,8,251.54135711685225,460.2598753930134
Groundnut,Borno,2019-01-01,375.45454545454544,9,253.8219556348995,421.90232410856703
Groundnut,Borno,2019-02-01,329.5454545454545,10,256.1025541529468,367.0161314022127
Groundnut,Borno,2019-03-01,318.18181818181813,10,258.383152670994,351.23266858729596
Groundnut,Borno,2019-04-01,318.18181818181813,10,260.66375118904125,348.159664766028
Groundnut,Borno,2019-05-01,340.9090909090909,9,262.9443497070885,369.7928219890067
Groundnut,Borno,2019-06-01,352.7272727272727,9,265.22494822513573,379.32232541386
Groundnut,Borno,2019-07-01,353.6363636363636,8,267.505546743183,377.0577414243624
Groundnut,Borno,2019-08-01,343.6363636363636,10,270.458367359174,362.395194225659
Groundnut,Borno,2019-09-01,340.0,10,273.41118797516503,354.68789945096364
Groundnut,Borno,2019-10-01,334.09090909090907,10,276.364008591156,344.7997260132843
Groundnut,Borno,2019-11-01,336.81818181818176,8,279.316829207147,343.9395835177245
Groundnut,Borno,2019-12-01,338.18181818181813,8,282.269649823138,341.71953555705227
Groundnut,Borno,2020-01-01,331.3636363636364,10,285.222470439129,331.3636363636364
Groundnut,Borno,2020-02-01,340.9090909090909,10,288.17529105512,337.41592746634944
Groundnut,Borno,2020-03-01,318.18181818181813,10,291.128111671111,311.7273825248303
Groundnut,Borno,2020-04-01,340.14954545454543,10,294.08093228710203,329.90338040201914
Groundnut,Borno,2020-05-01,356.89272727272726,10,297.03375290309305,342.7012060400277
Groundnut,Borno,2020-06-01,356.8181818181818,10,299.986573519084,339.2570611474574
Groundnut,Borno,2020-07-01,369.09090909090907,10,302.939394135075,347.5052203365594
Groundnut,Borno,2020-08-01,384.08272727272725,10,307.2191314783556,356.5826900120753
Groundnut,Borno,2020-09-01,396.81818181818176,10,311.49886882163617,363.3446970818787
Groundnut,Borno,2020-10-01,345.14272727272726,10,315.7786061649168,311.74518920833344
Groundnut,Borno,2020-11-01,399.5454545454545,10,320.05834350819737,356.05802476216496
Groundnut,Borno,2020-12-01,405.0,10,324.3380808514779,356.1564532434424
Groundnut,Borno,2021-01-01,408.18181818181813,10,328.6178181947585,354.2797137711947
Groundnut,Borno,2021-02-01,412.7272727272727,10,332.8975555380391,353.61957571186036
Groundnut,Borno,2021-03-01,567.4009090909091,10,337.17729288131966,479.97149403913124
Groundnut,Borno,2021-04-01,630.9090909090908,10,341.45703022460026,527.0046699967796
Groundnut,Borno,2021-05-01,633.6363636363635,10,345.73676756788086,522.7310079508579
Groundnut,Borno,2021-06-01,636.3636363636363,8,350.0165049111614,518.5618561254195
Groundnut,Borno,2021-07-01,750.0,8,354.296242254442,603.7796265299361
Groundnut,Borno,2021-08-01,784.090909090909,8,359.8608154286513,621.4634562904007
Groundnut,Borno,2021-09-01,772.7272727272727,8,365.4253886028605,603.1304572066563
Groundnut,Borno,2021-10-01,726.3636363636363,8,370.98996177706977,558.4389124934825
Groundnut,Borno,2021-11-01,670.4545454545454,8,376.554534951279,507.8379996045755
Groundnut,Borno,2021-12-01,704.5454545454545,8,382.11910812548825,525.8888938265833
Groundnut,Borno,2022-01-01,721.8181818181818,8,387.6836812996975,531.0483132430542
Groundnut,Borno,2022-02-01,738.6363636363635,8,393.24825447390674,535.7320369403379
Groundnut,Borno,2022-03-01,806.8181818181818,8,398.812827648116,577.0192407562977
Groundnut,Borno,2022-04-01,790.0,8,404.3774008223252,557.2164794291143
Groundnut,Borno,2022-05-01,804.090909090909,8,409.9419739965345,559.456728260017
Groundnut,Borno,2022-06-01,534.5699999999999,2,415.5065471707437,366.9530048584054
Groundnut,Borno,2022-07-01,577.015,2,421.071120344953,390.85474122663055
Groundnut,Borno,2022-08-01,637.5699999999999,2,429.7239740376429,423.1769728117283
Groundnut,Borno,2022-09-01,543.01,2,438.3768277303327,353.30027473173135
Groundnut,Borno,2022-10-01,581.52,2,447.02968142302245,371.0325687586887
Groundnut,Borno,2022-11-01,568.185,2,455.6825351157123,355.640422614188
Groundnut,Borno,2022-12-01,565.05,2,464.3353888084022,347.08738727672335
Groundnut,Borno,2023-01-01,586.8,2,472.988242501092,353.8535012385524
Groundnut,Borno,2023-02-01,739.090909090909,6,481.6410961937818,437.68137028987263
Groundnut,Borno,2023-03-01,724.090909090909,6,490.2939498864717,421.23097370719233
Groundnut,Borno,2023-04-01,757.2727272727273,6,498.9468035791615,432.89424146924205
Groundnut,Borno,2023-05-01,782.2727272727273,6,507.5996572718513,439.5624713954183
Groundnut,Borno,2023-06-01,909.090909090909,18,516.2525109645411,502.2603269477798
Groundnut,Borno,2023-07-01,963.340909090909,19,524.905364657231,523.4590698942675
Groundnut,Borno,2023-08-01,993.7090909090908,18,539.4459689640813,525.4060241680734
Groundnut,Borno,2023-09-01,984.6590909090908,18,553.9865732709317,506.95614659254073
Groundnut,Borno,2023-10-01,956.0136363636364,19,568.5271775777819,479.619237023767
Groundnut,Borno,2023-11-01,909.090909090909,19,583.0677818846323,444.704994857643
Groundnut,Borno,2023-12-01,999.9999999999999,3,597.6083861914826,477.2732060485835
Groundnut,Borno,2024-01-01,1186.5522727272728,14,612.148990498333,552.8578430831496
Groundnut,Borno,2024-02-01,1234.3249999999998,10,626.6895948051833,561.7728916246336
Groundnut,Borno,2024-03-01,1272.7272727272725,9,641.2301991120337,566.1155969029832
Groundnut,Borno,2024-04-01,1065.6545454545453,1,655.770803418884,463.4982535126384
Groundnut,Borno,2024-05-01,1454.5454545454545,9,670.3114077257343,618.9198678850604
Groundnut,Borno,2024-06-01,1632.906818181818,10,684.8520120325846,680.0618359818094
Groundnut,Borno,2024-08-01,2090.9090909090905,5,712.8035417854693,836.6600632747886
Groundnut,Borno,2024-09-01,2037.8795454545452,16,726.2144672315035,800.3820698144028
Groundnut,Borno,2024-10-01,1885.6318181818183,21,739.6253926775378,727.1580598030193
Groundnut,Borno,2024-11-01,1818.181818181818,16,753.036318123572,688.6604236852044
Groundnut,Borno,2024-12-01,1924.0704545454544,18,766.4472435696063,716.0155287251067
Groundnut,Borno,2025-01-01,1984.2636363636364,19,779.8581690156404,725.7173148298654
Groundnut,Borno,2025-02-01,1996.7522727272726,14,793.2690944616747,717.9387424247287
Groundnut,Borno,2025-03-01,1818.181818181818,11,806.680019907709,642.8649490397147
Groundnut,Borno,2025-04-01,1878.5522727272726,16,820.0909453537432,653.348659818693
Groundnut,Borno,2025-05-01,1885.6295454545455,20,833.5018707997775,645.2582005262859
Groundnut,Borno,2025-06-01,1999.9999999999998,15,846.9127962458117,673.5580610033544
Groundnut,Borno,2025-07-01,2061.6499999999996,8,860.323721691846,683.4972596413569
Groundnut,Borno,2025-08-01,2006.6431818181818,10,860.323721691846,665.2608909614827
Groundnut,Borno,2025-09-01,1871.2113636363633,16,860.323721691846,620.3612830767692
Groundnut,Borno,2025-10-01,1810.3136363636363,20,860.323721691846,600.1719057773752
Groundnut,Borno,2025-11-01,1644.5704545454544,22,860.323721691846,545.2231945135978
Groundnut,Borno,2025-12-01,1537.431818181818,21,860.323721691846,509.70360372163157
Groundnut,Borno,2026-01-01,1454.5454545454545,21,860.323721691846,482.22435049868324
Groundnut,Borno,2026-02-01,1556.8181818181815,16,860.323721691846,516.1307501431218
Groundnut,Borno,2026-03-01,1565.4386363636363,16,860.323721691846,518.9886828953742
Groundnut,Borno,2026-04-01,1590.9090909090908,7,860.323721691846,527.4328833579347
Groundnut,Borno,2026-05-01,1704.5454545454545,11,860.323721691846,565.1066607406444
Groundnut,Borno,2026-06-01,1704.5454545454545,10,860.323721691846,565.1066607406444
Groundnut,Borno,2026-07-01,1590.9090909090908,1,860.323721691846,527.4328833579347
Groundnut,Gombe,2018-01-01,333.33,1,227.1828520689845,418.4875980102834
Groundnut,Gombe,2019-01-01,346.67,1,253.8219556348995,389.55681977866504
Groundnut,Gombe,2019-02-01,350.0,1,256.1025541529468,389.796443006488
Groundnut,Gombe,2019-03-01,366.66,1,258.383152670994,404.74647797325656
Groundnut,Gombe,2019-04-01,366.66,1,260.66375118904125,401.20527128978017
Groundnut,Gombe,2019-05-01,366.66,1,262.9443497070885,397.7254925907684
Groundnut,Gombe,2019-06-01,366.66,1,265.22494822513573,394.3055572677076
Groundnut,Gombe,2019-08-01,366.66,1,270.458367359174,386.6756722387782
Groundnut,Gombe,2019-09-01,352.08,1,273.41118797516503,367.2897518785155
Groundnut,Gombe,2019-10-01,350.0,1,276.364008591156,361.2187605853455
Groundnut,Gombe,2020-01-01,335.0,1,285.222470439129,335.0
Groundnut,Gombe,2020-02-01,291.66,1,288.17529105512,288.6714729208508
Groundnut,Gombe,2020-03-01,291.66,1,291.128111671111,285.7435692168892
Groundnut,Gombe,2020-04-01,326.11,1,294.08093228710203,316.28674158342847
Groundnut,Gombe,2020-05-01,376.88,1,297.03375290309305,361.8937026802101
Groundnut,Gombe,2020-06-01,378.26,1,299.986573519084,359.6436013875184
Groundnut,Gombe,2020-07-01,411.28,1,302.939394135075,387.2269500542418
Groundnut,Gombe,2020-08-01,479.57,1,307.2191314783556,445.23314511788425
Groundnut,Gombe,2020-09-01,495.83,1,311.49886882163617,454.0044015338344
Groundnut,Gombe,2020-10-01,458.33,1,315.7786061649168,413.9799604033141
Groundnut,Gombe,2020-11-01,423.88,1,320.05834350819737,377.7439433215134
Groundnut,Gombe,2020-12-01,431.45,1,324.3380808514779,379.4165475355141
Groundnut,Gombe,2021-01-01,486.56,1,328.6178181947585,422.30773114869436
Groundnut,Gombe,2021-02-01,531.25,1,332.8975555380391,455.16836906744146
Groundnut,Gombe,2021-03-01,546.87,1,337.17729288131966,462.6041423968265
Groundnut,Gombe,2021-04-01,556.94,1,341.45703022460026,465.21754898963576
Groundnut,Gombe,2021-05-01,580.64,1,345.73676756788086,479.0105964164202
Groundnut,Gombe,2021-06-01,611.11,1,350.0165049111614,497.9830992664081
Groundnut,Gombe,2021-07-01,666.66,1,354.296242254442,536.6876344299295
Groundnut,Gombe,2021-08-01,666.66,1,359.8608154286513,528.3887658523065
Groundnut,Gombe,2021-09-01,666.66,1,365.4253886028605,520.3426419547393
Groundnut,Gombe,2021-10-01,591.39,1,370.98996177706977,454.669220657663
Groundnut,Gombe,2021-11-01,645.83,1,376.554534951279,489.18605669570894
Groundnut,Gombe,2021-12-01,683.33,1,382.11910812548825,510.05319174241436
Groundnut,Gombe,2022-01-01,708.33,1,387.6836812996975,521.1249331125919
Groundnut,Gombe,2022-02-01,708.33,1,393.24825447390674,513.7508690443626
Groundnut,Gombe,2022-03-01,708.33,1,398.812827648116,506.5825833074922
Groundnut,Gombe,2022-04-01,716.66,1,404.3774008223252,505.48704069325197
Groundnut,Gombe,2022-05-01,750.0,1,409.9419739965345,521.8222733911973
Groundnut,Gombe,2022-06-01,761.11,1,415.5065471707437,522.4602980484893
Groundnut,Gombe,2022-07-01,889.78,1,421.071120344953,602.7135025062283
Groundnut,Gombe,2022-08-01,881.94,1,429.7239740376429,585.3736835195755
Groundnut,Gombe,2022-09-01,800.0,1,438.3768277303327,520.5064727820576
Groundnut,Gombe,2022-10-01,750.0,1,447.02968142302245,478.5294169917054
Groundnut,Gombe,2022-11-01,769.44,1,455.6825351157123,481.61068450638584
Groundnut,Gombe,2022-12-01,750.0,1,464.3353888084022,460.69470039384584
Groundnut,Gombe,2023-01-01,750.0,1,472.988242501092,452.26674493680014
Groundnut,Jigawa,2018-01-01,225.08,1,227.1828520689845,282.58239150437885
Groundnut,Jigawa,2019-01-01,225.22,1,253.8219556348995,253.0821442598175
Groundnut,Jigawa,2019-02-01,252.5,1,256.1025541529468,281.2102910261092
Groundnut,Jigawa,2019-03-01,257.94,1,258.383152670994,284.7332856827082
Groundnut,Jigawa,2019-04-01,252.98,1,260.66375118904125,276.8147862621736
Groundnut,Jigawa,2019-05-01,238.1,1,262.9443497070885,258.273168019042
Groundnut,Jigawa,2019-06-01,251.33,1,265.22494822513573,270.27986611054644
Groundnut,Jigawa,2019-08-01,256.1,1,270.458367359174,270.08029144262014
Groundnut,Jigawa,2019-09-01,238.1,1,273.41118797516503,248.3858495861013
Groundnut,Jigawa,2019-10-01,238.1,1,276.364008591156,245.73196255820218
Groundnut,Jigawa,2020-01-01,238.1,1,285.222470439129,238.1
Groundnut,Jigawa,2020-02-01,257.94,1,288.17529105512,255.2969887032992
Groundnut,Jigawa,2020-03-01,257.94,1,291.128111671111,252.70759186657202
Groundnut,Jigawa,2020-04-01,273.96,1,294.08093228710203,265.70763154823845
Groundnut,Jigawa,2020-06-01,299.11,1,299.986573519084,284.38903825680916
Groundnut,Jigawa,2020-07-01,361.62,1,302.939394135075,340.47123535940216
Groundnut,Jigawa,2020-08-01,370.33,1,307.2191314783556,343.8146477709325
Groundnut,Jigawa,2020-09-01,337.3,1,311.49886882163617,308.8471545436185
Groundnut,Jigawa,2020-10-01,324.11,1,315.7786061649168,292.747681727834
Groundnut,Jigawa,2020-11-01,315.46,1,320.05834350819737,281.1246210253011
Groundnut,Jigawa,2020-12-01,315.4,1,324.3380808514779,277.36233420489316
Groundnut,Jigawa,2021-01-01,353.07,1,328.6178181947585,306.44564007865324
Groundnut,Jigawa,2021-02-01,386.91,1,332.8975555380391,331.49965868401654
Groundnut,Jigawa,2021-03-01,496.57,1,337.17729288131966,420.05474608223545
Groundnut,Jigawa,2021-04-01,511.23,1,341.45703022460026,427.0355290874627
Groundnut,Jigawa,2021-05-01,567.55,1,345.73676756788086,468.21173876436217
Groundnut,Jigawa,2021-06-01,539.82,1,350.0165049111614,439.89009612998063
Groundnut,Jigawa,2021-07-01,559.52,1,354.296242254442,450.4357021813731
Groundnut,Jigawa,2021-08-01,549.38,1,359.8608154286513,435.43368461275634
Groundnut,Jigawa,2021-09-01,530.94,1,365.4253886028605,414.4102275814498
Groundnut,Jigawa,2021-10-01,489.32,1,370.98996177706977,376.19632231219276
Groundnut,Jigawa,2021-11-01,501.06,1,376.554534951279,379.52954425770236
Groundnut,Jigawa,2021-12-01,465.58,1,382.11910812548825,347.51959523426933
Groundnut,Jigawa,2022-01-01,627.53,1,387.6836812996975,461.67962570573707
Groundnut,Jigawa,2022-02-01,627.53,1,393.24825447390674,455.14672942189213
Groundnut,Jigawa,2022-03-01,652.46,1,398.812827648116,466.62554502111493
Groundnut,Jigawa,2022-04-01,658.44,1,404.3774008223252,464.4223021712735
Groundnut,Jigawa,2022-05-01,658.44,1,409.9419739965345,458.11821025560005
Groundnut,Jigawa,2022-06-01,658.44,1,415.5065471707437,451.98297046031104
Groundnut,Jigawa,2022-07-01,658.44,1,421.071120344953,446.00988850075413
Groundnut,Jigawa,2022-08-01,570.51,1,429.7239740376429,378.66696168078664
Groundnut,Jigawa,2022-09-01,553.36,1,438.3768277303327,360.0343272233493
Groundnut,Jigawa,2022-10-01,554.64,1,447.02968142302245,353.882074453706
Groundnut,Jigawa,2022-11-01,554.02,1,455.6825351157123,346.77421427301397
Groundnut,Jigawa,2022-12-01,603.2,1,464.3353888084022,370.5213910367571
Groundnut,Jigawa,2023-01-01,613.25,1,472.988242501092,369.80344177665694
Groundnut,Kaduna,2014-07-01,333.44,1,145.799165386817,652.2985251040567
Groundnut,Kaduna,2018-01-01,276.76,1,227.1828520689845,347.4653575295534
Groundnut,Kaduna,2019-01-01,225.99,1,253.8219556348995,253.94740156858253
Groundnut,Kaduna,2019-02-01,254.89499999999998,2,256.1025541529468,283.87761240039646
Groundnut,Kaduna,2019-03-01,268.21500000000003,2,258.383152670994,296.07559207330223
Groundnut,Kaduna,2019-04-01,267.945,2,260.66375118904125,293.1897300380192
Groundnut,Kaduna,2019-05-01,217.39,1,262.9443497070885,235.8085006117578
Groundnut,Kaduna,2019-06-01,247.82,1,265.22494822513573,266.50521791873473
Groundnut,Kaduna,2019-08-01,250.08999999999997,2,270.458367359174,263.74221041345123
Groundnut,Kaduna,2019-09-01,248.65,1,273.41118797516503,259.39160646612385
Groundnut,Kaduna,2019-10-01,234.49,2,276.364008591156,242.0062490561648
Groundnut,Kaduna,2020-01-01,272.09000000000003,2,285.222470439129,272.09000000000003
Groundnut,Kaduna,2020-02-01,285.27,2,288.17529105512,282.34694877642147
Groundnut,Kaduna,2020-03-01,252.47,1,291.128111671111,247.34855283613803
Groundnut,Kaduna,2020-04-01,296.325,2,294.08093228710203,287.39894115393406
Groundnut,Kaduna,2020-05-01,316.28499999999997,2,297.03375290309305,303.70820885218166
Groundnut,Kaduna,2020-06-01,355.635,2,299.986573519084,338.1321106631685
Groundnut,Kaduna,2020-07-01,412.44,2,302.939394135075,388.3191093181567
Groundnut,Kaduna,2020-08-01,427.41999999999996,2,307.2191314783556,396.81704628372523
Groundnut,Kaduna,2020-09-01,390.07500000000005,2,311.49886882163617,357.17033444589975
Groundnut,Kaduna,2020-10-01,360.755,2,315.7786061649168,325.8467493188261
Groundnut,Kaduna,2020-11-01,408.505,2,320.05834350819737,364.04239305122877
Groundnut,Kaduna,2020-12-01,412.46500000000003,2,324.3380808514779,362.72116416557157
Groundnut,Kaduna,2021-01-01,437.365,2,328.6178181947585,379.6091352224776
Groundnut,Kaduna,2021-02-01,485.985,2,332.8975555380391,416.3858820540998
Groundnut,Kaduna,2021-03-01,506.70500000000004,2,337.17729288131966,428.6280687790224
Groundnut,Kaduna,2021-04-01,588.135,2,341.45703022460026,491.2750443046278
Groundnut,Kaduna,2021-05-01,618.9300000000001,2,345.73676756788086,510.59869874623683
Groundnut,Kaduna,2021-06-01,611.27,2,350.0165049111614,498.1134805330911
Groundnut,Kaduna,2021-07-01,696.155,2,354.296242254442,560.4322745425968
Groundnut,Kaduna,2021-08-01,728.315,2,359.8608154286513,577.2559685622696
Groundnut,Kaduna,2021-09-01,721.595,2,365.4253886028605,563.2206052880481
Groundnut,Kaduna,2021-10-01,655.275,2,370.98996177706977,503.7849364487903
Groundnut,Kaduna,2021-11-01,612.075,2,376.554534951279,463.61822097460026
Groundnut,Kaduna,2021-12-01,657.77,2,382.11910812548825,490.97462124070046
Groundnut,Kaduna,2022-01-01,703.55,2,387.6836812996975,517.6082428971863
Groundnut,Kaduna,2022-02-01,703.55,2,393.24825447390674,510.2839409825382
Groundnut,Kaduna,2022-03-01,695.13,2,398.812827648116,497.14222344745673
Groundnut,Kaduna,2022-04-01,722.52,2,404.3774008223252,509.62031736344767
Groundnut,Kaduna,2022-05-01,783.56,2,409.9419739965345,545.1720807178755
Groundnut,Kaduna,2022-06-01,841.0699999999999,2,415.5065471707437,577.348455387057
Groundnut,Kaduna,2022-07-01,861.095,2,421.071120344953,583.2830401229526
Groundnut,Kaduna,2022-08-01,880.21,2,429.7239740376429,584.2254234650492
Groundnut,Kaduna,2022-09-01,767.5350000000001,2,438.3768277303327,499.3836694834708
Groundnut,Kaduna,2022-10-01,750.6800000000001,2,447.02968142302245,478.9632836631112
Groundnut,Kaduna,2022-11-01,618.5799999999999,2,455.6825351157123,387.18384438287603
Groundnut,Kaduna,2022-12-01,561.965,2,464.3353888084022,345.1923964091034
Groundnut,Kaduna,2023-01-01,575.38,2,472.988242501092,346.96698626898143
Groundnut,Kano,2018-01-01,242.8,1,227.1828520689845,304.8294146848373
Groundnut,Kano,2019-08-01,221.16,1,270.458367359174,233.23294515989795
Groundnut,Kano,2019-09-01,253.97,1,273.41118797516503,264.94142889282716
Groundnut,Kano,2019-10-01,248.18,1,276.364008591156,256.1350628630601
Groundnut,Kano,2020-01-01,223.54,1,285.222470439129,223.54
Groundnut,Kano,2020-02-01,228.98,1,288.17529105512,226.63373060898445
Groundnut,Kano,2020-03-01,267.27,1,291.128111671111,261.8483293718644
Groundnut,Kano,2020-04-01,270.91,1,294.08093228710203,262.74950526621876
Groundnut,Kano,2020-05-01,268.72,1,297.03375290309305,258.0345886866537
Groundnut,Kano,2020-06-01,288.2,1,299.986573519084,274.01598350310053
Groundnut,Kano,2020-07-01,347.69,1,302.939394135075,327.3559090263551
Groundnut,Kano,2020-08-01,309.65,1,307.2191314783556,287.47929058480065
Groundnut,Kano,2020-09-01,296.35,1,311.49886882163617,271.3514801334164
Groundnut,Kano,2020-10-01,295.3,1,315.7786061649168,266.72546485523236
Groundnut,Kano,2020-11-01,318.12,1,320.05834350819737,283.495100616778
Groundnut,Kano,2020-12-01,339.46,1,324.3380808514779,298.52066572350356
Groundnut,Kano,2021-01-01,399.71,1,328.6178181947585,346.9266343666652
Groundnut,Kano,2021-02-01,424.77,1,332.8975555380391,363.9376341247569
Groundnut,Kano,2021-03-01,475.18,1,337.17729288131966,401.96067874288957
Groundnut,Kano,2021-04-01,463.46,1,341.45703022460026,387.132770594205
Groundnut,Kano,2021-05-01,382.83,1,345.73676756788086,315.82327539628363
Groundnut,Kano,2021-06-01,425.52,1,350.0165049111614,346.74897874333914
Groundnut,Kano,2021-07-01,417.38,1,354.296242254442,336.0073873614196
Groundnut,Kano,2021-08-01,393.03,1,359.8608154286513,311.5120700850989
Groundnut,Kano,2021-09-01,402.59,1,365.4253886028605,314.2302586394241
Groundnut,Kano,2021-10-01,407.83,1,370.98996177706977,313.54562684660664
Groundnut,Kano,2021-11-01,361.67,1,376.554534951279,273.9481305066923
Groundnut,Kano,2021-12-01,526.46,1,382.11910812548825,392.961824191403
Groundnut,Kano,2022-01-01,627.8,1,387.6836812996975,461.87826720325995
Groundnut,Kano,2022-02-01,627.8,1,393.24825447390674,455.3425600864721
Groundnut,Kano,2022-03-01,634.85,1,398.812827648116,454.03124675329497
Groundnut,Kano,2022-04-01,627.94,1,404.3774008223252,442.9095140414153
Groundnut,Kano,2022-05-01,648.2,1,409.9419739965345,450.9935968162322
Groundnut,Kano,2022-06-01,650.82,1,415.5065471707437,446.7522581176412
Groundnut,Kano,2022-07-01,722.84,1,421.071120344953,489.6327498388389
Groundnut,Kano,2022-08-01,720.48,1,429.7239740376429,478.20716999136414
Groundnut,Kano,2022-09-01,640.51,1,438.3768277303327,416.73700110204464
Groundnut,Kano,2022-10-01,597.43,1,447.02968142302245,381.18377279113935
Groundnut,Kano,2022-11-01,641.26,1,455.6825351157123,401.3797925069726
Groundnut,Kano,2022-12-01,624.19,1,464.3353888084022,383.4147000517795
Groundnut,Kano,2023-01-01,650.22,1,472.988242501092,392.0971771904083
Groundnut,Katsina,2018-01-01,298.33,1,227.1828520689845,374.5459608028316
Groundnut,Katsina,2019-01-01,273.3,1,253.8219556348995,307.1101590720545
Groundnut,Katsina,2019-02-01,283.69,1,256.1025541529468,315.94672261860165
Groundnut,Katsina,2019-03-01,286.78,1,258.383152670994,316.56901476346064
Groundnut,Katsina,2019-04-01,287.88,1,260.66375118904125,315.0029277775102
Groundnut,Katsina,2019-05-01,288.8,1,262.9443497070885,313.2687565052471
Groundnut,Katsina,2019-06-01,288.69,1,265.22494822513573,310.4567482889175
Groundnut,Katsina,2019-08-01,246.69,1,270.458367359174,260.1566071689963
Groundnut,Katsina,2019-09-01,246.69,1,273.41118797516503,257.3469350457595
Groundnut,Katsina,2019-10-01,246.69,1,276.364008591156,254.59730299656823
Groundnut,Katsina,2020-01-01,254.96,1,285.222470439129,254.96
Groundnut,Katsina,2020-02-01,285.46,1,288.17529105512,282.5350019199961
Groundnut,Katsina,2020-03-01,327.75,1,291.128111671111,321.1014702421842
Groundnut,Katsina,2020-04-01,327.75,1,294.08093228710203,317.8773406334325
Groundnut,Katsina,2020-05-01,327.75,1,297.03375290309305,314.7173133449343
Groundnut,Katsina,2020-06-01,327.75,1,299.986573519084,311.6194954654448
Groundnut,Katsina,2020-07-01,374.46,1,302.939394135075,352.5603085910119
Groundnut,Katsina,2020-08-01,403.96,1,307.2191314783556,375.0367648139386
Groundnut,Katsina,2020-09-01,403.96,1,311.49886882163617,369.8840692245482
Groundnut,Katsina,2020-10-01,397.34,1,315.7786061649168,358.89162277540817
Groundnut,Katsina,2020-11-01,402.24,1,320.05834350819737,358.4592898028819
Groundnut,Katsina,2020-12-01,414.59,1,324.3380808514779,364.58988629678714
Groundnut,Katsina,2021-01-01,406.86,1,328.6178181947585,353.13244717025196
Groundnut,Katsina,2021-02-01,465.31,1,332.8975555380391,398.6718001143928
Groundnut,Katsina,2021-03-01,475.77,1,337.17729288131966,402.4597670893231
Groundnut,Katsina,2021-04-01,475.77,1,341.45703022460026,397.41543664092893
Groundnut,Katsina,2021-05-01,475.77,1,345.73676756788086,392.49598969592216
Groundnut,Katsina,2021-06-01,475.76,1,350.0165049111614,387.6886964817894
Groundnut,Katsina,2021-07-01,492.51,1,354.296242254442,396.4900051496784
Groundnut,Katsina,2021-08-01,542.73,1,359.8608154286513,430.1629539660732
Groundnut,Katsina,2021-09-01,542.75,1,365.4253886028605,423.62818966329877
Groundnut,Katsina,2021-10-01,566.84,1,370.98996177706977,435.7948241221355
Groundnut,Katsina,2021-11-01,532.78,1,376.554534951279,403.55596253865536
Groundnut,Katsina,2021-12-01,475.77,1,382.11910812548825,355.12564505478827
Groundnut,Katsina,2022-01-01,607.05,1,387.6836812996975,446.6123002639996
Groundnut,Katsina,2022-02-01,607.05,1,393.24825447390674,440.29261086411736
Groundnut,Katsina,2022-03-01,606.14,1,398.812827648116,433.49846405771785
Groundnut,Katsina,2022-04-01,607.05,1,404.3774008223252,428.1750175157517
Groundnut,Katsina,2022-05-01,584.77,1,409.9419739965345,406.8613477479606
Groundnut,Katsina,2022-06-01,606.38,1,415.5065471707437,416.24663390395995
Groundnut,Katsina,2022-07-01,527.85,1,421.071120344953,357.5516670389452
Groundnut,Katsina,2022-08-01,591.37,1,429.7239740376429,392.5124557486578
Groundnut,Katsina,2022-09-01,578.2,1,438.3768277303327,376.19605320323217
Groundnut,Katsina,2022-10-01,596.13,1,447.02968142302245,380.3543218016871
Groundnut,Katsina,2022-11-01,598.13,1,455.6825351157123,374.3837059729213
Groundnut,Katsina,2022-12-01,591.27,1,464.3353888084022,363.1932740024923
Groundnut,Katsina,2023-01-01,569.43,1,472.988242501092,343.3790034258161
Groundnut,Kebbi,2018-01-01,259.51,1,227.1828520689845,325.8084077630236
Groundnut,Kebbi,2019-01-01,234.79,1,253.8219556348995,263.8360565258971
Groundnut,Kebbi,2019-02-01,204.68,1,256.1025541529468,227.9529598701942
Groundnut,Kebbi,2019-03-01,262.69,1,258.383152670994,289.97668766376137
Groundnut,Kebbi,2019-04-01,260.66,1,260.66375118904125,285.2183658277262
Groundnut,Kebbi,2019-05-01,265.25,1,262.9443497070885,287.72346836224654
Groundnut,Kebbi,2019-06-01,252.46,1,265.22494822513573,271.4950662406738
Groundnut,Kebbi,2019-08-01,246.82,1,270.458367359174,260.29370376363727
Groundnut,Kebbi,2019-09-01,254.06,1,273.41118797516503,265.03531686621125
Groundnut,Kebbi,2019-10-01,247.15,1,276.364008591156,255.07204765333753
Groundnut,Kebbi,2020-01-01,220.13,1,285.222470439129,220.13
Groundnut,Kebbi,2020-02-01,239.59,1,288.17529105512,237.13501404754385
Groundnut,Kebbi,2020-03-01,275.41,1,291.128111671111,269.82320646651397
Groundnut,Kebbi,2020-04-01,269.62,1,294.08093228710203,261.4983633305448
Groundnut,Kebbi,2020-05-01,251.77,1,297.03375290309305,241.7585903305999
Groundnut,Kebbi,2020-06-01,319.7,1,299.986573519084,303.9656832961181
Groundnut,Kebbi,2020-07-01,351.07,1,302.939394135075,330.5382351574175
Groundnut,Kebbi,2020-08-01,378.69,1,307.2191314783556,351.57607799631256
Groundnut,Kebbi,2020-09-01,369.58,1,311.49886882163617,338.4041843351038
Groundnut,Kebbi,2020-10-01,334.88,1,315.7786061649168,302.47552885445384
Groundnut,Kebbi,2020-11-01,337.74,1,320.05834350819737,300.979615498273
Groundnut,Kebbi,2020-12-01,358.45,1,324.3380808514779,315.22044608669614
Groundnut,Kebbi,2021-01-01,388.42,1,328.6178181947585,337.12752575792473
Groundnut,Kebbi,2021-02-01,443.08,1,332.8975555380391,379.62541358381543
Groundnut,Kebbi,2021-03-01,483.33,1,337.17729288131966,408.8548652232855
Groundnut,Kebbi,2021-04-01,509.54,1,341.45703022460026,425.6238551947768
Groundnut,Kebbi,2021-05-01,528.67,1,345.73676756788086,436.13690411867736
Groundnut,Kebbi,2021-06-01,572.2,1,350.0165049111614,466.2760049749451
Groundnut,Kebbi,2021-07-01,576.56,1,354.296242254442,464.15357529613317
Groundnut,Kebbi,2021-08-01,602.91,1,359.8608154286513,477.8610848408696
Groundnut,Kebbi,2021-09-01,599.6,1,365.4253886028605,468.00085218261444
Groundnut,Kebbi,2021-10-01,571.02,1,370.98996177706977,439.0084688275735
Groundnut,Kebbi,2021-11-01,543.59,1,376.554534951279,411.74403257702556
Groundnut,Kebbi,2021-12-01,541.97,1,382.11910812548825,404.53884408504865
Groundnut,Kebbi,2022-01-01,630.48,1,387.6836812996975,463.8499679934874
Groundnut,Kebbi,2022-02-01,630.48,1,393.24825447390674,457.2863607571185
Groundnut,Kebbi,2022-03-01,646.45,1,398.812827648116,462.32732056968973
Groundnut,Kebbi,2022-04-01,657.06,1,404.3774008223252,463.44893667556175
Groundnut,Kebbi,2022-05-01,680.97,1,409.9419739965345,473.79375134827154
Groundnut,Kebbi,2022-06-01,707.91,1,415.5065471707437,485.94141397630574
Groundnut,Kebbi,2022-07-01,773.64,1,421.071120344953,524.043329900558
Groundnut,Kebbi,2022-08-01,860.39,1,429.7239740376429,571.0702128981648
Groundnut,Kebbi,2022-09-01,812.14,1,438.3768277303327,528.4051585065254
Groundnut,Kebbi,2022-10-01,699.48,1,447.02968142302245,446.29567546314416
Groundnut,Kebbi,2022-11-01,644.61,1,455.6825351157123,403.47663669637836
Groundnut,Kebbi,2022-12-01,665.73,1,464.3353888084022,408.9310438575933
Groundnut,Kebbi,2023-01-01,673.5,1,472.988242501092,406.1355369532465
Groundnut,Lagos,2018-01-01,353.97,1,227.1828520689845,444.4006092091922
Groundnut,Lagos,2019-02-01,331.51,1,256.1025541529468,369.2040537745167
Groundnut,Lagos,2019-03-01,336.58,1,258.383152670994,371.54194500692375
Groundnut,Lagos,2019-04-01,336.99,1,260.66375118904125,368.7398799212977
Groundnut,Lagos,2019-08-01,344.29,1,270.458367359174,363.08451206864385
Groundnut,Lagos,2019-09-01,353.72,1,273.41118797516503,369.0005993935143
Groundnut,Lagos,2019-10-01,324.43,1,276.364008591156,334.82914999058187
Groundnut,Lagos,2020-01-01,345.21,1,285.222470439129,345.21
Groundnut,Lagos,2020-02-01,352.74,1,288.17529105512,349.12560981314164
Groundnut,Lagos,2020-03-01,386.3,1,291.128111671111,378.46376187507474
Groundnut,Lagos,2020-04-01,406.85,1,294.08093228710203,394.59464847204276
Groundnut,Lagos,2020-05-01,410.96,1,297.03375290309305,394.6185418527359
Groundnut,Lagos,2020-06-01,463.97,1,299.986573519084,441.1353083481386
Groundnut,Lagos,2020-07-01,512.33,1,302.939394135075,482.3672031737252
Groundnut,Lagos,2020-08-01,556.43,1,307.2191314783556,516.5900263526584
Groundnut,Lagos,2020-09-01,479.7,1,311.49886882163617,439.2350430909392
Groundnut,Lagos,2020-10-01,437.91,1,315.7786061649168,395.53588999239696
Groundnut,Lagos,2020-11-01,430.14,1,320.05834350819737,383.32259078115453
Groundnut,Lagos,2020-12-01,430.85,1,324.3380808514779,378.8889083455239
Groundnut,Lagos,2021-01-01,462.16,1,328.6178181947585,401.12985249030044
Groundnut,Lagos,2021-02-01,471.23,1,332.8975555380391,403.74398222240086
Groundnut,Lagos,2021-03-01,554.56,1,337.17729288131966,469.1092091494945
Groundnut,Lagos,2021-04-01,592.05,1,341.45703022460026,494.54528293768414
Groundnut,Lagos,2021-05-01,613.65,1,345.73676756788086,506.24285700423025
Groundnut,Lagos,2021-06-01,659.73,1,350.0165049111614,537.6027066796934
Groundnut,Lagos,2021-07-01,702.33,1,354.296242254442,565.4033934676934
Groundnut,Lagos,2021-08-01,715.75,1,359.8608154286513,567.2970617087997
Groundnut,Lagos,2021-09-01,568.3,1,365.4253886028605,443.5705208395259
Groundnut,Lagos,2021-10-01,627.81,1,370.98996177706977,482.6694455792072
Groundnut,Lagos,2021-11-01,660.33,1,376.554534951279,500.1691293651232
Groundnut,Lagos,2021-12-01,686.1,1,382.11910812548825,512.1207833030461
Groundnut,Lagos,2022-01-01,786.1,1,387.6836812996975,578.3410414916896
Groundnut,Lagos,2022-02-01,786.1,1,393.24825447390674,570.1573534309904
Groundnut,Lagos,2022-03-01,794.72,1,398.812827648116,568.3668778763149
Groundnut,Lagos,2022-04-01,796.79,1,404.3774008223252,562.0057198029417
Groundnut,Lagos,2022-05-01,839.88,1,409.9419739965345,584.3574546343984
Groundnut,Lagos,2022-06-01,898.42,1,415.5065471707437,616.7160869949466
Groundnut,Lagos,2022-07-01,901.1,1,421.071120344953,610.3813719215563
Groundnut,Lagos,2022-08-01,898.43,1,429.7239740376429,596.3186594150305
Groundnut,Lagos,2022-09-01,813.97,1,438.3768277303327,529.5958170630144
Groundnut,Lagos,2022-10-01,689.03,1,447.02968142302245,439.628165586393
Groundnut,Lagos,2022-11-01,750.03,1,455.6825351157123,469.46150668060477
Groundnut,Lagos,2022-12-01,758.76,1,464.3353888084022,466.07561449444586
Groundnut,Lagos,2023-01-01,760.16,1,472.988242501092,458.39345177487735
Groundnut,Oyo,2016-03-01,313.7,1,175.56664976463767,509.63146529652875
Groundnut,Oyo,2016-04-01,316.25,1,177.64562518598774,507.76148403281604
Groundnut,Oyo,2016-05-01,318.5,1,179.72460060733783,505.45866580244666
Groundnut,Oyo,2016-06-01,307.44,1,181.8035760286879,482.3271259415099
Groundnut,Oyo,2016-07-01,290.35,1,183.882551450038,450.36542966667645
Groundnut,Oyo,2016-08-01,264.63,1,186.41128379681425,404.90264760247646
Groundnut,Oyo,2016-09-01,260.87,1,188.9400161435905,393.8074494865533
Groundnut,Oyo,2016-10-01,303.51,1,191.46874849036675,452.12533473751444
Groundnut,Oyo,2016-11-01,291.21,1,193.997480837143,428.14801129456754
Groundnut,Oyo,2016-12-01,313.63,1,196.52621318391925,455.1775661606429
Groundnut,Oyo,2017-01-01,360.91,1,199.05494553069548,517.1418450907673
Groundnut,Oyo,2017-04-01,471.0,1,206.64114257102423,650.1115020241242
Groundnut,Oyo,2017-05-01,492.0,1,209.16987491780048,670.887504767109
Groundnut,Oyo,2017-07-01,492.0,1,214.227339611353,655.0492374625684
Groundnut,Oyo,2017-08-01,363.0,1,216.3865916876249,478.4758425275618
Groundnut,Oyo,2018-01-01,291.61,1,227.1828520689845,366.10916645900085
Groundnut,Oyo,2019-01-01,275.7,1,253.8219556348995,309.8070649695039
Groundnut,Oyo,2019-02-01,285.51,1,256.1025541529468,317.9736641222354
Groundnut,Oyo,2019-03-01,306.45,1,258.383152670994,338.2822183355273
Groundnut,Oyo,2019-04-01,322.58,1,260.66375118904125,352.97222607499384
Groundnut,Oyo,2019-05-01,322.58,1,262.9443497070885,349.9107876504938
Groundnut,Oyo,2019-06-01,322.58,1,265.22494822513573,346.90199820928683
Groundnut,Oyo,2019-08-01,322.58,1,270.458367359174,340.18938076360945
Groundnut,Oyo,2019-09-01,279.57,1,273.41118797516503,291.6473413220762
Groundnut,Oyo,2019-10-01,265.23,1,276.364008591156,273.73157677157485
Groundnut,Oyo,2020-01-01,315.18,1,285.222470439129,315.18
Groundnut,Oyo,2020-02-01,326.8,1,288.17529105512,323.4514069482755
Groundnut,Oyo,2020-03-01,418.57,1,291.128111671111,410.079153010743
Groundnut,Oyo,2020-04-01,407.92,1,294.08093228710203,395.6324173644235
Groundnut,Oyo,2020-05-01,422.01,1,297.03375290309305,405.2291484506353
Groundnut,Oyo,2020-06-01,494.67,1,299.986573519084,470.32438084482555
Groundnut,Oyo,2020-07-01,497.12,1,302.939394135075,468.0467355839445
Groundnut,Oyo,2020-08-01,509.89,1,307.2191314783556,473.3822556960569
Groundnut,Oyo,2020-09-01,437.65,1,311.49886882163617,400.7321588675204
Groundnut,Oyo,2020-10-01,364.67,1,315.7786061649168,329.3829165890877
Groundnut,Oyo,2020-11-01,394.2,1,320.05834350819737,351.2943815639818
Groundnut,Oyo,2020-12-01,420.38,1,324.3380808514779,369.68160448019336
Groundnut,Oyo,2021-01-01,452.08,1,328.6178181947585,392.3809583560131
Groundnut,Oyo,2021-02-01,509.06,1,332.8975555380391,436.1562540375939
Groundnut,Oyo,2021-03-01,553.91,1,337.17729288131966,468.559366055966
Groundnut,Oyo,2021-04-01,568.68,1,341.45703022460026,475.0240883388265
Groundnut,Oyo,2021-05-01,590.84,1,345.73676756788086,487.4252906907511
Groundnut,Oyo,2021-06-01,611.03,1,350.0165049111614,497.9179086330666
Groundnut,Oyo,2021-07-01,623.12,1,354.296242254442,501.63621451111163
Groundnut,Oyo,2021-08-01,668.82,1,359.8608154286513,530.1007625736353
Groundnut,Oyo,2021-09-01,626.95,1,365.4253886028605,489.3481225415112
Groundnut,Oyo,2021-10-01,548.17,1,370.98996177706977,421.44105698086054
Groundnut,Oyo,2021-11-01,542.04,1,376.554534951279,410.56997998132954
Groundnut,Oyo,2021-12-01,627.54,1,382.11910812548825,468.4102555808097
Groundnut,Oyo,2022-01-01,763.45,1,387.6836812996975,561.677226977268
Groundnut,Oyo,2022-02-01,763.45,1,393.24825447390674,553.7293365689984
Groundnut,Oyo,2022-03-01,784.56,1,398.812827648116,561.1006614991967
Groundnut,Oyo,2022-04-01,799.81,1,404.3774008223252,564.1358384964556
Groundnut,Oyo,2022-05-01,799.81,1,409.9419739965345,556.4782299746847
Groundnut,Oyo,2022-06-01,809.5,1,415.5065471707437,555.6773807600113
Groundnut,Oyo,2022-07-01,872.52,1,421.071120344953,591.022033768723
Groundnut,Oyo,2022-08-01,891.8,1,429.7239740376429,591.9181020962394
Groundnut,Oyo,2022-09-01,745.46,1,438.3768277303327,485.02094400014084
Groundnut,Oyo,2022-10-01,735.18,1,447.02968142302245,469.07367571194925
Groundnut,Oyo,2022-11-01,753.8,1,455.6825351157123,471.82123879823456
Groundnut,Oyo,2022-12-01,861.07,1,464.3353888084022,528.9205142241717
Groundnut,Oyo,2023-01-01,868.75,1,472.988242501092,523.8756462184601
Groundnut,Yobe,2016-12-01,265.45454545454544,9,196.52621318391925,385.25955401677055
Groundnut,Yobe,2017-02-01,316.8181818181818,7,201.58367787747176,448.26875593142285
Groundnut,Yobe,2017-03-01,333.18181818181813,9,204.112410224248,465.581397930744
Groundnut,Yobe,2017-04-01,312.7272727272727,9,206.64114257102423,431.650949037442
Groundnut,Yobe,2017-05-01,312.7272727272727,9,209.16987491780048,426.4325603102096
Groundnut,Yobe,2017-06-01,291.8181818181818,9,211.69860726457676,393.16792780414295
Groundnut,Yobe,2017-07-01,625.0,9,214.227339611353,832.1255557197262
Groundnut,Yobe,2017-08-01,625.0,9,216.3865916876249,823.8220429193556
Groundnut,Yobe,2017-09-01,583.1818181818181,11,218.5458437638968,761.106027148705
Groundnut,Yobe,2017-10-01,583.1818181818181,11,220.70509584016872,753.6598022977211
Groundnut,Yobe,2017-11-01,499.99999999999994,11,222.86434791644064,639.9015210500795
Groundnut,Yobe,2017-12-01,499.99999999999994,11,225.02359999271255,633.7612375954477
Groundnut,Yobe,2018-01-01,499.99999999999994,12,227.1828520689845,627.737674392169
Groundnut,Yobe,2018-02-01,499.99999999999994,11,229.3421041452564,621.8275346825982
Groundnut,Yobe,2018-03-01,520.9090909090909,11,231.5013562215283,641.7888007581145
Groundnut,Yobe,2018-04-01,499.99999999999994,11,233.66060829780025,610.3349480191653
Groundnut,Yobe,2018-05-01,499.99999999999994,11,235.81986037407216,604.7465001181225
Groundnut,Yobe,2018-06-01,291.8181818181818,11,237.97911245034408,349.74961407423467
Groundnut,Yobe,2018-07-01,291.8181818181818,11,240.138364526616,346.60477055098585
Groundnut,Yobe,2018-08-01,291.8181818181818,11,242.41896304466323,343.3440259452883
Groundnut,Yobe,2018-09-01,291.8181818181818,10,244.6995615627105,340.1440615818436
Groundnut,Yobe,2018-10-01,249.99999999999997,10,246.9801600807577,288.70990117775733
Groundnut,Yobe,2018-11-01,249.99999999999997,10,249.26075859880495,286.06836475432317
Groundnut,Yobe,2018-12-01,249.99999999999997,10,251.54135711685225,283.4747272857305
Groundnut,Yobe,2019-01-01,249.99999999999997,12,253.8219556348995,280.9276976509829
Groundnut,Yobe,2019-02-01,249.99999999999997,11,256.1025541529468,278.42603071892
Groundnut,Yobe,2019-03-01,249.99999999999997,12,258.383152670994,275.96852531858974
Groundnut,Yobe,2019-04-01,249.99999999999997,11,260.66375118904125,273.55402231616483
Groundnut,Yobe,2019-05-01,254.09090909090907,12,262.9443497070885,275.61891665580634
Groundnut,Yobe,2019-06-01,249.99999999999997,11,265.22494822513573,268.8495863113699
Groundnut,Yobe,2019-07-01,249.99999999999997,11,267.505546743183,266.55752928457497
Groundnut,Yobe,2019-08-01,249.99999999999997,12,270.458367359174,263.6472973863921
Groundnut,Yobe,2019-09-01,249.99999999999997,11,273.41118797516503,260.799926066885
Groundnut,Yobe,2019-10-01,249.99999999999997,12,276.364008591156,258.0134004181039
Groundnut,Yobe,2019-11-01,249.99999999999997,11,279.316829207147,255.28579073515314
Groundnut,Yobe,2019-12-01,249.99999999999997,11,282.269649823138,252.61524805964888
Groundnut,Yobe,2020-01-01,249.99999999999997,12,285.222470439129,249.99999999999997
Groundnut,Yobe,2020-02-01,249.99999999999997,12,288.17529105512,247.43834680865626
Groundnut,Yobe,2020-03-01,260.87,1,291.128111671111,255.57815573479357
Groundnut,Yobe,2020-04-01,286.96,1,294.08093228710203,278.31603865192915
Groundnut,Yobe,2020-05-01,291.8181818181818,12,297.03375290309305,280.2142918902265
Groundnut,Yobe,2020-06-01,291.8181818181818,12,299.986573519084,277.45609332059576
Groundnut,Yobe,2020-07-01,270.9090909090909,8,302.939394135075,255.0654080302825
Groundnut,Yobe,2020-08-01,333.18181818181813,12,307.2191314783556,309.3262481080676
Groundnut,Yobe,2020-09-01,333.18181818181813,12,311.49886882163617,305.07636078008824
Groundnut,Yobe,2020-10-01,249.99999999999997,12,315.7786061649168,225.80889337557767
Groundnut,Yobe,2020-11-01,333.18181818181813,12,320.05834350819737,296.9175564854004
Groundnut,Yobe,2020-12-01,354.09090909090907,12,324.3380808514779,311.38706742608485
Groundnut,Yobe,2021-01-01,374.99999999999994,12,328.6178181947585,325.4796924958081
Groundnut,Yobe,2021-02-01,374.99999999999994,12,332.8975555380391,321.29531934172337
Groundnut,Yobe,2021-03-01,448.18181818181813,12,337.17729288131966,379.122580572806
Groundnut,Yobe,2021-04-01,352.795,2,341.45703022460026,294.69318992314885
Groundnut,Yobe,2021-05-01,452.7272727272727,12,345.73676756788086,373.4864303580019
Groundnut,Yobe,2021-06-01,499.99999999999994,12,350.0165049111614,407.44145838425817
Groundnut,Yobe,2021-07-01,499.99999999999994,12,354.296242254442,402.5197510199573
Groundnut,Yobe,2021-08-01,499.99999999999994,12,359.8608154286513,396.2955373446033
Groundnut,Yobe,2021-09-01,499.99999999999994,12,365.4253886028605,390.2608840748952
Groundnut,Yobe,2021-10-01,499.99999999999994,12,370.98996177706977,384.40726141603926
Groundnut,Yobe,2021-11-01,499.99999999999994,12,376.554534951279,378.7266437729038
Groundnut,Yobe,2021-12-01,499.99999999999994,12,382.11910812548825,373.2114730382204
Groundnut,Yobe,2022-01-01,499.99999999999994,12,387.6836812996975,367.85462504241787
Groundnut,Yobe,2022-02-01,583.1818181818181,12,393.24825447390674,422.98104824274066
Groundnut,Yobe,2022-03-01,583.1818181818181,12,398.812827648116,417.07925965652396
Groundnut,Yobe,2022-04-01,615.0,12,404.3774008223252,433.7824491758295
Groundnut,Yobe,2022-05-01,625.0,12,409.9419739965345,434.8518944926644
Groundnut,Yobe,2022-06-01,502.91999999999996,2,415.5065471707437,345.22701461621347
Groundnut,Yobe,2022-07-01,529.45,2,421.071120344953,358.63546483616466
Groundnut,Yobe,2022-08-01,480.60499999999996,2,429.7239740376429,318.99394422287855
Groundnut,Yobe,2022-09-01,472.05499999999995,2,438.3768277303327,307.13460376141774
Groundnut,Yobe,2022-10-01,473.765,2,447.02968142302245,302.28065232143376
Groundnut,Yobe,2022-11-01,464.21,2,455.6825351157123,290.5600122877799
Groundnut,Yobe,2022-12-01,499.775,2,464.3353888084022,306.9915918524457
Groundnut,Yobe,2023-01-01,487.46500000000003,2,472.988242501092,293.9522784274897
Groundnut,Yobe,2023-02-01,550.0,10,481.6410961937818,325.7038487396961
Groundnut,Yobe,2023-03-01,562.0454545454545,10,490.2939498864717,326.96302510291486
Groundnut,Yobe,2023-04-01,623.1818181818181,10,498.9468035791615,356.2412995524195
Groundnut,Yobe,2023-05-01,631.1363636363635,10,507.5996572718513,354.638286770795
Groundnut,Yobe,2023-06-01,665.4545454545455,10,516.2525109645411,367.65455932577487
Groundnut,Yobe,2023-07-01,909.090909090909,4,524.905364657231,493.9807675884281
Groundnut,Yobe,2023-08-01,932.6590909090908,5,539.4459689640813,493.12692149214206
Groundnut,Yobe,2023-09-01,903.4090909090908,8,553.9865732709317,465.1242198973686
Groundnut,Yobe,2023-10-01,853.306818181818,10,568.5271775777819,428.09260194262737
Groundnut,Yobe,2023-12-01,999.9999999999999,3,597.6083861914826,477.2732060485835
Groundnut,Yobe,2024-01-01,1039.7727272727273,10,612.148990498333,484.4679164242869
Groundnut,Yobe,2024-02-01,1100.4249999999997,10,626.6895948051833,500.83157536794397
Groundnut,Yobe,2024-03-01,1170.4545454545453,9,641.2301991120337,520.6241650089935
Groundnut,Yobe,2024-04-01,1240.8386363636362,10,655.770803418884,539.6932273208989
Groundnut,Yobe,2024-05-01,1370.2340909090908,10,670.3114077257343,583.044757980479
Groundnut,Yobe,2024-06-01,1539.2045454545455,10,684.8520120325846,641.0373558846959
Groundnut,Yobe,2024-07-01,1775.6590909090908,5,699.392616339435,724.1395758759205
Groundnut,Yobe,2024-08-01,1844.5727272727272,5,712.8035417854693,738.0905948636715
Groundnut,Yobe,2024-09-01,1681.8181818181818,11,726.2144672315035,660.5381168958579
Groundnut,Yobe,2024-10-01,1628.2999999999997,8,739.6253926775378,627.9229366838613
Groundnut,Yobe,2024-11-01,1545.4545454545453,7,753.036318123572,585.3613601324237
Groundnut,Yobe,2024-12-01,1725.2045454545453,9,766.4472435696063,642.0104013625721
Groundnut,Yobe,2025-01-01,1884.613636363636,10,779.8581690156404,689.2716888064374
Groundnut,Yobe,2025-02-01,1909.090909090909,9,793.2690944616747,686.4198154011141
Groundnut,Yobe,2025-03-01,1746.3340909090907,6,806.680019907709,617.461336997224
Groundnut,Yobe,2025-04-01,1641.4136363636362,5,820.0909453537432,570.8733342668085
Groundnut,Yobe,2025-05-01,1873.7386363636363,10,833.5018707997775,641.1891581095942
Groundnut,Yobe,2025-06-01,1944.6636363636362,11,846.9127962458117,654.9219341064116
Groundnut,Yobe,2025-07-01,1947.8113636363635,8,860.323721691846,645.7564229349061
Groundnut,Yobe,2025-08-01,1759.4681818181816,9,860.323721691846,583.3151508252556
Groundnut,Yobe,2025-09-01,1756.9181818181817,11,860.323721691846,582.4697512607875
Groundnut,Yobe,2025-10-01,1463.3431818181816,12,860.323721691846,485.1410543436525
Groundnut,Yobe,2025-11-01,1363.6363636363635,12,860.323721691846,452.08532859251545
Groundnut,Yobe,2025-12-01,1275.6590909090908,12,860.323721691846,422.91829014282166
Groundnut,Yobe,2026-01-01,1254.6431818181818,12,860.323721691846,415.9509017536634
Groundnut,Yobe,2026-02-01,1393.4272727272728,12,860.323721691846,461.96188607116665
Groundnut,Yobe,2026-03-01,1454.5454545454545,11,860.323721691846,482.22435049868324
Groundnut,Yobe,2026-04-01,1384.4704545454545,6,860.323721691846,458.9924389378615
Groundnut,Yobe,2026-05-01,1456.0113636363635,6,860.323721691846,482.7103422269201
Groundnut,Yobe,2026-06-01,1613.6363636363635,4,860.323721691846,534.9676388344767
Groundnut,Zamfara,2018-01-01,209.12,1,227.1828520689845,262.5450049377808
Groundnut,Zamfara,2018-12-01,187.88,1,251.54135711685225,213.03692704977223
Groundnut,Zamfara,2019-02-01,197.08,1,256.1025541529468,219.48880853633904
Groundnut,Zamfara,2019-03-01,228.33,1,258.383152670994,252.0475735439744
Groundnut,Zamfara,2019-04-01,228.33,1,260.66375118904125,249.84235966179975
Groundnut,Zamfara,2019-08-01,194.17,1,270.458367359174,204.76958293406304
Groundnut,Zamfara,2019-09-01,221.67,1,273.41118797516503,231.24607844498559
Groundnut,Zamfara,2019-10-01,204.9,1,276.364008591156,211.467782982678
Groundnut,Zamfara,2020-01-01,195.38,1,285.222470439129,195.38
Groundnut,Zamfara,2020-02-01,205.83,1,288.17529105512,203.7209396945029
Groundnut,Zamfara,2020-03-01,238.33,1,291.128111671111,233.49538795673456
Groundnut,Zamfara,2020-04-01,239.42,1,294.08093228710203,232.20806375120182
Groundnut,Zamfara,2020-05-01,248.95,1,297.03375290309305,239.0507251173803
Groundnut,Zamfara,2020-06-01,284.31,1,299.986573519084,270.3174332746929
Groundnut,Zamfara,2020-07-01,303.82,1,302.939394135075,286.0515754850217
Groundnut,Zamfara,2020-08-01,322.37,1,307.2191314783556,299.2885480569101
Groundnut,Zamfara,2020-09-01,332.27,1,311.49886882163617,304.24145876136413
Groundnut,Zamfara,2020-10-01,273.4,1,315.7786061649168,246.94460579553177
Groundnut,Zamfara,2020-11-01,277.41,1,320.05834350819737,247.21606897428765
Groundnut,Zamfara,2020-12-01,306.67,1,324.3380808514779,269.68518399053454
Groundnut,Zamfara,2021-01-01,347.9,1,328.6178181947585,301.95836005144434
Groundnut,Zamfara,2021-02-01,369.16,1,332.8975555380391,316.29168023517497
Groundnut,Zamfara,2021-03-01,433.83,1,337.17729288131966,366.98219886996037
Groundnut,Zamfara,2021-04-01,442.53,1,341.45703022460026,369.6497323847874
Groundnut,Zamfara,2021-05-01,462.17,1,345.73676756788086,381.27639733014763
Groundnut,Zamfara,2021-06-01,517.69,1,350.0165049111614,421.8567371818934
Groundnut,Zamfara,2021-07-01,545.1,1,354.296242254442,438.82703256195754
Groundnut,Zamfara,2021-08-01,534.11,1,359.8608154286513,423.3308189022522
Groundnut,Zamfara,2021-09-01,495.45,1,365.4253886028605,386.7095100298137
Groundnut,Zamfara,2021-10-01,520.41,1,370.98996177706977,400.09876582704203
Groundnut,Zamfara,2021-11-01,450.36,1,376.554534951279,341.1266625791299
Groundnut,Zamfara,2021-12-01,460.89,1,382.11910812548825,344.0188716171708
Groundnut,Zamfara,2022-01-01,554.65,1,387.6836812996975,408.0611355595542
Groundnut,Zamfara,2022-02-01,554.65,1,393.24825447390674,402.28695596043605
Groundnut,Zamfara,2022-03-01,542.94,1,398.812827648116,388.2991653339119
Groundnut,Zamfara,2022-04-01,568.45,1,404.3774008223252,400.94899712845574
Groundnut,Zamfara,2022-05-01,585.04,1,409.9419739965345,407.0492037663814
Groundnut,Zamfara,2022-06-01,604.11,1,415.5065471707437,414.6884033241882
Groundnut,Zamfara,2022-07-01,647.85,1,421.071120344953,438.83650183040754
Groundnut,Zamfara,2022-08-01,581.68,1,429.7239740376429,386.0808719750398
Groundnut,Zamfara,2022-09-01,540.6,1,438.3768277303327,351.7322489824754
Groundnut,Zamfara,2022-10-01,497.92,1,447.02968142302245,317.69248974467996
Groundnut,Zamfara,2022-11-01,499.51,1,455.6825351157123,312.65511673136933
Groundnut,Zamfara,2022-12-01,487.32,1,464.3353888084022,299.34098852790527
Groundnut,Zamfara,2023-01-01,467.66,1,472.988242501092,282.0094212495253
Maize,Abia,2021-03-01,300.54999999999995,1,337.17729288131966,254.23898732306796
Maize,Abia,2021-04-01,334.67,1,341.45703022460026,279.55319625159154
Maize,Abia,2021-08-01,312.01,1,359.8608154286513,247.29634121377939
Maize,Abia,2021-09-01,277.56,1,365.4253886028605,216.64162196765588
Maize,Abia,2021-10-01,333.88,1,370.98996177706977,256.6917928831744
Maize,Abia,2021-11-01,308.25,1,376.554534951279,233.4849758859952
Maize,Abia,2021-12-01,318.62,1,382.11910812548825,237.8252790788756
Maize,Abia,2022-01-01,314.81,1,387.6836812996975,231.6086290192072
Maize,Abia,2022-02-01,314.81,1,393.24825447390674,228.33130191274657
Maize,Abia,2022-03-01,302.34,1,398.812827648116,216.22715152144784
Maize,Abia,2022-04-01,301.68,1,404.3774008223252,212.78616141034837
Maize,Abia,2022-05-01,309.615,1,409.9419739965345,215.4186709013541
Maize,Abia,2022-06-01,310.58500000000004,1,415.5065471707437,213.1995791270514
Maize,Abia,2022-07-01,312.355,1,421.071120344953,211.5810380940603
Maize,Abia,2022-08-01,311.1,1,429.7239740376429,206.48768957405255
Maize,Abia,2022-09-01,320.07500000000005,1,438.3768277303327,208.2513865946464
Maize,Abia,2022-10-01,329.525,1,447.02968142302245,210.24987484558898
Maize,Abia,2022-11-01,327.76,1,455.6825351157123,205.15273179690817
Maize,Abia,2022-12-01,324.49,1,464.3353888084022,199.3210977743987
Maize,Abia,2023-01-01,323.54999999999995,1,472.988242501092,195.10787376573558
Maize,Adamawa,2017-03-01,117.0,1,204.112410224248,163.49338584907713
Maize,Adamawa,2018-03-01,88.23,1,231.5013562215283,108.70423818495165
Maize,Adamawa,2018-04-01,95.66,1,233.66060829780025,116.76928225502672
Maize,Adamawa,2018-05-01,97.25,1,235.81986037407216,117.62319427297486
Maize,Adamawa,2018-07-01,96.56,1,240.138364526616,114.68838725496421
Maize,Adamawa,2018-08-01,92.17,1,242.41896304466323,108.44430142839545
Maize,Adamawa,2018-09-01,90.76,1,244.6995615627105,105.790101346059
Maize,Adamawa,2018-10-01,83.91,1,246.9801600807577,96.90259123130247
Maize,Adamawa,2019-02-01,66.12,1,256.1025541529468,73.63811660453996
Maize,Adamawa,2019-03-01,70.095,1,258.383152670994,77.3760551288262
Maize,Adamawa,2019-04-01,69.815,1,260.66375118904125,76.3926962720122
Maize,Adamawa,2019-09-01,66.595,1,273.41118797516503,69.47188430569683
Maize,Adamawa,2019-10-01,78.535,1,276.364008591156,81.05232960734317
Maize,Adamawa,2020-01-01,64.93,1,285.222470439129,64.93
Maize,Adamawa,2020-03-01,95.34,1,291.128111671111,93.40599289974017
Maize,Adamawa,2020-04-01,98.31,1,294.08093228710203,95.34865402798702
Maize,Adamawa,2020-05-01,100.50999999999999,1,297.03375290309305,96.51330942577985
Maize,Adamawa,2020-06-01,119.53,1,299.986573519084,113.64722591299655
Maize,Adamawa,2020-07-01,153.625,1,302.939394135075,144.64048872321266
Maize,Adamawa,2020-08-01,162.70499999999998,1,307.2191314783556,151.0554431603423
Maize,Adamawa,2020-09-01,186.72500000000002,1,311.49886882163617,170.97386579352852
Maize,Adamawa,2020-10-01,178.435,1,315.7786061649168,161.1688395578848
Maize,Adamawa,2020-11-01,146.68,1,320.05834350819737,130.71501747286874
Maize,Adamawa,2020-12-01,129.115,1,324.3380808514779,113.54355669265944
Maize,Adamawa,2021-01-01,157.17000000000002,1,328.6178181947585,136.41504871884308
Maize,Adamawa,2021-02-01,178.89499999999998,1,332.8975555380391,153.27500307636691
Maize,Adamawa,2021-03-01,192.215,1,337.17729288131966,162.59706188089677
Maize,Adamawa,2021-04-01,174.54000000000002,1,341.45703022460026,145.79500664461347
Maize,Adamawa,2021-05-01,184.62,1,345.73676756788086,152.30596636538905
Maize,Adamawa,2021-06-01,227.13,1,350.0165049111614,185.08435688563316
Maize,Adamawa,2021-07-01,240.38,1,354.296242254442,193.51539550035469
Maize,Adamawa,2021-08-01,208.9,1,359.8608154286513,165.5722755025753
Maize,Adamawa,2021-09-01,188.45499999999998,1,365.4253886028605,147.09322981666878
Maize,Adamawa,2021-10-01,162.03,1,370.98996177706977,124.5710171344817
Maize,Adamawa,2021-11-01,157.48000000000002,1,376.554534951279,119.28374372271381
Maize,Adamawa,2021-12-01,163.72,1,382.11910812548825,122.2043647316349
Maize,Adamawa,2022-01-01,163.73000000000002,1,387.6836812996975,120.4576755163902
Maize,Adamawa,2022-02-01,163.73000000000002,1,393.24825447390674,118.7531655988501
Maize,Adamawa,2022-03-01,169.765,1,398.812827648116,121.4123251241602
Maize,Adamawa,2022-04-01,180.20499999999998,1,404.3774008223252,127.10531098167536
Maize,Adamawa,2022-05-01,171.79000000000002,1,409.9419739965345,119.52513112783173
Maize,Adamawa,2022-06-01,172.055,1,415.5065471707437,118.10632704961549
Maize,Adamawa,2022-07-01,180.41,1,421.071120344953,122.20497537273107
Maize,Adamawa,2022-08-01,175.42000000000002,1,429.7239740376429,116.43224206068885
Maize,Adamawa,2022-09-01,174.67,1,438.3768277303327,113.64608200105249
Maize,Adamawa,2022-10-01,174.7,1,447.02968142302245,111.46545219793458
Maize,Adamawa,2022-11-01,194.58499999999998,1,455.6825351157123,121.79535122254507
Maize,Adamawa,2022-12-01,191.81,1,464.3353888084022,117.82113397672475
Maize,Adamawa,2023-01-01,188.16,1,472.988242501092,113.46468096974442
Maize,Borno,2018-01-01,101.34,2,227.1828520689845,127.22987184580482
Maize,Borno,2018-10-01,114.4,1,246.9801600807577,132.11365077894177
Maize,Borno,2018-11-01,102.0,1,249.26075859880495,116.71589281976388
Maize,Borno,2018-12-01,103.0,1,251.54135711685225,116.79158764172098
Maize,Borno,2019-01-01,74.22999999999999,1,253.8219556348995,83.41305198652984
Maize,Borno,2019-02-01,84.235,2,256.1025541529468,93.8128667904329
Maize,Borno,2019-03-01,94.705,2,258.383152670994,104.54239676118817
Maize,Borno,2019-04-01,96.285,2,260.66375118904125,105.35659615484774
Maize,Borno,2019-05-01,70.38,1,262.9443497070885,76.34298851398646
Maize,Borno,2019-08-01,100.0,2,270.458367359174,105.45891895455686
Maize,Borno,2019-09-01,110.0,2,273.41118797516503,114.75196746942942
Maize,Borno,2019-10-01,100.0,2,276.364008591156,103.20536016724157
Maize,Borno,2020-01-01,100.0,2,285.222470439129,100.0
Maize,Borno,2020-02-01,100.0,2,288.17529105512,98.97533872346251
Maize,Borno,2020-03-01,112.0,2,291.128111671111,109.72803864874028
Maize,Borno,2020-04-01,152.0,2,294.08093228710203,147.42137536622957
Maize,Borno,2020-05-01,178.06,2,297.03375290309305,170.9796027893181
Maize,Borno,2020-06-01,176.52,2,299.986573519084,167.83241293534803
Maize,Borno,2020-07-01,215.61,2,302.939394135075,203.00039559714813
Maize,Borno,2020-08-01,219.05,2,307.2191314783556,203.3661831183614
Maize,Borno,2020-09-01,211.33,2,311.49886882163617,193.50331802461577
Maize,Borno,2020-10-01,176.77,2,315.7786061649168,159.6649523280035
Maize,Borno,2020-11-01,174.43,2,320.05834350819737,155.44464478996792
Maize,Borno,2020-12-01,168.39,2,324.3380808514779,148.0819386707735
Maize,Borno,2021-01-01,187.1,2,328.6178181947585,162.39266790924185
Maize,Borno,2021-02-01,215.0,2,332.8975555380391,184.20931642258805
Maize,Borno,2021-03-01,220.0,2,337.17729288131966,186.10073934811166
Maize,Borno,2021-04-01,224.03,2,341.45703022460026,187.13449833042714
Maize,Borno,2021-05-01,227.21,2,345.73676756788086,187.441439810855
Maize,Borno,2021-06-01,247.1,2,350.0165049111614,201.35756873350041
Maize,Borno,2021-07-01,261.08,2,354.296242254442,210.17971319258092
Maize,Borno,2021-08-01,285.58,2,359.8608154286513,226.34815910974365
Maize,Borno,2021-09-01,276.14,2,365.4253886028605,215.53328105688314
Maize,Borno,2021-10-01,242.51,2,370.98996177706977,186.44520993200737
Maize,Borno,2021-11-01,216.25,2,376.554534951279,163.7992734317809
Maize,Borno,2021-12-01,251.5,2,382.11910812548825,187.72537093822487
Maize,Borno,2022-01-01,274.26,2,387.6836812996975,201.77561892826708
Maize,Borno,2022-02-01,274.26,2,393.24825447390674,198.92043728785578
Maize,Borno,2022-03-01,276.98,2,398.812827648116,198.09021772974347
Maize,Borno,2022-04-01,290.44,2,404.3774008223252,204.8581699815088
Maize,Borno,2022-05-01,274.94,2,409.9419739965345,191.29308779490106
Maize,Borno,2022-06-01,274.26,2,415.5065471707437,188.26445762475686
Maize,Borno,2022-07-01,269.5,2,421.071120344953,182.55219146915928
Maize,Borno,2022-08-01,259.31,2,429.7239740376429,172.11289869317767
Maize,Borno,2022-09-01,259.48,2,438.3768277303327,168.8262744468604
Maize,Borno,2022-10-01,219.83,2,447.02968142302245,140.26016231638215
Maize,Borno,2022-11-01,232.69,2,455.6825351157123,145.64617147248768
Maize,Borno,2022-12-01,250.0,2,464.3353888084022,153.56490013128195
Maize,Borno,2023-01-01,250.0,2,472.988242501092,150.75558164560005
Maize,Gombe,2018-01-01,112.0,1,227.1828520689845,140.61323906384587
Maize,Gombe,2019-01-01,88.0,1,253.8219556348995,98.88654957314598
Maize,Gombe,2019-02-01,86.0,1,256.1025541529468,95.77855456730849
Maize,Gombe,2019-03-01,94.0,1,258.383152670994,103.76416551978976
Maize,Gombe,2019-04-01,96.0,1,260.66375118904125,105.04474456940731
Maize,Gombe,2019-05-01,89.6,1,262.9443497070885,97.19141476063066
Maize,Gombe,2019-06-01,80.0,1,265.22494822513573,86.03186761963838
Maize,Gombe,2019-08-01,80.0,1,270.458367359174,84.36713516364549
Maize,Gombe,2019-09-01,88.0,1,273.41118797516503,91.80157397554353
Maize,Gombe,2019-10-01,99.2,1,276.364008591156,102.37971728590365
Maize,Gombe,2020-01-01,88.0,1,285.222470439129,88.0
Maize,Gombe,2020-02-01,88.0,1,288.17529105512,87.09829807664701
Maize,Gombe,2020-03-01,112.0,1,291.128111671111,109.72803864874028
Maize,Gombe,2020-04-01,114.93,1,294.08093228710203,111.46801757132081
Maize,Gombe,2020-05-01,120.0,1,297.03375290309305,115.22830694551371
Maize,Gombe,2020-06-01,146.475,1,299.986573519084,139.26610403753173
Maize,Gombe,2020-07-01,190.71,1,302.939394135075,179.5566320872507
Maize,Gombe,2020-08-01,201.29,1,307.2191314783556,186.87778589315207
Maize,Gombe,2020-09-01,240.0,1,311.49886882163617,219.75486833818096
Maize,Gombe,2020-10-01,231.505,1,315.7786061649168,209.10355144365246
Maize,Gombe,2020-11-01,195.73,1,320.05834350819737,174.42630467660618
Maize,Gombe,2020-12-01,160.0,1,324.3380808514779,140.70378399740935
Maize,Gombe,2021-01-01,176.26,1,328.6178181947585,152.98413493149636
Maize,Gombe,2021-02-01,200.0,1,332.8975555380391,171.35750364891913
Maize,Gombe,2021-03-01,203.33,1,337.17729288131966,171.9993787802343
Maize,Gombe,2021-04-01,209.33,1,341.45703022460026,174.85544139404686
Maize,Gombe,2021-05-01,208.52,1,345.73676756788086,172.02275000818398
Maize,Gombe,2021-06-01,228.53,1,350.0165049111614,186.22519296910906
Maize,Gombe,2021-07-01,260.65,1,354.296242254442,209.83354620670377
Maize,Gombe,2021-08-01,259.61,1,359.8608154286513,205.76456890006497
Maize,Gombe,2021-09-01,256.0,1,365.4253886028605,199.8135726463464
Maize,Gombe,2021-10-01,248.45999999999998,1,370.98996177706977,191.01965634285827
Maize,Gombe,2021-11-01,230.0,1,376.554534951279,174.21425613553578
Maize,Gombe,2021-12-01,203.2,1,382.11910812548825,151.67314264273278
Maize,Gombe,2022-01-01,240.0,1,387.6836812996975,176.5702200203606
Maize,Gombe,2022-02-01,240.0,1,393.24825447390674,174.07170184892215
Maize,Gombe,2022-03-01,236.39,1,398.812827648116,169.0611111601345
Maize,Gombe,2022-04-01,238.4,1,404.3774008223252,168.15241607076058
Maize,Gombe,2022-05-01,234.055,1,409.9419739965345,162.84681626476893
Maize,Gombe,2022-06-01,234.93,1,415.5065471707437,161.26656832853544
Maize,Gombe,2022-07-01,240.0,1,421.071120344953,162.56966958292475
Maize,Gombe,2022-08-01,228.67,1,429.7239740376429,151.7760847794876
Maize,Gombe,2022-09-01,229.07,1,438.3768277303327,149.04052215023242
Maize,Gombe,2022-10-01,235.61,1,447.02968142302245,150.32842124988764
Maize,Gombe,2022-11-01,249.87,1,455.6825351157123,156.39953958412693
Maize,Gombe,2022-12-01,262.97,1,464.3353888084022,161.53184715009286
Maize,Gombe,2023-01-01,248.0,1,472.988242501092,149.54953699243524
Maize,Jigawa,2018-01-01,87.495,1,227.1828520689845,109.84781564188567
Maize,Jigawa,2019-01-01,83.465,1,253.8219556348995,93.79052113775717
Maize,Jigawa,2019-02-01,84.3,1,256.1025541529468,93.88525755841982
Maize,Jigawa,2019-03-01,91.39500000000001,1,258.383152670994,100.88857348597006
Maize,Jigawa,2019-04-01,88.61500000000001,1,260.66375118904125,96.96395875018783
Maize,Jigawa,2019-05-01,85.74,1,262.9443497070885,93.00437390152314
Maize,Jigawa,2019-06-01,83.225,1,265.22494822513573,89.50002728305503
Maize,Jigawa,2019-08-01,76.195,1,270.458367359174,80.35442329742459
Maize,Jigawa,2019-09-01,84.32499999999999,1,273.41118797516503,87.96781506236032
Maize,Jigawa,2019-10-01,87.16499999999999,1,276.364008591156,89.9589521897761
Maize,Jigawa,2020-01-01,89.55000000000001,1,285.222470439129,89.55000000000001
Maize,Jigawa,2020-02-01,87.66499999999999,1,288.17529105512,86.7667306919234
Maize,Jigawa,2020-03-01,99.595,1,291.128111671111,97.57467865376151
Maize,Jigawa,2020-04-01,99.19,1,294.08093228710203,96.20214620115993
Maize,Jigawa,2020-06-01,145.57999999999998,1,299.986573519084,138.41515224976186
Maize,Jigawa,2020-07-01,164.615,1,302.939394135075,154.98775623219953
Maize,Jigawa,2020-08-01,178.865,1,307.2191314783556,166.05839919409132
Maize,Jigawa,2020-09-01,179.5,1,311.49886882163617,164.35832861126448
Maize,Jigawa,2020-10-01,140.72,1,315.7786061649168,127.10330990324516
Maize,Jigawa,2020-11-01,123.73499999999999,1,320.05834350819737,110.26740310202761
Maize,Jigawa,2020-12-01,150.385,1,324.3380808514779,132.248365977815
Maize,Jigawa,2021-01-01,165.49,1,328.6178181947585,143.63635816301675
Maize,Jigawa,2021-02-01,183.35500000000002,1,332.8975555380391,157.09627540773786
Maize,Jigawa,2021-03-01,190.495,1,337.17729288131966,161.14209246417514
Maize,Jigawa,2021-04-01,189.645,1,341.45703022460026,158.41236412924098
Maize,Jigawa,2021-05-01,172.18,1,345.73676756788086,142.04333923081296
Maize,Jigawa,2021-06-01,218.04000000000002,1,350.0165049111614,177.67707117220738
Maize,Jigawa,2021-07-01,241.98,1,354.296242254442,194.80345870361856
Maize,Jigawa,2021-08-01,246.13,1,359.8608154286513,195.08044121325446
Maize,Jigawa,2021-09-01,253.29500000000002,1,365.4253886028605,197.7022612635012
Maize,Jigawa,2021-10-01,191.05,1,370.98996177706977,146.88201458706862
Maize,Jigawa,2021-11-01,176.91,1,376.554534951279,134.00106109972882
Maize,Jigawa,2021-12-01,211.61,1,382.11910812548825,157.95055961923563
Maize,Jigawa,2022-01-01,227.37,1,387.6836812996975,167.27821219178915
Maize,Jigawa,2022-02-01,227.37,1,393.24825447390674,164.9111785391226
Maize,Jigawa,2022-03-01,255.195,1,398.812827648116,182.51004806679862
Maize,Jigawa,2022-04-01,238.60500000000002,1,404.3774008223252,168.29701022048584
Maize,Jigawa,2022-05-01,209.06,1,409.9419739965345,145.4562193002183
Maize,Jigawa,2022-06-01,242.955,1,415.5065471707437,166.77529097288266
Maize,Jigawa,2022-07-01,253.60000000000002,1,421.071120344953,171.78195085929053
Maize,Jigawa,2022-08-01,248.7,1,429.7239740376429,165.07067951484046
Maize,Jigawa,2022-09-01,242.765,1,438.3768277303327,157.95094233117027
Maize,Jigawa,2022-10-01,218.53,1,447.02968142302245,139.43071132692984
Maize,Jigawa,2022-11-01,246.52,1,455.6825351157123,154.30269539472116
Maize,Jigawa,2022-12-01,244.59500000000003,1,464.3353888084022,150.2448269904436
Maize,Jigawa,2023-01-01,251.215,1,472.988242501092,151.48825377239766
Maize,Kaduna,2018-01-01,84.16499999999999,1,227.1828520689845,105.66708273043379
Maize,Kaduna,2018-10-01,67.87,1,246.9801600807577,78.37896397173756
Maize,Kaduna,2018-11-01,76.79,1,249.26075859880495,87.86875891793794
Maize,Kaduna,2018-12-01,79.37,1,251.54135711685225,89.99755641867372
Maize,Kaduna,2019-01-01,90.125,1,253.8219556348995,101.27443500317933
Maize,Kaduna,2019-02-01,82.055,2,256.1025541529468,91.38499180256395
Maize,Kaduna,2019-03-01,83.64,2,258.383152670994,92.3280298305874
Maize,Kaduna,2019-04-01,83.47,2,260.66375118904125,91.33421697092113
Maize,Kaduna,2019-05-01,88.57,1,262.9443497070885,96.07414738112787
Maize,Kaduna,2019-06-01,80.94999999999999,1,265.22494822513573,87.05349604762156
Maize,Kaduna,2019-08-01,74.12,2,270.458367359174,78.16615072911755
Maize,Kaduna,2019-09-01,73.445,2,273.41118797516503,76.61780227992948
Maize,Kaduna,2019-10-01,74.255,2,276.364008591156,76.63514019218522
Maize,Kaduna,2020-01-01,91.98,2,285.222470439129,91.98
Maize,Kaduna,2020-02-01,94.34,2,288.17529105512,93.37333455171455
Maize,Kaduna,2020-03-01,94.86,1,291.128111671111,92.93572987695984
Maize,Kaduna,2020-04-01,104.36500000000001,2,294.08093228710203,101.22126210589835
Maize,Kaduna,2020-05-01,103.845,2,297.03375290309305,99.71569612297392
Maize,Kaduna,2020-06-01,133.505,2,299.986573519084,126.93443399577181
Maize,Kaduna,2020-07-01,155.51999999999998,2,302.939394135075,146.42466269314255
Maize,Kaduna,2020-08-01,196.935,2,307.2191314783556,182.83460065014606
Maize,Kaduna,2020-09-01,165.62,2,311.49886882163617,151.6491720590397
Maize,Kaduna,2020-10-01,117.475,2,315.7786061649168,106.10759899718396
Maize,Kaduna,2020-11-01,124.56,2,320.05834350819737,111.00260823848193
Maize,Kaduna,2020-12-01,148.525,2,324.3380808514779,130.61268448884516
Maize,Kaduna,2021-01-01,188.04500000000002,2,328.6178181947585,163.2128767343313
Maize,Kaduna,2021-02-01,204.635,2,332.8975555380391,175.32871379598285
Maize,Kaduna,2021-03-01,175.84,2,337.17729288131966,148.74524548623614
Maize,Kaduna,2021-04-01,179.14,2,341.45703022460026,149.63743262470524
Maize,Kaduna,2021-05-01,178.35500000000002,2,345.73676756788086,147.13752914689073
Maize,Kaduna,2021-06-01,211.815,2,350.0165049111614,172.60442501532333
Maize,Kaduna,2021-07-01,210.07,2,354.296242254442,169.11464819352486
Maize,Kaduna,2021-08-01,224.39,2,359.8608154286513,177.84951124951107
Maize,Kaduna,2021-09-01,210.22,2,365.4253886028605,164.08128610044898
Maize,Kaduna,2021-10-01,171.51999999999998,2,370.98996177706977,131.8670669561581
Maize,Kaduna,2021-11-01,159.915,2,376.554534951279,121.12814247788782
Maize,Kaduna,2021-12-01,190.38,2,382.11910812548825,142.1040004740328
Maize,Kaduna,2022-01-01,199.59,2,387.6836812996975,146.84020922443239
Maize,Kaduna,2022-02-01,199.59,2,393.24825447390674,144.76237905010987
Maize,Kaduna,2022-03-01,192.45,2,398.812827648116,137.6361556866529
Maize,Kaduna,2022-04-01,184.27499999999998,2,404.3774008223252,129.9760338567089
Maize,Kaduna,2022-05-01,156.35,2,409.9419739965345,108.78254992628493
Maize,Kaduna,2022-06-01,175.99,2,415.5065471707437,120.80748886961626
Maize,Kaduna,2022-07-01,185.86,2,421.071120344953,125.89666161951
Maize,Kaduna,2022-08-01,180.91,2,429.7239740376429,120.07614246493682
Maize,Kaduna,2022-09-01,177.91,2,438.3768277303327,115.75413321581985
Maize,Kaduna,2022-10-01,160.565,2,447.02968142302245,102.44676778569757
Maize,Kaduna,2022-11-01,196.38,2,455.6825351157123,122.9188841538834
Maize,Kaduna,2022-12-01,165.08,2,464.3353888084022,101.40197485468809
Maize,Kaduna,2023-01-01,168.945,2,472.988242501092,101.87760696446361
Maize,Kano,2018-01-01,106.6,1,227.1828520689845,133.83367218041042
Maize,Kano,2019-02-01,89.825,1,256.1025541529468,100.03847283730795
Maize,Kano,2019-03-01,90.61500000000001,1,258.383152670994,100.02755168697605
Maize,Kano,2019-04-01,89.975,1,260.66375118904125,98.45209263158775
Maize,Kano,2019-08-01,79.54499999999999,1,270.458367359174,83.88729708240223
Maize,Kano,2019-09-01,88.91,1,273.41118797516503,92.75088570642698
Maize,Kano,2019-10-01,89.735,1,276.364008591156,92.61132994607424
Maize,Kano,2020-01-01,90.88499999999999,1,285.222470439129,90.88499999999999
Maize,Kano,2020-02-01,92.555,1,288.17529105512,91.60662475550073
Maize,Kano,2020-03-01,99.6,1,291.128111671111,97.57957722691546
Maize,Kano,2020-04-01,110.595,1,294.08093228710203,107.26359874097473
Maize,Kano,2020-05-01,117.63,1,297.03375290309305,112.9525478833398
Maize,Kano,2020-06-01,145.375,1,299.986573519084,138.22024150507715
Maize,Kano,2020-07-01,157.155,1,302.939394135075,147.9640423452985
Maize,Kano,2020-08-01,191.21,1,307.2191314783556,177.5195063869522
Maize,Kano,2020-09-01,181.28,1,311.49886882163617,165.988177218106
Maize,Kano,2020-10-01,136.96,1,315.7786061649168,123.70714414687649
Maize,Kano,2020-11-01,135.66,1,320.05834350819737,120.89445916532159
Maize,Kano,2020-12-01,156.9,1,324.3380808514779,137.97764818245955
Maize,Kano,2021-01-01,181.395,1,328.6178181947585,157.4410368540723
Maize,Kano,2021-02-01,198.22,1,332.8975555380391,169.83242186644375
Maize,Kano,2021-03-01,199.95499999999998,1,337.17729288131966,169.14442425614394
Maize,Kano,2021-04-01,199.14999999999998,1,341.45703022460026,166.35198563810454
Maize,Kano,2021-05-01,183.805,1,345.73676756788086,151.6336157934695
Maize,Kano,2021-06-01,224.4,1,350.0165049111614,182.8597265228551
Maize,Kano,2021-07-01,243.835,1,354.296242254442,196.2968069799026
Maize,Kano,2021-08-01,224.125,1,359.8608154286513,177.63947461471847
Maize,Kano,2021-09-01,208.805,1,365.4253886028605,162.976847798517
Maize,Kano,2021-10-01,166.29500000000002,1,370.98996177706977,127.85001107436052
Maize,Kano,2021-11-01,179.97,1,376.554534951279,136.318868159619
Maize,Kano,2021-12-01,203.60000000000002,1,382.11910812548825,151.97171182116335
Maize,Kano,2022-01-01,227.565,1,387.6836812996975,167.4216754955557
Maize,Kano,2022-02-01,227.565,1,393.24825447390674,165.05261179687486
Maize,Kano,2022-03-01,230.935,1,398.812827648116,165.15981093009714
Maize,Kano,2022-04-01,231.76999999999998,1,404.3774008223252,163.4760296674504
Maize,Kano,2022-05-01,224.175,1,409.9419739965345,155.9726775166289
Maize,Kano,2022-06-01,228.64499999999998,1,415.5065471707437,156.95226031361673
Maize,Kano,2022-07-01,222.35000000000002,1,421.071120344953,150.61402513234717
Maize,Kano,2022-08-01,212.575,1,429.7239740376429,141.09328386758025
Maize,Kano,2022-09-01,227.905,1,438.3768277303327,148.28253459924358
Maize,Kano,2022-10-01,235.17,1,447.02968142302245,150.04768399191914
Maize,Kano,2022-11-01,229.24,1,455.6825351157123,143.48673491921903
Maize,Kano,2022-12-01,229.31,1,464.3353888084022,140.85586899641706
Maize,Kano,2023-01-01,208.035,1,472.988242501092,125.44974971056962
Maize,Katsina,2018-01-01,101.155,1,227.1828520689845,126.99760890627972
Maize,Katsina,2019-01-01,84.965,1,253.8219556348995,95.47608732366307
Maize,Katsina,2019-02-01,89.375,1,256.1025541529468,99.5373059820139
Maize,Katsina,2019-03-01,92.36,1,258.383152670994,101.95381199369979
Maize,Katsina,2019-04-01,84.37,1,260.66375118904125,92.31901145125934
Maize,Katsina,2019-05-01,83.35499999999999,1,262.9443497070885,90.41730331888805
Maize,Katsina,2019-06-01,76.66,1,265.22494822513573,82.44003714651846
Maize,Katsina,2019-08-01,86.59,1,270.458367359174,91.31687792275079
Maize,Katsina,2019-09-01,86.91,1,273.41118797516503,90.66448629789191
Maize,Katsina,2019-10-01,91.83000000000001,1,276.364008591156,94.77348224157794
Maize,Katsina,2020-01-01,95.82,1,285.222470439129,95.82
Maize,Katsina,2020-02-01,89.34,1,288.17529105512,88.4245676155414
Maize,Katsina,2020-03-01,105.525,1,291.128111671111,103.38438641436
Maize,Katsina,2020-04-01,109.47,1,294.08093228710203,106.17248658777072
Maize,Katsina,2020-05-01,118.405,1,297.03375290309305,113.69673069902959
Maize,Katsina,2020-06-01,159.57,1,299.986573519084,151.7166220943433
Maize,Katsina,2020-07-01,176.245,1,302.939394135075,165.9375943695532
Maize,Katsina,2020-08-01,185.26,1,307.2191314783556,171.9955219562092
Maize,Katsina,2020-09-01,176.89499999999998,1,311.49886882163617,161.9730726445105
Maize,Katsina,2020-10-01,137.345,1,315.7786061649168,124.05488984267488
Maize,Katsina,2020-11-01,141.475,1,320.05834350819737,126.07654143014796
Maize,Katsina,2020-12-01,129.585,1,324.3380808514779,113.95687405815183
Maize,Katsina,2021-01-01,168.56,1,328.6178181947585,146.3009519122491
Maize,Katsina,2021-02-01,176.71,1,332.8975555380391,151.40292234900252
Maize,Katsina,2021-03-01,177.005,1,337.17729288131966,149.73073349232956
Maize,Katsina,2021-04-01,180.965,1,341.45703022460026,151.1618733668069
Maize,Katsina,2021-05-01,195.42,1,345.73676756788086,161.21564265585704
Maize,Katsina,2021-06-01,238.56,1,350.0165049111614,194.3984686242973
Maize,Katsina,2021-07-01,248.91,1,354.296242254442,200.3823824527552
Maize,Katsina,2021-08-01,223.095,1,359.8608154286513,176.82310580778858
Maize,Katsina,2021-09-01,196.77,1,365.4253886028605,153.5832683188343
Maize,Katsina,2021-10-01,179.425,1,370.98996177706977,137.9445457591457
Maize,Katsina,2021-11-01,188.575,1,376.554534951279,142.83675369895064
Maize,Katsina,2021-12-01,204.075,1,382.11910812548825,152.32626272054966
Maize,Katsina,2022-01-01,202.84,1,387.6836812996975,149.23126428720812
Maize,Katsina,2022-02-01,202.84,1,393.24825447390674,147.11960001264734
Maize,Katsina,2022-03-01,221.015,1,398.812827648116,158.06523745952504
Maize,Katsina,2022-04-01,210.425,1,404.3774008223252,148.42060466312836
Maize,Katsina,2022-05-01,198.60500000000002,1,409.9419739965345,138.182016809145
Maize,Katsina,2022-06-01,213.985,1,415.5065471707437,146.88897383808649
Maize,Katsina,2022-07-01,189.62,1,421.071120344953,128.4435864429758
Maize,Katsina,2022-08-01,182.49,1,429.7239740376429,121.12484239912841
Maize,Katsina,2022-09-01,170.86,1,438.3768277303327,111.16716992442797
Maize,Katsina,2022-10-01,174.25,1,447.02968142302245,111.17833454773955
Maize,Katsina,2022-11-01,202.88,1,455.6825351157123,126.98738780496926
Maize,Katsina,2022-12-01,202.88,1,464.3353888084022,124.62098775453791
Maize,Katsina,2023-01-01,202.88,1,472.988242501092,122.34116961703735
Maize,Kebbi,2018-01-01,102.52000000000001,1,227.1828520689845,128.71133275737037
Maize,Kebbi,2019-01-01,85.46,1,253.8219556348995,96.032324165012
Maize,Kebbi,2019-02-01,89.84,1,256.1025541529468,100.0551783991511
Maize,Kebbi,2019-03-01,102.03,1,258.383152670994,112.62827455302286
Maize,Kebbi,2019-04-01,101.67,1,260.66375118904125,111.24894979553794
Maize,Kebbi,2019-05-01,100.445,1,262.9443497070885,108.95526401374495
Maize,Kebbi,2019-06-01,87.41,1,265.22494822513573,94.00056935790737
Maize,Kebbi,2019-08-01,88.22,1,270.458367359174,93.03585830171005
Maize,Kebbi,2019-09-01,87.6,1,273.41118797516503,91.3842940938365
Maize,Kebbi,2019-10-01,91.73,1,276.364008591156,94.6702768814107
Maize,Kebbi,2020-01-01,101.16,1,285.222470439129,101.16
Maize,Kebbi,2020-02-01,96.49,1,288.17529105512,95.50130433426898
Maize,Kebbi,2020-03-01,108.78,1,291.128111671111,106.573357537589
Maize,Kebbi,2020-04-01,111.86,1,294.08093228710203,108.49049373991078
Maize,Kebbi,2020-05-01,117.41,1,297.03375290309305,112.74129598727303
Maize,Kebbi,2020-06-01,158.95,1,299.986573519084,151.12713593968712
Maize,Kebbi,2020-07-01,172.79,1,302.939394135075,162.6846544929791
Maize,Kebbi,2020-08-01,183.1,1,307.2191314783556,169.9901763477378
Maize,Kebbi,2020-09-01,195.07,1,311.49886882163617,178.61492569470397
Maize,Kebbi,2020-10-01,145.44,1,315.7786061649168,131.3665818101761
Maize,Kebbi,2020-11-01,138.64,1,320.05834350819737,123.55010923396863
Maize,Kebbi,2020-12-01,148.48,1,324.3380808514779,130.57311154959586
Maize,Kebbi,2021-01-01,167.46,1,328.6178181947585,145.34621148092805
Maize,Kebbi,2021-02-01,181.64,1,332.8975555380391,155.62688481394835
Maize,Kebbi,2021-03-01,190.76,1,337.17729288131966,161.36625926384446
Maize,Kebbi,2021-04-01,200.56,1,341.45703022460026,167.52977273200227
Maize,Kebbi,2021-05-01,207.62,1,345.73676756788086,171.2802769839783
Maize,Kebbi,2021-06-01,225.94,1,350.0165049111614,184.11464621467863
Maize,Kebbi,2021-07-01,250.39,1,354.296242254442,201.5738409157742
Maize,Kebbi,2021-08-01,265.62,1,359.8608154286513,210.52804125894707
Maize,Kebbi,2021-09-01,216.84,1,365.4253886028605,169.24834020560058
Maize,Kebbi,2021-10-01,179.31,1,370.98996177706977,137.85613208902004
Maize,Kebbi,2021-11-01,187.22,1,376.554534951279,141.8104044943261
Maize,Kebbi,2021-12-01,198.7,1,382.11910812548825,148.3142393853888
Maize,Kebbi,2022-01-01,254.14,1,387.6836812996975,186.97314881656018
Maize,Kebbi,2022-02-01,254.14,1,393.24825447390674,184.32742628285447
Maize,Kebbi,2022-03-01,246.69,1,398.812827648116,176.42745256607122
Maize,Kebbi,2022-04-01,245.94,1,404.3774008223252,173.47065943138782
Maize,Kebbi,2022-05-01,241.61,1,409.9419739965345,168.10330596539626
Maize,Kebbi,2022-06-01,233.53,1,415.5065471707437,160.30554506347798
Maize,Kebbi,2022-07-01,232.385,1,421.071120344953,157.4114694417832
Maize,Kebbi,2022-08-01,225.08,1,429.7239740376429,149.3932792328118
Maize,Kebbi,2022-09-01,231.22500000000002,1,438.3768277303327,150.4426364612891
Maize,Kebbi,2022-10-01,205.65,1,447.02968142302245,131.21276613912562
Maize,Kebbi,2022-11-01,231.48,1,455.6825351157123,144.88880386974708
Maize,Kebbi,2022-12-01,242.81,1,464.3353888084022,149.1483736035063
Maize,Kebbi,2023-01-01,236.09,1,472.988242501092,142.36754108283887
Maize,Lagos,2018-01-01,152.60500000000002,1,227.1828520689845,191.59181560123395
Maize,Lagos,2019-02-01,126.075,1,256.1025541529468,140.41024729155137
Maize,Lagos,2019-03-01,139.97,1,258.383152670994,154.50925795537205
Maize,Lagos,2019-04-01,132.135,1,260.66375118904125,144.58424295498577
Maize,Lagos,2019-08-01,143.535,1,270.458367359174,151.3704593214232
Maize,Lagos,2019-09-01,142.41,1,273.41118797516503,148.5620698847404
Maize,Lagos,2019-10-01,145.655,1,276.364008591156,150.3237673515957
Maize,Lagos,2020-01-01,150.9,1,285.222470439129,150.9
Maize,Lagos,2020-02-01,154.91500000000002,1,288.17529105512,153.327645983452
Maize,Lagos,2020-03-01,169.235,1,291.128111671111,165.80200554213894
Maize,Lagos,2020-04-01,177.29000000000002,1,294.08093228710203,171.94957657025554
Maize,Lagos,2020-05-01,202.01999999999998,1,297.03375290309305,193.9868547427723
Maize,Lagos,2020-06-01,215.065,1,299.986573519084,204.480386856677
Maize,Lagos,2020-07-01,232.255,1,302.939394135075,218.67193951772012
Maize,Lagos,2020-08-01,251.74,1,307.2191314783556,233.71560346138457
Maize,Lagos,2020-09-01,252.165,1,311.49886882163617,230.8936932270725
Maize,Lagos,2020-10-01,227.38,1,315.7786061649168,205.3777047029554
Maize,Lagos,2020-11-01,210.8,1,320.05834350819737,187.8560518358381
Maize,Lagos,2020-12-01,211.675,1,324.3380808514779,186.14670923532267
Maize,Lagos,2021-01-01,222.36,1,328.6178181947585,192.9964384623144
Maize,Lagos,2021-02-01,241.6,1,332.8975555380391,206.9998644078943
Maize,Lagos,2021-03-01,258.09499999999997,1,337.17729288131966,218.32577419114034
Maize,Lagos,2021-04-01,261.33000000000004,1,341.45703022460026,218.2915611689976
Maize,Lagos,2021-05-01,275.23,1,345.73676756788086,227.05650050236179
Maize,Lagos,2021-06-01,294.06,1,350.0165049111614,239.62447050494998
Maize,Lagos,2021-07-01,319.53999999999996,1,354.296242254442,257.2423224818343
Maize,Lagos,2021-08-01,334.90999999999997,1,359.8608154286513,265.44667682416224
Maize,Lagos,2021-09-01,315.76,1,365.4253886028605,246.45755351097785
Maize,Lagos,2021-10-01,275.15999999999997,1,370.98996177706977,211.54700410247474
Maize,Lagos,2021-11-01,269.855,1,376.554534951279,204.40255691067395
Maize,Lagos,2021-12-01,288.71500000000003,1,382.11910812548825,215.50350087645964
Maize,Lagos,2022-01-01,302.885,1,387.6836812996975,222.8352962119455
Maize,Lagos,2022-02-01,302.885,1,393.24825447390674,219.68211422712827
Maize,Lagos,2022-03-01,301.655,1,398.812827648116,215.7372540590142
Maize,Lagos,2022-04-01,306.26,1,404.3774008223252,216.01660631640576
Maize,Lagos,2022-05-01,314.78999999999996,1,409.9419739965345,219.01924458775332
Maize,Lagos,2022-06-01,312.435,1,415.5065471707437,214.46950272730587
Maize,Lagos,2022-07-01,313.66999999999996,1,421.071120344953,212.47178440865002
Maize,Lagos,2022-08-01,308.29499999999996,1,429.7239740376429,204.62591532379466
Maize,Lagos,2022-09-01,294.855,1,438.3768277303327,191.84242004019202
Maize,Lagos,2022-10-01,287.64,1,447.02968142302245,183.52560200465885
Maize,Lagos,2022-11-01,298.775,1,455.6825351157123,187.01033513125833
Maize,Lagos,2022-12-01,302.23,1,464.3353888084022,185.64767906670937
Maize,Lagos,2023-01-01,306.0,1,472.988242501092,184.52483193421446
Maize,Oyo,2014-05-01,70.0,1,143.98930281471485,138.6601125253776
Maize,Oyo,2017-09-01,98.0,1,218.5458437638968,127.89903308905755
Maize,Oyo,2018-01-01,110.91999999999999,1,227.1828520689845,139.25732568715875
Maize,Oyo,2019-01-01,97.68,1,253.8219556348995,109.76407002619206
Maize,Oyo,2019-02-01,98.02,1,256.1025541529468,109.16527812427415
Maize,Oyo,2019-03-01,101.455,1,258.383152670994,111.9935469447901
Maize,Oyo,2019-04-01,104.475,1,260.66375118904125,114.3182259259253
Maize,Oyo,2019-05-01,108.76,1,262.9443497070885,117.97475747060483
Maize,Oyo,2019-06-01,108.76,1,265.22494822513573,116.96032402889837
Maize,Oyo,2019-07-01,104.73,1,267.505546743183,111.66628016789416
Maize,Oyo,2019-08-01,98.32,1,270.458367359174,103.68720911612029
Maize,Oyo,2019-09-01,82.09,1,273.41118797516503,85.63626372332237
Maize,Oyo,2019-10-01,83.035,1,276.364008591156,85.69657081486903
Maize,Oyo,2020-01-01,103.695,1,285.222470439129,103.695
Maize,Oyo,2020-02-01,106.96000000000001,1,288.17529105512,105.86402229861551
Maize,Oyo,2020-03-01,129.81,1,291.128111671111,127.17675622315157
Maize,Oyo,2020-04-01,136.29,1,294.08093228710203,132.18460032015412
Maize,Oyo,2020-05-01,145.805,1,297.03375290309305,140.00719411825523
Maize,Oyo,2020-06-01,172.05,1,299.986573519084,163.5824079171008
Maize,Oyo,2020-07-01,192.10500000000002,1,302.939394135075,180.87004775376906
Maize,Oyo,2020-08-01,204.945,1,307.2191314783556,190.27109061489418
Maize,Oyo,2020-09-01,160.765,1,311.49886882163617,147.20371420161524
Maize,Oyo,2020-10-01,150.305,1,315.7786061649168,135.76082287526484
Maize,Oyo,2020-11-01,153.685,1,320.05834350819737,136.9575774496716
Maize,Oyo,2020-12-01,170.115,1,324.3380808514779,149.59890134199557
Maize,Oyo,2021-01-01,194.92000000000002,1,328.6178181947585,169.18000443008776
Maize,Oyo,2021-02-01,220.39,1,332.8975555380391,188.82740114592642
Maize,Oyo,2021-03-01,224.69,1,337.17729288131966,190.06806874603276
Maize,Oyo,2021-04-01,225.0,1,341.45703022460026,187.94474902622912
Maize,Oyo,2021-05-01,235.98,1,345.73676756788086,194.6764269467257
Maize,Oyo,2021-06-01,248.94,1,350.0165049111614,202.8569533003545
Maize,Oyo,2021-07-01,280.92999999999995,1,354.296242254442,226.1597473080732
Maize,Oyo,2021-08-01,271.78999999999996,1,359.8608154286513,215.41832818977946
Maize,Oyo,2021-09-01,157.66500000000002,1,365.4253886028605,123.06096457533674
Maize,Oyo,2021-10-01,157.7,1,370.98996177706977,121.24205025061879
Maize,Oyo,2021-11-01,186.475,1,376.554534951279,141.24610179510447
Maize,Oyo,2021-12-01,220.525,1,382.11910812548825,164.60492018350712
Maize,Oyo,2022-01-01,267.35,1,387.6836812996975,196.69186801018088
Maize,Oyo,2022-02-01,267.35,1,393.24825447390674,193.90862287212224
Maize,Oyo,2022-03-01,267.35,1,398.812827648116,191.20304610458123
Maize,Oyo,2022-04-01,267.35,1,404.3774008223252,188.57193136123254
Maize,Oyo,2022-05-01,267.35,1,409.9419739965345,186.01224638818218
Maize,Oyo,2022-06-01,267.35,1,415.5065471707437,183.52112136650896
Maize,Oyo,2022-07-01,267.345,1,421.071120344953,181.0924513110293
Maize,Oyo,2022-08-01,247.82,1,429.7239740376429,164.48659347554388
Maize,Oyo,2022-09-01,236.37,1,438.3768277303327,153.79014371436872
Maize,Oyo,2022-10-01,207.04500000000002,1,447.02968142302245,132.1028308547302
Maize,Oyo,2022-11-01,236.195,1,455.6825351157123,147.8400338258809
Maize,Oyo,2022-12-01,267.31,1,464.3353888084022,164.19773381637188
Maize,Oyo,2023-01-01,267.65999999999997,1,472.988242501092,161.40495593304522
Maize,Yobe,2017-03-01,147.0,1,204.112410224248,205.41476683601996
Maize,Yobe,2017-04-01,153.5,2,206.64114257102423,211.87285681677932
Maize,Yobe,2017-05-01,162.5,2,209.16987491780048,221.58377952165694
Maize,Yobe,2017-06-01,162.5,2,211.69860726457676,218.93696914327273
Maize,Yobe,2017-07-01,148.0,2,214.227339611353,197.04733159443117
Maize,Yobe,2017-08-01,140.0,2,216.3865916876249,184.53613761393567
Maize,Yobe,2017-09-01,120.5,2,218.5458437638968,157.26360701256567
Maize,Yobe,2017-10-01,99.0,2,220.70509584016872,127.94006620455467
Maize,Yobe,2017-11-01,97.66,2,222.86434791644064,124.98556509150153
Maize,Yobe,2017-12-01,89.985,2,225.02359999271255,114.05800993005273
Maize,Yobe,2018-01-01,90.37,2,227.1828520689845,113.45730726964064
Maize,Yobe,2018-02-01,77.32,1,229.3421041452564,96.15940996331699
Maize,Yobe,2018-03-01,74.07,1,231.5013562215283,91.2583352868567
Maize,Yobe,2018-04-01,77.31,1,233.66060829780025,94.36998966272337
Maize,Yobe,2018-05-01,82.53,1,235.81986037407216,99.81945730949732
Maize,Yobe,2018-10-01,91.73,1,246.9801600807577,105.93343694014273
Maize,Yobe,2018-11-01,81.48,1,249.26075859880495,93.23540144072904
Maize,Yobe,2018-12-01,69.21,1,251.54135711685225,78.47714350178164
Maize,Yobe,2019-01-01,79.87,1,253.8219556348995,89.75078084553603
Maize,Yobe,2019-02-01,85.11,1,256.1025541529468,94.78735789794912
Maize,Yobe,2019-03-01,93.65,2,258.383152670994,103.37780958434374
Maize,Yobe,2019-04-01,84.59,2,260.66375118904125,92.55973899089756
Maize,Yobe,2019-05-01,91.735,1,262.9443497070885,99.50730394047382
Maize,Yobe,2019-06-01,74.07,1,265.22494822513573,79.65475543233266
Maize,Yobe,2019-08-01,95.86,1,270.458367359174,101.09291970983821
Maize,Yobe,2019-09-01,95.065,1,273.41118797516503,99.1717798861937
Maize,Yobe,2019-10-01,79.275,2,276.364008591156,81.81604927258077
Maize,Yobe,2020-01-01,80.5,2,285.222470439129,80.5
Maize,Yobe,2020-02-01,83.725,2,288.17529105512,82.86710234621899
Maize,Yobe,2020-03-01,92.66499999999999,2,291.128111671111,90.7852562623707
Maize,Yobe,2020-04-01,96.35,2,294.08093228710203,93.44769418773826
Maize,Yobe,2020-05-01,98.73,2,297.03375290309305,94.8040895394214
Maize,Yobe,2020-06-01,120.275,2,299.986573519084,114.35556008270443
Maize,Yobe,2020-07-01,141.20999999999998,2,302.939394135075,132.95156004950272
Maize,Yobe,2020-08-01,152.27,2,307.2191314783556,141.3675813897872
Maize,Yobe,2020-09-01,183.095,2,311.49886882163617,167.65007340991352
Maize,Yobe,2020-10-01,157.23000000000002,2,315.7786061649168,142.01572922176834
Maize,Yobe,2020-11-01,125.325,2,320.05834350819737,111.68434391046682
Maize,Yobe,2020-12-01,127.78,2,324.3380808514779,112.36955949493104
Maize,Yobe,2021-01-01,151.005,2,328.6178181947585,131.064162574212
Maize,Yobe,2021-02-01,159.725,2,332.8975555380391,136.85038635161803
Maize,Yobe,2021-03-01,168.14499999999998,2,337.17729288131966,142.23594917131015
Maize,Yobe,2021-04-01,170.04500000000002,2,341.45703022460026,142.04028821406726
Maize,Yobe,2021-05-01,175.54500000000002,2,345.73676756788086,144.81936337131526
Maize,Yobe,2021-06-01,187.85500000000002,2,350.0165049111614,153.07983032954968
Maize,Yobe,2021-07-01,208.33499999999998,2,354.296242254442,167.71790465748563
Maize,Yobe,2021-08-01,214.62,2,359.8608154286513,170.10589644979754
Maize,Yobe,2021-09-01,205.79500000000002,2,365.4253886028605,160.62747727638614
Maize,Yobe,2021-10-01,204.84,2,370.98996177706977,157.483966856923
Maize,Yobe,2021-11-01,179.185,2,376.554534951279,135.72426732889554
Maize,Yobe,2021-12-01,168.57999999999998,2,382.11910812548825,125.83198024956637
Maize,Yobe,2022-01-01,194.245,2,387.6836812996975,142.90784328272895
Maize,Yobe,2022-02-01,194.245,2,393.24825447390674,140.88565719018285
Maize,Yobe,2022-03-01,203.4,2,398.812827648116,145.46736329781868
Maize,Yobe,2022-04-01,206.04500000000002,2,404.3774008223252,145.33122722021756
Maize,Yobe,2022-05-01,198.29,2,409.9419739965345,137.96285145432068
Maize,Yobe,2022-06-01,200.20999999999998,2,415.5065471707437,137.43319135511035
Maize,Yobe,2022-07-01,208.21,2,421.071120344953,141.03596209941986
Maize,Yobe,2022-08-01,192.53,2,429.7239740376429,127.78873312019395
Maize,Yobe,2022-09-01,200.535,2,438.3768277303327,130.4747068991874
Maize,Yobe,2022-10-01,206.22000000000003,2,447.02968142302245,131.57644849603935
Maize,Yobe,2022-11-01,209.61,2,455.6825351157123,131.19985389293973
Maize,Yobe,2022-12-01,208.935,2,464.3353888084022,128.34032963571758
Maize,Yobe,2023-01-01,208.935,2,472.988242501092,125.9924698044938
Maize,Zamfara,2018-01-01,93.915,1,227.1828520689845,117.90796738108112
Maize,Zamfara,2018-10-01,87.43,1,246.9801600807577,100.9676266398853
Maize,Zamfara,2018-11-01,88.22,1,249.26075859880495,100.94780455450558
Maize,Zamfara,2018-12-01,88.21,1,251.54135711685225,100.02122277549715
Maize,Zamfara,2019-02-01,86.595,1,256.1025541529468,96.44120852041951
Maize,Zamfara,2019-03-01,100.095,1,258.383152670994,110.49227816705697
Maize,Zamfara,2019-04-01,97.445,1,260.66375118904125,106.62588681839475
Maize,Zamfara,2019-08-01,76.235,1,270.458367359174,80.39660686500642
Maize,Zamfara,2019-09-01,77.195,1,273.41118797516503,80.52980117093276
Maize,Zamfara,2019-10-01,86.06,1,276.364008591156,88.81853295992809
Maize,Zamfara,2020-01-01,89.52,1,285.222470439129,89.52
Maize,Zamfara,2020-02-01,92.565,1,288.17529105512,91.61652228937308
Maize,Zamfara,2020-03-01,116.165,1,291.128111671111,113.80855008599032
Maize,Zamfara,2020-04-01,117.075,1,294.08093228710203,113.54840474342977
Maize,Zamfara,2020-05-01,117.2,1,297.03375290309305,112.5396464501184
Maize,Zamfara,2020-06-01,147.77,1,299.986573519084,140.49736947346693
Maize,Zamfara,2020-07-01,172.405,1,302.939394135075,162.32217059935218
Maize,Zamfara,2020-08-01,188.315,1,307.2191314783556,174.8317862311537
Maize,Zamfara,2020-09-01,170.91,1,311.49886882163617,156.49293561532713
Maize,Zamfara,2020-10-01,145.695,1,315.7786061649168,131.59690688141916
Maize,Zamfara,2020-11-01,145.95499999999998,1,320.05834350819737,130.0689281105301
Maize,Zamfara,2020-12-01,158.65,1,324.3380808514779,139.5165958199312
Maize,Zamfara,2021-01-01,181.875,1,328.6178181947585,157.85765086046692
Maize,Zamfara,2021-02-01,196.68,1,332.8975555380391,168.51296908834706
Maize,Zamfara,2021-03-01,200.335,1,337.17729288131966,169.46587098774523
Maize,Zamfara,2021-04-01,197.73000000000002,1,341.45703022460026,165.16584544425015
Maize,Zamfara,2021-05-01,207.39,1,345.73676756788086,171.0905338777924
Maize,Zamfara,2021-06-01,244.085,1,350.0165049111614,198.90069673944333
Maize,Zamfara,2021-07-01,260.805,1,354.296242254442,209.95832732951996
Maize,Zamfara,2021-08-01,246.34,1,359.8608154286513,195.24688533893917
Maize,Zamfara,2021-09-01,228.92000000000002,1,365.4253886028605,178.67704316485006
Maize,Zamfara,2021-10-01,179.68,1,370.98996177706977,138.1405934624679
Maize,Zamfara,2021-11-01,187.73000000000002,1,376.554534951279,142.19670567097447
Maize,Zamfara,2021-12-01,200.87,1,382.11910812548825,149.93397717837468
Maize,Zamfara,2022-01-01,246.225,1,387.6836812996975,181.1500101021387
Maize,Zamfara,2022-02-01,246.225,1,393.24825447390674,178.58668661562857
Maize,Zamfara,2022-03-01,240.85000000000002,1,398.812827648116,172.25080850678285
Maize,Zamfara,2022-04-01,224.64,1,404.3774008223252,158.4469746062737
Maize,Zamfara,2022-05-01,220.635,1,409.9419739965345,153.50967638622242
Maize,Zamfara,2022-06-01,218.76,1,415.5065471707437,150.16674961712172
Maize,Zamfara,2022-07-01,230.54000000000002,1,421.071120344953,156.1617151068645
Maize,Zamfara,2022-08-01,196.315,1,429.7239740376429,130.3009668233048
Maize,Zamfara,2022-09-01,205.865,1,438.3768277303327,133.94258127409788
Maize,Zamfara,2022-10-01,199.57999999999998,1,447.02968142302245,127.33986805760607
Maize,Zamfara,2022-11-01,239.77,1,455.6825351157123,150.07771083397816
Maize,Zamfara,2022-12-01,221.865,1,464.3353888084022,136.28270627050748
Maize,Zamfara,2023-01-01,218.395,1,472.988242501092,131.6970610139633
Millet,Abia,2014-07-01,138.84615384615384,1,145.799165386817,271.62050554887566
Millet,Abia,2014-08-01,131.9230769230769,1,146.89380547073534,256.1539323414662
Millet,Abia,2014-09-01,125.0,1,147.98844555465368,240.916165253754
Millet,Abia,2014-10-01,93.07692307692308,1,149.08308563857202,178.07271580917796
Millet,Abia,2014-11-01,90.0,1,150.17772572249035,170.930956744921
Millet,Abia,2014-12-01,113.46153846153845,1,151.2723658064087,213.93054922694435
Millet,Abia,2015-01-01,113.46153846153845,1,152.367005890327,212.39362229850533
Millet,Abia,2015-02-01,113.46153846153845,1,153.46164597424533,210.87862113283575
Millet,Abia,2015-03-01,113.46153846153845,1,154.55628605816366,209.38507986433916
Millet,Abia,2015-04-01,113.46153846153845,1,155.650926142082,207.91254573251697
Millet,Abia,2015-05-01,168.84615384615384,1,156.74556622600034,307.24133564778856
Millet,Abia,2015-06-01,187.3076923076923,1,157.84020630991867,338.4711917276241
Millet,Abia,2015-07-01,128.46153846153845,1,158.934846393837,230.53545643236595
Millet,Abia,2015-08-01,113.46153846153845,1,161.0138218151871,200.9875918414591
Millet,Abia,2015-09-01,140.76923076923077,1,163.09279723653717,246.1822253473561
Millet,Abia,2015-10-01,139.23076923076923,1,165.17177265788726,240.4269405244768
Millet,Abia,2015-11-01,113.46153846153845,1,167.25074807923733,193.49258924983948
Millet,Abia,2015-12-01,113.46153846153845,1,169.32972350058742,191.11695000028735
Millet,Abia,2016-01-01,121.92307692307692,1,171.4086989219375,202.87885867086118
Millet,Abia,2016-02-01,121.92307692307692,1,173.48767434328758,200.44767638494454
Millet,Abia,2016-03-01,139.6153846153846,1,175.56664976463767,226.8166816687182
Millet,Abia,2016-04-01,139.6153846153846,1,177.64562518598774,224.16226050947063
Millet,Abia,2016-05-01,142.3076923076923,1,179.72460060733783,225.8419349678846
Millet,Abia,2016-06-01,151.53846153846155,1,181.8035760286879,237.74105719309196
Millet,Abia,2016-07-01,153.84615384615384,1,183.882551450038,238.6326474237599
Millet,Abia,2016-08-01,177.3076923076923,1,186.41128379681425,271.29333052061315
Millet,Abia,2016-09-01,183.07692307692307,1,188.9400161435905,276.3715879049679
Millet,Abia,2016-10-01,173.84615384615384,1,191.46874849036675,258.970875755401
Millet,Abia,2016-11-01,203.07692307692307,1,193.997480837143,298.5714115422014
Millet,Abia,2016-12-01,191.9230769230769,1,196.52621318391925,278.54184562671935
Millet,Abia,2017-01-01,196.53846153846152,1,199.05494553069548,281.6166430170979
Millet,Abia,2017-02-01,201.15384615384616,1,201.58367787747176,284.61429785602866
Millet,Abia,2021-03-01,337.21153846153845,1,337.17729288131966,285.25143920184775
Millet,Abia,2021-04-01,362.5269230769231,1,341.45703022460026,302.822362546415
Millet,Abia,2021-05-01,334.55384615384617,1,345.73676756788086,275.99689545942607
Millet,Abia,2021-06-01,344.2961538461538,1,350.0165049111614,280.5610540783357
Millet,Abia,2021-07-01,396.6,1,354.296242254442,319.2786665090302
Millet,Abia,2021-08-01,396.6884615384616,1,359.8608154286513,314.4117340475773
Millet,Abia,2021-09-01,401.07692307692304,1,365.4253886028605,313.0492691640775
Millet,Abia,2021-10-01,395.38461538461536,1,370.98996177706977,303.977434412068
Millet,Abia,2021-11-01,411.15384615384613,1,376.554534951279,311.42983245633394
Millet,Abia,2021-12-01,393.46153846153845,1,382.11910812548825,293.6887207062304
Millet,Abia,2022-01-01,367.6923076923077,1,387.6836812996975,270.51463195427044
Millet,Abia,2022-02-01,367.6923076923077,1,393.24825447390674,266.6867739864897
Millet,Abia,2022-03-01,371.8730769230769,1,398.812827648116,265.95573245549116
Millet,Abia,2022-04-01,376.91153846153844,1,404.3774008223252,265.84977280727804
Millet,Abia,2022-05-01,358.5730769230769,1,409.9419739965345,249.48189090250222
Millet,Abia,2022-06-01,358.7307692307692,1,415.5065471707437,246.2490108019492
Millet,Abia,2022-07-01,362.3961538461538,1,421.071120344953,245.47759578704998
Millet,Abia,2022-08-01,361.98846153846154,1,429.7239740376429,240.26409860348025
Millet,Abia,2022-09-01,342.75769230769225,1,438.3768277303327,223.00949680249337
Millet,Abia,2022-10-01,358.26153846153846,1,447.02968142302245,228.58491350740192
Millet,Abia,2022-11-01,383.526923076923,1,455.6825351157123,240.05856720433675
Millet,Abia,2022-12-01,357.13461538461536,1,464.3353888084022,219.37336617984897
Millet,Abia,2023-01-01,355.38461538461536,1,472.988242501092,214.3048576008222
Millet,Adamawa,2019-02-01,88.07692307692308,1,256.1025541529468,98.09163236097336
Millet,Adamawa,2019-03-01,93.07692307692308,1,258.383152670994,102.74520481092111
Millet,Adamawa,2019-04-01,102.3076923076923,1,260.66375118904125,111.94672297861517
Millet,Adamawa,2019-08-01,81.53846153846153,1,270.458367359174,85.98958007063867
Millet,Adamawa,2019-09-01,102.3076923076923,1,273.41118797516503,106.7273543596791
Millet,Adamawa,2019-10-01,130.0,1,276.364008591156,134.16696821741405
Millet,Adamawa,2020-01-01,111.53846153846153,1,285.222470439129,111.53846153846153
Millet,Adamawa,2020-02-01,106.15384615384615,1,288.17529105512,105.06612879875252
Millet,Adamawa,2020-03-01,125.0,1,291.128111671111,122.46432884904048
Millet,Adamawa,2020-04-01,132.52692307692308,1,294.08093228710203,128.53487679641123
Millet,Adamawa,2020-05-01,146.20384615384614,1,297.03375290309305,140.3901805102504
Millet,Adamawa,2020-06-01,153.46153846153845,1,299.986573519084,145.90879386341896
Millet,Adamawa,2020-07-01,169.38076923076923,1,302.939394135075,159.47480710725574
Millet,Adamawa,2020-08-01,172.19615384615383,1,307.2191314783556,159.86703745881968
Millet,Adamawa,2020-09-01,179.21923076923076,1,311.49886882163617,164.1012435890099
Millet,Adamawa,2020-10-01,190.8923076923077,1,315.7786061649168,172.42072301564113
Millet,Adamawa,2020-11-01,189.37307692307692,1,320.05834350819737,168.76128346666835
Millet,Adamawa,2020-12-01,199.60384615384615,1,324.3380808514779,175.5313528392681
Millet,Adamawa,2021-01-01,217.78076923076924,1,328.6178181947585,189.02191413528348
Millet,Adamawa,2021-02-01,218.94230769230768,1,332.8975555380391,187.58703644643694
Millet,Adamawa,2021-03-01,230.08076923076925,1,337.17729288131966,194.62818756194736
Millet,Adamawa,2021-04-01,212.78076923076924,1,341.45703022460026,177.7379034252662
Millet,Adamawa,2021-05-01,225.95384615384614,1,345.73676756788086,186.40515053860892
Millet,Adamawa,2021-06-01,243.7423076923077,1,350.0165049111614,198.6214426321969
Millet,Adamawa,2021-07-01,280.13461538461536,1,354.296242254442,225.51943127337378
Millet,Adamawa,2021-08-01,260.79230769230765,1,359.8608154286513,206.70165542452438
Millet,Adamawa,2021-09-01,193.97307692307692,1,365.4253886028605,151.40020897345534
Millet,Adamawa,2021-10-01,156.8,1,370.98996177706977,120.55011718006993
Millet,Adamawa,2021-11-01,151.15384615384616,1,376.554534951279,114.491977694424
Millet,Adamawa,2021-12-01,158.46153846153845,1,382.11910812548825,118.27932837826677
Millet,Adamawa,2022-01-01,153.07692307692307,1,387.6836812996975,112.62010828221717
Millet,Adamawa,2022-02-01,153.07692307692307,1,393.24825447390674,111.02650214081892
Millet,Adamawa,2022-03-01,165.98076923076923,1,398.812827648116,118.70592358969377
Millet,Adamawa,2022-04-01,175.69230769230768,1,404.3774008223252,123.92234070263846
Millet,Adamawa,2022-05-01,179.45384615384614,1,409.9419739965345,124.85735195839221
Millet,Adamawa,2022-06-01,184.7423076923077,1,415.5065471707437,126.81546838050846
Millet,Adamawa,2022-07-01,192.58076923076922,1,421.071120344953,130.44913342446515
Millet,Adamawa,2022-08-01,228.66923076923075,1,429.7239740376429,151.77557421476794
Millet,Adamawa,2022-09-01,276.15384615384613,1,438.3768277303327,179.6748305084218
Millet,Adamawa,2022-10-01,290.95384615384614,1,447.02968142302245,185.63996582865911
Millet,Adamawa,2022-11-01,286.6653846153846,1,455.6825351157123,179.4306406073271
Millet,Adamawa,2022-12-01,271.6730769230769,1,464.3353888084022,166.8777957042015
Millet,Adamawa,2023-01-01,279.6153846153846,1,472.988242501092,168.61431977900187
Millet,Adamawa,2023-06-01,274.03846153846155,2,516.2525109645411,151.40251201743172
Millet,Adamawa,2023-07-01,319.9442307692308,2,524.905364657231,173.8509263709612
Millet,Adamawa,2023-08-01,391.3461538461538,2,539.4459689640813,206.91732484571338
Millet,Adamawa,2023-09-01,493.94615384615383,2,553.9865732709317,254.31039137297887
Millet,Adamawa,2023-10-01,362.2826923076923,2,568.5271775777819,181.75237450843196
Millet,Adamawa,2023-11-01,340.71923076923076,2,583.0677818846323,166.67149814384393
Millet,Adamawa,2023-12-01,374.1057692307692,2,597.6083861914826,178.55065988204078
Millet,Adamawa,2024-09-01,653.8461538461538,1,726.2144672315035,256.79964211959543
Millet,Adamawa,2024-10-01,961.5384615384615,2,739.6253926775378,370.79902628736284
Millet,Adamawa,2024-11-01,805.0211538461539,2,753.036318123572,304.9124148857844
Millet,Adamawa,2024-12-01,832.051923076923,2,766.4472435696063,309.6363213837763
Millet,Adamawa,2025-01-01,820.5134615384616,2,779.8581690156404,300.0915882229705
Millet,Adamawa,2025-09-01,576.9230769230769,1,860.323721691846,191.2668697891412
Millet,Adamawa,2025-10-01,384.6153846153846,3,860.323721691846,127.51124652609411
Millet,Adamawa,2025-11-01,395.8326923076923,4,860.323721691846,131.23011203102766
Millet,Borno,2016-01-01,576.9230769230769,1,171.4086989219375,959.994599388933
Millet,Borno,2016-06-01,142.69230769230768,5,181.8035760286879,223.86277212852056
Millet,Borno,2016-07-01,121.53846153846152,2,183.882551450038,188.5197914647703
Millet,Borno,2016-08-01,214.23076923076923,3,186.41128379681425,327.78825401297513
Millet,Borno,2016-11-01,125.0,8,193.997480837143,183.7797514227566
Millet,Borno,2016-12-01,150.38461538461536,8,196.52621318391925,218.25623575159773
Millet,Borno,2017-01-01,171.53846153846152,8,199.05494553069548,245.79456513821066
Millet,Borno,2017-02-01,157.3076923076923,9,201.58367787747176,222.57599966178913
Millet,Borno,2017-03-01,142.69230769230768,8,204.112410224248,199.39528648917687
Millet,Borno,2017-04-01,167.69230769230768,9,206.64114257102423,231.46220388903978
Millet,Borno,2017-05-01,160.3846153846154,8,209.16987491780048,218.69925694800224
Millet,Borno,2017-06-01,167.69230769230768,8,211.69860726457676,225.93258827566135
Millet,Borno,2017-07-01,173.26923076923077,8,214.227339611353,230.690807908761
Millet,Borno,2017-08-01,309.61538461538464,8,216.3865916876249,408.10876587697317
Millet,Borno,2017-09-01,178.46153846153845,8,218.5458437638968,232.90875727363698
Millet,Borno,2017-10-01,125.0,8,220.70509584016872,161.54048763201345
Millet,Borno,2017-11-01,124.23076923076923,8,222.86434791644064,158.99091638398127
Millet,Borno,2017-12-01,135.0,8,225.02359999271255,171.11553415077088
Millet,Borno,2018-01-01,144.03846153846155,10,227.1828520689845,180.8367377383595
Millet,Borno,2018-02-01,146.34615384615384,8,229.3421041452564,182.00413611286817
Millet,Borno,2018-03-01,178.46153846153845,8,231.5013562215283,219.87448241840627
Millet,Borno,2018-04-01,139.23076923076923,8,233.66060829780025,169.9548086022599
Millet,Borno,2018-05-01,114.23076923076923,8,235.81986037407216,138.16131579621725
Millet,Borno,2018-06-01,149.6153846153846,8,237.97911245034408,179.31687019214593
Millet,Borno,2018-07-01,110.76923076923077,8,240.138364526616,131.5652903313591
Millet,Borno,2018-08-01,130.38461538461536,8,242.41896304466323,153.40640699137066
Millet,Borno,2018-09-01,105.38461538461539,8,244.6995615627105,122.83659257221144
Millet,Borno,2018-10-01,121.53846153846153,8,246.9801600807577,140.35742888026354
Millet,Borno,2018-11-01,123.26923076923077,8,249.26075859880495,141.0537090827086
Millet,Borno,2018-12-01,149.6153846153846,8,251.54135711685225,169.64872140638334
Millet,Borno,2019-01-01,114.23076923076923,9,253.8219556348995,128.36234800360296
Millet,Borno,2019-02-01,105.38461538461539,10,256.1025541529468,117.36728064151397
Millet,Borno,2019-03-01,121.53846153846153,10,258.383152670994,134.16316000103748
Millet,Borno,2019-04-01,121.53846153846153,10,260.66375118904125,132.9893400798586
Millet,Borno,2019-05-01,107.3076923076923,9,262.9443497070885,116.39940212146273
Millet,Borno,2019-06-01,114.23076923076923,9,265.22494822513573,122.84358020688748
Millet,Borno,2019-07-01,117.11538461538461,8,267.505546743183,124.87195025715857
Millet,Borno,2019-08-01,119.23076923076923,10,270.458367359174,125.73948029197163
Millet,Borno,2019-09-01,118.84615384615384,10,273.41118797516503,123.98027254564226
Millet,Borno,2019-10-01,117.11538461538461,10,276.364008591156,120.86935450355791
Millet,Borno,2019-11-01,117.11538461538461,8,279.316829207147,119.5915742751602
Millet,Borno,2019-12-01,115.76923076923077,8,282.269649823138,116.98029179377589
Millet,Borno,2020-01-01,113.84615384615384,10,285.222470439129,113.84615384615384
Millet,Borno,2020-02-01,107.3076923076923,10,288.17529105512,106.20815193786939
Millet,Borno,2020-03-01,107.3076923076923,10,291.128111671111,105.13091615040707
Millet,Borno,2020-04-01,109.59038461538461,10,294.08093228710203,106.28924491390843
Millet,Borno,2020-05-01,116.34615384615384,10,297.03375290309305,111.71975272762145
Millet,Borno,2020-06-01,121.53846153846153,10,299.986573519084,115.55683925022655
Millet,Borno,2020-07-01,120.76923076923077,10,302.939394135075,113.70623636249302
Millet,Borno,2020-08-01,126.34615384615384,10,307.2191314783556,117.29986331603551
Millet,Borno,2020-09-01,133.26923076923077,10,311.49886882163617,122.02734275509567
Millet,Borno,2020-10-01,120.57692307692307,10,315.7786061649168,108.90936626652862
Millet,Borno,2020-11-01,143.46153846153845,10,320.05834350819737,127.84686055825352
Millet,Borno,2020-12-01,147.3076923076923,10,324.3380808514779,129.54218574761484
Millet,Borno,2021-01-01,150.0,10,328.6178181947585,130.19187699832324
Millet,Borno,2021-02-01,152.5,10,332.8975555380391,130.66009653230083
Millet,Borno,2021-03-01,185.76923076923077,10,337.17729288131966,157.1445054285628
Millet,Borno,2021-04-01,186.85192307692307,10,341.45703022460026,156.07927905671366
Millet,Borno,2021-05-01,192.5,10,345.73676756788086,158.80673017732312
Millet,Borno,2021-06-01,202.8846153846154,8,350.0165049111614,165.32720715207404
Millet,Borno,2021-07-01,211.53846153846155,8,354.296242254442,170.29681773921274
Millet,Borno,2021-08-01,223.46153846153845,8,359.8608154286513,177.11362092093427
Millet,Borno,2021-09-01,234.4230769230769,8,365.4253886028605,182.97231449511435
Millet,Borno,2021-10-01,250.0,8,370.98996177706977,192.20363070801966
Millet,Borno,2021-11-01,250.0,8,376.554534951279,189.3633218864519
Millet,Borno,2021-12-01,250.0,8,382.11910812548825,186.60573651911022
Millet,Borno,2022-01-01,285.7692307692308,8,387.6836812996975,210.2430664665512
Millet,Borno,2022-02-01,281.53846153846155,8,393.24825447390674,204.19949639969713
Millet,Borno,2022-03-01,276.7307692307692,8,398.812827648116,197.91197317294555
Millet,Borno,2022-04-01,260.04423076923075,8,404.3774008223252,183.41889970263662
Millet,Borno,2022-05-01,241.15384615384613,8,409.9419739965345,167.78593098270804
Millet,Borno,2022-06-01,207.06346153846152,2,415.5065471707437,142.13771705842325
Millet,Borno,2022-07-01,209.09423076923076,2,421.071120344953,141.6349166993736
Millet,Borno,2022-08-01,218.18846153846152,2,429.7239740376429,144.81912990933444
Millet,Borno,2022-09-01,213.11538461538458,2,438.3768277303327,138.65992142718179
Millet,Borno,2022-10-01,210.5134615384615,2,447.02968142302245,134.31584535854105
Millet,Borno,2022-11-01,214.21153846153845,2,455.6825351157123,134.0800655900753
Millet,Borno,2022-12-01,224.2173076923077,2,464.3353888084022,137.72763385389658
Millet,Borno,2023-01-01,226.73076923076923,2,472.988242501092,136.72371596935574
Millet,Borno,2023-02-01,287.88461538461536,6,481.6410961937818,170.4820494976661
Millet,Borno,2023-03-01,278.8461538461538,6,490.2939498864717,162.2153177514539
Millet,Borno,2023-04-01,306.3461538461538,6,498.9468035791615,175.12249037920233
Millet,Borno,2023-05-01,320.0,6,507.5996572718513,179.8094014307812
Millet,Borno,2023-06-01,340.96153846153845,17,516.2525109645411,188.37659916274137
Millet,Borno,2023-07-01,375.6653846153846,18,524.905364657231,204.12862255358075
Millet,Borno,2023-08-01,485.11153846153843,17,539.4459689640813,256.4941058030957
Millet,Borno,2023-09-01,506.8076923076923,17,553.9865732709317,260.9322121004892
Millet,Borno,2023-10-01,440.0615384615385,19,568.5271775777819,220.77297989518124
Millet,Borno,2023-11-01,461.53846153846155,19,583.0677818846323,225.7733050815726
Millet,Borno,2023-12-01,461.53846153846155,3,597.6083861914826,220.27994125319242
Millet,Borno,2024-01-01,562.5,14,612.148990498333,262.08920068854866
Millet,Borno,2024-02-01,576.321153846154,10,626.6895948051833,262.2985041221715
Millet,Borno,2024-03-01,711.5384615384615,9,641.2301991120337,316.4959449718602
Millet,Borno,2024-04-01,576.9230769230769,1,655.770803418884,250.92825785388587
Millet,Borno,2024-05-01,677.4192307692307,7,670.3114077257343,288.2469018072129
Millet,Borno,2024-06-01,803.5115384615384,6,684.8520120325846,334.6409764441796
Millet,Borno,2024-08-01,769.2307692307692,3,712.8035417854693,307.80136107099247
Millet,Borno,2024-09-01,846.1538461538461,11,726.2144672315035,332.3289486253588
Millet,Borno,2024-10-01,769.2307692307692,17,739.6253926775378,296.6392210298902
Millet,Borno,2024-11-01,789.2961538461539,11,753.036318123572,298.956363046437
Millet,Borno,2024-12-01,793.0423076923078,16,766.4472435696063,295.1194463291272
Millet,Borno,2025-01-01,769.2307692307692,19,779.8581690156404,281.33564416556277
Millet,Borno,2025-02-01,688.8730769230768,15,793.2690944616747,247.6865444409378
Millet,Borno,2025-03-01,586.5384615384615,11,806.680019907709,207.38576000271567
Millet,Borno,2025-04-01,557.6923076923076,15,820.0909453537432,193.96187538235304
Millet,Borno,2025-05-01,571.5807692307692,20,833.5018707997775,195.59365703530605
Millet,Borno,2025-06-01,541.0269230769231,15,846.9127962458117,182.2065226291517
Millet,Borno,2025-07-01,500.0,9,860.323721691846,165.76462048392236
Millet,Borno,2025-08-01,482.3711538461538,14,860.323721691846,159.92014249939882
Millet,Borno,2025-09-01,461.53846153846155,20,860.323721691846,153.01349583131295
Millet,Borno,2025-10-01,384.6153846153846,21,860.323721691846,127.51124652609411
Millet,Borno,2025-11-01,391.50576923076926,22,860.323721691846,129.7956105076091
Millet,Borno,2025-12-01,375.4653846153846,22,860.323721691846,124.47775397123833
Millet,Borno,2026-01-01,364.45384615384614,21,860.323721691846,120.82710698319626
Millet,Borno,2026-02-01,421.3596153846154,16,860.323721691846,139.69303346296454
Millet,Borno,2026-03-01,413.8269230769231,16,860.323721691846,137.19572569975097
Millet,Borno,2026-04-01,461.53846153846155,7,860.323721691846,153.01349583131295
Millet,Borno,2026-05-01,456.7307692307692,11,860.323721691846,151.41960524973675
Millet,Borno,2026-06-01,468.75,12,860.323721691846,155.40433170367723
Millet,Borno,2026-07-01,461.53846153846155,1,860.323721691846,153.01349583131295
Millet,Gombe,2018-01-01,115.38461538461539,1,227.1828520689845,144.8625402443467
Millet,Gombe,2019-01-01,92.3076923076923,1,253.8219556348995,103.72714990190138
Millet,Gombe,2019-02-01,92.3076923076923,1,256.1025541529468,102.80345749621662
Millet,Gombe,2019-03-01,92.3076923076923,1,258.383152670994,101.89607088686391
Millet,Gombe,2019-04-01,92.3076923076923,1,260.66375118904125,101.00456208596857
Millet,Gombe,2019-05-01,87.6923076923077,1,262.9443497070885,95.12209205624912
Millet,Gombe,2019-06-01,92.3076923076923,1,265.22494822513573,99.2675395611212
Millet,Gombe,2019-08-01,84.61538461538461,1,270.458367359174,89.23446988462503
Millet,Gombe,2019-09-01,76.92307692307692,1,273.41118797516503,80.24613109750308
Millet,Gombe,2019-10-01,83.07692307692308,1,276.364008591156,85.73983767740069
Millet,Gombe,2020-01-01,80.0,1,285.222470439129,79.99999999999999
Millet,Gombe,2020-02-01,88.46153846153845,1,288.17529105512,87.55510733229374
Millet,Gombe,2020-03-01,107.6923076923077,1,291.128111671111,105.50772946994257
Millet,Gombe,2020-04-01,110.51153846153845,1,294.08093228710203,107.18265127524984
Millet,Gombe,2020-05-01,118.85769230769229,1,297.03375290309305,114.13142210055159
Millet,Gombe,2020-06-01,141.83846153846153,1,299.986573519084,134.85775689461565
Millet,Gombe,2020-07-01,183.37307692307692,1,302.939394135075,172.6487971673433
Millet,Gombe,2020-08-01,193.55,1,307.2191314783556,179.6919641294629
Millet,Gombe,2020-09-01,222.05,1,311.49886882163617,203.3190354770545
Millet,Gombe,2020-10-01,193.05384615384614,1,315.7786061649168,174.3731014475961
Millet,Gombe,2020-11-01,153.84615384615384,1,320.05834350819737,137.10119094718877
Millet,Gombe,2020-12-01,162.78076923076924,1,324.3380808514779,143.14918870486432
Millet,Gombe,2021-01-01,174.44230769230768,1,328.6178181947585,151.40647644253718
Millet,Gombe,2021-02-01,192.3076923076923,1,332.8975555380391,164.766830431653
Millet,Gombe,2021-03-01,196.47307692307692,1,337.17729288131966,166.19902216992287
Millet,Gombe,2021-04-01,207.69230769230768,1,341.45703022460026,173.4874606395961
Millet,Gombe,2021-05-01,207.94230769230768,1,345.73676756788086,171.54617116956987
Millet,Gombe,2021-06-01,225.64230769230767,1,350.0165049111614,183.87206183868673
Millet,Gombe,2021-07-01,247.89230769230767,1,354.296242254442,199.56309994414067
Millet,Gombe,2021-08-01,260.05,1,359.8608154286513,206.11330897292822
Millet,Gombe,2021-09-01,246.15384615384613,1,365.4253886028605,192.1284352368715
Millet,Gombe,2021-10-01,225.31153846153842,1,370.98996177706977,173.2227829308692
Millet,Gombe,2021-11-01,223.07692307692307,1,376.554534951279,168.97034876021863
Millet,Gombe,2021-12-01,215.3846153846154,1,382.11910812548825,160.76801915492572
Millet,Gombe,2022-01-01,230.76923076923077,1,387.6836812996975,169.7790577118852
Millet,Gombe,2022-02-01,230.76923076923077,1,393.24825447390674,167.37663639319436
Millet,Gombe,2022-03-01,230.76923076923077,1,398.812827648116,165.0412562943257
Millet,Gombe,2022-04-01,221.07692307692307,1,404.3774008223252,155.93380349360024
Millet,Gombe,2022-05-01,230.76923076923077,1,409.9419739965345,160.5606995049838
Millet,Gombe,2022-06-01,230.76923076923077,1,415.5065471707437,158.41042830617508
Millet,Gombe,2022-07-01,260.29615384615386,1,421.071120344953,176.31774885198078
Millet,Gombe,2022-08-01,266.98846153846154,1,429.7239740376429,177.20935572487213
Millet,Gombe,2022-09-01,260.0,1,438.3768277303327,169.16460365416873
Millet,Gombe,2022-10-01,239.20769230769233,1,447.02968142302245,152.62389005324167
Millet,Gombe,2022-11-01,257.43461538461537,1,455.6825351157123,161.1344111704912
Millet,Gombe,2022-12-01,247.56923076923073,1,464.3353888084022,152.0717767946208
Millet,Gombe,2023-01-01,246.15384615384613,1,472.988242501092,148.4362650048985
Millet,Jigawa,2018-01-01,96.53846153846153,1,227.1828520689845,121.2016586711034
Millet,Jigawa,2019-01-01,79.23076923076923,1,253.8219556348995,89.03247033246535
Millet,Jigawa,2019-02-01,77.6923076923077,1,256.1025541529468,86.52624339264898
Millet,Jigawa,2019-03-01,93.46153846153845,1,258.383152670994,103.16977177294972
Millet,Jigawa,2019-04-01,89.61538461538461,1,260.66375118904125,98.0585956917945
Millet,Jigawa,2019-05-01,82.3076923076923,1,262.9443497070885,89.2812618422689
Millet,Jigawa,2019-06-01,75.76923076923077,1,265.22494822513573,81.48210538975366
Millet,Jigawa,2019-08-01,75.0,1,270.458367359174,79.09418921591765
Millet,Jigawa,2020-01-01,75.0,1,285.222470439129,75.0
Millet,Jigawa,2020-02-01,93.46153846153845,1,288.17529105512,92.50387426846689
Millet,Jigawa,2020-03-01,105.0,1,291.128111671111,102.87003623319401
Millet,Jigawa,2020-04-01,105.0,1,294.08093228710203,101.83713429904016
Millet,Jigawa,2020-06-01,145.31153846153845,1,299.986573519084,138.15990328205092
Millet,Jigawa,2020-07-01,171.37692307692308,1,302.939394135075,161.35421910318357
Millet,Jigawa,2020-08-01,189.6653846153846,1,307.2191314783556,176.08548431365782
Millet,Jigawa,2020-09-01,139.19230769230768,1,311.49886882163617,127.4507802108777
Millet,Jigawa,2020-10-01,121.44999999999999,1,315.7786061649168,109.69796040185564
Millet,Jigawa,2020-11-01,125.51153846153845,1,320.05834350819737,111.85057910449027
Millet,Jigawa,2020-12-01,147.29615384615386,1,324.3380808514779,129.53203884011504
Millet,Jigawa,2021-01-01,167.38076923076923,1,328.6178181947585,145.2774434638469
Millet,Jigawa,2021-02-01,168.46153846153845,1,332.8975555380391,144.33574345812804
Millet,Jigawa,2021-03-01,190.62307692307692,1,337.17729288131966,161.25043432816628
Millet,Jigawa,2021-04-01,202.51153846153844,1,341.45703022460026,169.15991231586392
Millet,Jigawa,2021-05-01,203.36153846153846,1,345.73676756788086,167.76717385406158
Millet,Jigawa,2021-06-01,238.69230769230768,1,350.0165049111614,194.5062839025159
Millet,Jigawa,2021-07-01,260.07307692307694,1,354.296242254442,209.3691003401423
Millet,Jigawa,2021-08-01,255.8423076923077,1,359.8608154286513,202.77832960481288
Millet,Jigawa,2021-09-01,254.8730769230769,1,365.4253886028605,198.93398465377754
Millet,Jigawa,2021-10-01,168.00384615384615,1,370.98996177706977,129.16379681472318
Millet,Jigawa,2021-11-01,194.6153846153846,1,376.554534951279,147.41206288391484
Millet,Jigawa,2021-12-01,200.0,1,382.11910812548825,149.28458921528815
Millet,Jigawa,2022-01-01,216.15384615384616,1,387.6836812996975,159.02638405679915
Millet,Jigawa,2022-02-01,216.15384615384616,1,393.24825447390674,156.77611608829204
Millet,Jigawa,2022-03-01,240.3846153846154,1,398.812827648116,171.91797530658928
Millet,Jigawa,2022-04-01,252.1923076923077,1,404.3774008223252,177.88064535621726
Millet,Jigawa,2022-05-01,216.45,1,409.9419739965345,150.59790810069956
Millet,Jigawa,2022-06-01,237.0884615384615,1,415.5065471707437,162.74823386795916
Millet,Jigawa,2022-07-01,248.08846153846153,1,421.071120344953,168.04858008184928
Millet,Jigawa,2022-08-01,256.41153846153844,1,429.7239740376429,170.1890908294805
Millet,Jigawa,2022-09-01,223.8076923076923,1,438.3768277303327,145.61669063071122
Millet,Jigawa,2022-10-01,198.47307692307692,1,447.02968142302245,126.63360771806654
Millet,Jigawa,2022-11-01,216.68076923076922,1,455.6825351157123,135.6256154977659
Millet,Jigawa,2022-12-01,228.66153846153844,1,464.3353888084022,140.4575452708457
Millet,Jigawa,2023-01-01,236.53846153846152,1,472.988242501092,142.63797340314466
Millet,Kaduna,2018-01-01,146.9230769230769,1,227.1828520689845,184.45830124446812
Millet,Kaduna,2019-01-01,96.15384615384615,1,253.8219556348995,108.04911448114727
Millet,Kaduna,2019-02-01,107.69230769230768,2,256.1025541529468,119.93736707891937
Millet,Kaduna,2019-03-01,107.3076923076923,2,258.383152670994,118.4541824059793
Millet,Kaduna,2019-04-01,107.69230769230768,2,260.66375118904125,117.83865576696333
Millet,Kaduna,2019-05-01,95.38461538461539,1,262.9443497070885,103.466135219078
Millet,Kaduna,2019-06-01,88.84615384615384,1,265.22494822513573,95.54500682757914
Millet,Kaduna,2019-08-01,88.84615384615384,2,270.458367359174,93.69619337885628
Millet,Kaduna,2019-09-01,86.92307692307692,2,273.41118797516503,90.67812814017849
Millet,Kaduna,2019-10-01,87.11538461538461,2,276.364008591156,89.90774645338544
Millet,Kaduna,2020-01-01,114.23076923076923,2,285.222470439129,114.23076923076923
Millet,Kaduna,2020-02-01,114.03846153846153,2,288.17529105512,112.86995358271781
Millet,Kaduna,2020-03-01,111.15384615384615,1,291.128111671111,108.89904934576215
Millet,Kaduna,2020-04-01,132.73076923076923,2,294.08093228710203,128.73258258827383
Millet,Kaduna,2020-05-01,133.9826923076923,2,297.03375290309305,128.65498995514238
Millet,Kaduna,2020-06-01,137.4596153846154,2,299.986573519084,130.6944195058061
Millet,Kaduna,2020-07-01,179.42884615384617,2,302.939394135075,168.93523839696954
Millet,Kaduna,2020-08-01,217.24615384615385,2,307.2191314783556,201.69149100587367
Millet,Kaduna,2020-09-01,207.57115384615383,2,311.49886882163617,190.06154826777433
Millet,Kaduna,2020-10-01,184.23846153846154,2,315.7786061649168,166.41073246887575
Millet,Kaduna,2020-11-01,157.5,2,320.05834350819737,140.35734423218452
Millet,Kaduna,2020-12-01,177.41923076923075,2,324.3380808514779,156.0222320196273
Millet,Kaduna,2021-01-01,202.41346153846155,2,328.6178181947585,175.68392324946814
Millet,Kaduna,2021-02-01,204.51923076923077,2,332.8975555380391,175.22952416406298
Millet,Kaduna,2021-03-01,197.29230769230767,2,337.17729288131966,166.89201967833455
Millet,Kaduna,2021-04-01,208.27499999999998,2,341.45703022460026,173.97418934861273
Millet,Kaduna,2021-05-01,231.97692307692307,2,345.73676756788086,191.37400846983147
Millet,Kaduna,2021-06-01,230.28269230769232,2,350.0165049111614,187.65343198899913
Millet,Kaduna,2021-07-01,247.42692307692306,2,354.296242254442,199.18844694511444
Millet,Kaduna,2021-08-01,229.96346153846153,2,359.8608154286513,182.2669871200193
Millet,Kaduna,2021-09-01,229.725,2,365.4253886028605,179.3053631882106
Millet,Kaduna,2021-10-01,197.72884615384615,2,370.98996177706977,152.01680850590674
Millet,Kaduna,2021-11-01,201.73076923076923,2,376.554534951279,152.80163435299082
Millet,Kaduna,2021-12-01,229.4230769230769,2,382.11910812548825,171.246648974845
Millet,Kaduna,2022-01-01,232.11538461538458,2,387.6836812996975,170.76943554853784
Millet,Kaduna,2022-02-01,232.11538461538458,2,393.24825447390674,168.35300010548798
Millet,Kaduna,2022-03-01,235.0423076923077,2,398.812827648116,168.09727022337563
Millet,Kaduna,2022-04-01,241.9230769230769,2,404.3774008223252,170.6373736908047
Millet,Kaduna,2022-05-01,213.22499999999997,2,409.9419739965345,148.3540723251174
Millet,Kaduna,2022-06-01,218.02499999999998,2,415.5065471707437,149.66221240296656
Millet,Kaduna,2022-07-01,251.9173076923077,2,421.071120344953,170.64213947399358
Millet,Kaduna,2022-08-01,264.05384615384617,2,429.7239740376429,175.26155131935073
Millet,Kaduna,2022-09-01,241.10384615384612,2,438.3768277303327,156.8701406696579
Millet,Kaduna,2022-10-01,206.42692307692306,2,447.02968142302245,131.7084735351888
Millet,Kaduna,2022-11-01,252.31923076923073,2,455.6825351157123,157.93257101904493
Millet,Kaduna,2022-12-01,227.2826923076923,2,464.3353888084022,139.61057578319858
Millet,Kaduna,2023-01-01,219.8076923076923,2,472.988242501092,132.54894601609297
Millet,Kano,2018-01-01,130.76923076923077,1,227.1828520689845,164.1775456102596
Millet,Kano,2019-02-01,88.84615384615384,1,256.1025541529468,98.94832784010849
Millet,Kano,2019-03-01,88.84615384615384,1,258.383152670994,98.07496822860651
Millet,Kano,2019-04-01,89.23076923076923,1,260.66375118904125,97.63774334976962
Millet,Kano,2019-08-01,84.23076923076923,1,270.458367359174,88.82885865787674
Millet,Kano,2019-09-01,85.0,1,273.41118797516503,88.67197486274091
Millet,Kano,2019-10-01,88.84615384615384,1,276.364008591156,91.69399307166461
Millet,Kano,2020-01-01,91.92307692307692,1,285.222470439129,91.92307692307692
Millet,Kano,2020-02-01,94.23076923076923,1,288.17529105512,93.26522302787814
Millet,Kano,2020-03-01,113.07692307692307,1,291.128111671111,110.7831159434397
Millet,Kano,2020-04-01,122.65384615384615,1,294.08093228710203,118.95920193393371
Millet,Kano,2020-05-01,131.08076923076922,1,297.03375290309305,125.8684592631427
Millet,Kano,2020-06-01,154.93461538461537,1,299.986573519084,147.30937201002772
Millet,Kano,2020-07-01,174.62692307692305,1,302.939394135075,164.4141480753589
Millet,Kano,2020-08-01,173.58461538461538,1,307.2191314783556,161.15608618506286
Millet,Kano,2020-09-01,157.51153846153844,1,311.49886882163617,144.2246974848321
Millet,Kano,2020-10-01,143.48461538461538,1,315.7786061649168,129.60040886568154
Millet,Kano,2020-11-01,134.34615384615384,1,320.05834350819737,119.72361499463258
Millet,Kano,2020-12-01,147.4576923076923,1,324.3380808514779,129.6740955451124
Millet,Kano,2021-01-01,175.76923076923077,1,328.6178181947585,152.55817381598388
Millet,Kano,2021-02-01,186.53846153846152,1,332.8975555380391,159.82382551870342
Millet,Kano,2021-03-01,191.8576923076923,1,337.17729288131966,162.2948108549275
Millet,Kano,2021-04-01,194.14230769230767,1,341.45703022460026,162.1690101982387
Millet,Kano,2021-05-01,199.51538461538462,1,345.73676756788086,164.594212212157
Millet,Kano,2021-06-01,228.03846153846152,1,350.0165049111614,185.82464667386668
Millet,Kano,2021-07-01,248.9076923076923,1,354.296242254442,200.3805246692889
Millet,Kano,2021-08-01,233.82307692307694,1,359.8608154286513,185.32608382559863
Millet,Kano,2021-09-01,211.3576923076923,1,365.4253886028605,164.9692797120594
Millet,Kano,2021-10-01,183.05384615384614,1,370.98996177706977,140.73445538334596
Millet,Kano,2021-11-01,211.15384615384616,1,376.554534951279,159.93917494717246
Millet,Kano,2021-12-01,204.6153846153846,1,382.11910812548825,152.72961819717943
Millet,Kano,2022-01-01,236.9230769230769,1,387.6836812996975,174.3064992508688
Millet,Kano,2022-02-01,236.9230769230769,1,393.24825447390674,171.84001336367953
Millet,Kano,2022-03-01,229.40384615384616,1,398.812827648116,164.0647621945843
Millet,Kano,2022-04-01,240.89615384615385,1,404.3774008223252,169.91304652426348
Millet,Kano,2022-05-01,242.70384615384614,1,409.9419739965345,168.86436368104987
Millet,Kano,2022-06-01,255.93461538461537,1,415.5065471707437,175.68508551296347
Millet,Kano,2022-07-01,266.5269230769231,1,421.071120344953,180.53830758153745
Millet,Kano,2022-08-01,241.87692307692308,1,429.7239740376429,160.5419704514133
Millet,Kano,2022-09-01,216.08846153846156,1,438.3768277303327,140.59430365535744
Millet,Kano,2022-10-01,223.55,1,447.02968142302245,142.63366822466102
Millet,Kano,2022-11-01,240.74230769230766,1,455.6825351157123,150.6863012026139
Millet,Kano,2022-12-01,242.26923076923075,1,464.3353888084022,148.81620091183765
Millet,Kano,2023-01-01,250.0,1,472.988242501092,150.75558164560005
Millet,Katsina,2018-01-01,127.6923076923077,1,227.1828520689845,160.314544537077
Millet,Katsina,2019-01-01,103.07692307692308,1,253.8219556348995,115.82865072378989
Millet,Katsina,2019-02-01,126.34615384615384,2,256.1025541529468,140.7122324479465
Millet,Katsina,2019-03-01,128.46153846153845,2,258.383152670994,141.80536531755226
Millet,Katsina,2019-04-01,138.07692307692307,2,260.66375118904125,151.085990786928
Millet,Katsina,2019-05-01,109.23076923076923,1,262.9443497070885,118.48541291216993
Millet,Katsina,2019-06-01,106.92307692307692,1,265.22494822513573,114.98489999163205
Millet,Katsina,2019-08-01,106.92307692307692,1,270.458367359174,112.75992103602618
Millet,Katsina,2019-09-01,104.61538461538461,1,273.41118797516503,109.1347382926042
Millet,Katsina,2019-10-01,103.84615384615384,1,276.364008591156,107.17479709675086
Millet,Katsina,2020-01-01,106.92307692307692,1,285.222470439129,106.92307692307693
Millet,Katsina,2020-02-01,101.15384615384615,1,288.17529105512,100.11736186257937
Millet,Katsina,2020-03-01,122.6923076923077,1,291.128111671111,120.20344893182745
Millet,Katsina,2020-04-01,131.2576923076923,1,294.08093228710203,127.30387846971954
Millet,Katsina,2020-05-01,133.59615384615384,1,297.03375290309305,128.28382185103905
Millet,Katsina,2020-06-01,151.31923076923076,1,299.986573519084,143.87192172853366
Millet,Katsina,2020-07-01,177.3076923076923,1,302.939394135075,166.93813682518876
Millet,Katsina,2020-08-01,184.19230769230768,1,307.2191314783556,171.00427562267703
Millet,Katsina,2020-09-01,190.1153846153846,1,311.49886882163617,174.07825548006866
Millet,Katsina,2020-10-01,177.3076923076923,1,315.7786061649168,160.15061514790972
Millet,Katsina,2020-11-01,157.3076923076923,1,320.05834350819737,140.1859677435005
Millet,Katsina,2020-12-01,136.43846153846152,1,324.3380808514779,119.98379888279084
Millet,Katsina,2021-01-01,173.43846153846152,1,328.6178181947585,150.53519234262532
Millet,Katsina,2021-02-01,191.53846153846152,1,332.8975555380391,164.1077631099264
Millet,Katsina,2021-03-01,191.53846153846152,1,337.17729288131966,162.02476957230698
Millet,Katsina,2021-04-01,222.20384615384614,1,341.45703022460026,185.60909376909973
Millet,Katsina,2021-05-01,226.48846153846154,1,345.73676756788086,186.84619220683368
Millet,Katsina,2021-06-01,226.9230769230769,1,350.0165049111614,184.91573880516333
Millet,Katsina,2021-07-01,234.1346153846154,1,354.296242254442,188.48761417953773
Millet,Katsina,2021-08-01,255.64615384615382,1,359.8608154286513,202.62285981708533
Millet,Katsina,2021-09-01,255.45,1,365.4253886028605,199.38428567386399
Millet,Katsina,2021-10-01,227.63076923076923,1,370.98996177706977,175.00584122805287
Millet,Katsina,2021-11-01,231.9230769230769,1,376.554534951279,175.67089707312383
Millet,Katsina,2021-12-01,209.6153846153846,1,382.11910812548825,156.46173292756166
Millet,Katsina,2022-01-01,211.53846153846152,1,387.6836812996975,155.6308029025614
Millet,Katsina,2022-02-01,211.53846153846152,1,393.24825447390674,153.42858336042815
Millet,Katsina,2022-03-01,222.96538461538464,1,398.812827648116,159.46011114397263
Millet,Katsina,2022-04-01,252.46153846153845,1,404.3774008223252,178.07054386429925
Millet,Katsina,2022-05-01,255.76923076923077,1,409.9419739965345,177.95477528469038
Millet,Katsina,2022-06-01,218.91153846153844,1,415.5065471707437,150.2707724650428
Millet,Katsina,2022-07-01,242.63076923076923,1,421.071120344953,164.35168326873762
Millet,Katsina,2022-08-01,216.02692307692305,1,429.7239740376429,143.38444304707625
Millet,Katsina,2022-09-01,212.92307692307693,1,438.3768277303327,138.53479967891687
Millet,Katsina,2022-10-01,216.01923076923075,1,447.02968142302245,137.8287420786622
Millet,Katsina,2022-11-01,225.11538461538458,1,455.6825351157123,140.90504064973706
Millet,Katsina,2022-12-01,255.76923076923077,1,464.3353888084022,157.1087055189269
Millet,Katsina,2023-01-01,255.76923076923077,1,472.988242501092,154.23455660665238
Millet,Kebbi,2018-01-01,128.07692307692307,1,227.1828520689845,160.79741967122482
Millet,Kebbi,2019-01-01,95.0,1,253.8219556348995,106.7525251073735
Millet,Kebbi,2019-02-01,97.6923076923077,1,256.1025541529468,108.8003258501626
Millet,Kebbi,2019-03-01,103.46153846153845,1,258.383152670994,114.20851278569329
Millet,Kebbi,2019-04-01,106.92307692307692,1,260.66375118904125,116.9969510829136
Millet,Kebbi,2019-05-01,109.23076923076923,1,262.9443497070885,118.48541291216993
Millet,Kebbi,2019-06-01,95.38461538461539,1,265.22494822513573,102.57645754649191
Millet,Kebbi,2019-08-01,86.53846153846153,1,270.458367359174,91.26252601836651
Millet,Kebbi,2019-09-01,72.6923076923077,1,273.41118797516503,75.83259388714042
Millet,Kebbi,2019-10-01,72.6923076923077,1,276.364008591156,75.02235796772561
Millet,Kebbi,2020-01-01,102.3076923076923,1,285.222470439129,102.3076923076923
Millet,Kebbi,2020-02-01,99.23076923076923,1,288.17529105512,98.21398996405125
Millet,Kebbi,2020-03-01,112.6923076923077,1,291.128111671111,110.4063026239042
Millet,Kebbi,2020-04-01,117.15384615384616,1,294.08093228710203,113.62487585160305
Millet,Kebbi,2020-05-01,124.35384615384615,1,297.03375290309305,119.40902628725478
Millet,Kebbi,2020-06-01,168.2423076923077,1,299.986573519084,159.9621145355272
Millet,Kebbi,2020-07-01,188.12692307692308,1,302.939394135075,177.124622267472
Millet,Kebbi,2020-08-01,197.9269230769231,1,307.2191314783556,183.75550277340955
Millet,Kebbi,2020-09-01,184.73076923076923,1,311.49886882163617,169.1478577929941
Millet,Kebbi,2020-10-01,141.1923076923077,1,315.7786061649168,127.52991501257628
Millet,Kebbi,2020-11-01,142.15384615384616,1,320.05834350819737,126.68150043520244
Millet,Kebbi,2020-12-01,159.8884615384615,1,324.3380808514779,140.60569722491113
Millet,Kebbi,2021-01-01,173.64615384615385,1,328.6178181947585,150.71545801846918
Millet,Kebbi,2021-02-01,192.01923076923077,1,332.8975555380391,164.51968018600553
Millet,Kebbi,2021-03-01,198.91153846153844,1,337.17729288131966,168.26174714801206
Millet,Kebbi,2021-04-01,205.7576923076923,1,341.45703022460026,171.8714570710458
Millet,Kebbi,2021-05-01,216.1153846153846,1,345.73676756788086,178.28871465861707
Millet,Kebbi,2021-06-01,236.9230769230769,1,350.0165049111614,193.06456797284852
Millet,Kebbi,2021-07-01,262.19615384615383,1,354.296242254442,211.07826112908856
Millet,Kebbi,2021-08-01,266.2653846153846,1,359.8608154286513,211.03956734484265
Millet,Kebbi,2021-09-01,178.83461538461538,1,365.4253886028605,139.58431020638773
Millet,Kebbi,2021-10-01,170.66923076923078,1,370.98996177706977,131.21298321596407
Millet,Kebbi,2021-11-01,193.84615384615384,1,376.554534951279,146.82940650887963
Millet,Kebbi,2021-12-01,208.84615384615384,1,382.11910812548825,155.88756143057975
Millet,Kebbi,2022-01-01,258.46153846153845,1,387.6836812996975,190.15254463731142
Millet,Kebbi,2022-02-01,258.46153846153845,1,393.24825447390674,187.4618327603777
Millet,Kebbi,2022-03-01,251.47692307692307,1,398.812827648116,179.8509583591365
Millet,Kebbi,2022-04-01,255.45,1,404.3774008223252,180.17841730400917
Millet,Kebbi,2022-05-01,254.7153846153846,1,409.9419739965345,177.22154809028427
Millet,Kebbi,2022-06-01,240.1423076923077,1,415.5065471707437,164.84453186921093
Millet,Kebbi,2022-07-01,252.75384615384613,1,421.071120344953,171.20878856268402
Millet,Kebbi,2022-08-01,249.32692307692307,1,429.7239740376429,165.4867897613673
Millet,Kebbi,2022-09-01,209.2807692307692,1,438.3768277303327,136.16499376677933
Millet,Kebbi,2022-10-01,196.27692307692305,1,447.02968142302245,125.23237542523441
Millet,Kebbi,2022-11-01,239.6423076923077,1,455.6825351157123,149.99778520012248
Millet,Kebbi,2022-12-01,256.00384615384615,1,464.3353888084022,157.25282027135782
Millet,Kebbi,2023-01-01,256.9230769230769,1,472.988242501092,154.9303515988628
Millet,Lagos,2018-01-01,213.84615384615384,1,227.1828520689845,268.4785745861892
Millet,Lagos,2019-02-01,180.76923076923077,1,256.1025541529468,201.32343759675754
Millet,Lagos,2019-03-01,166.15384615384616,1,258.383152670994,183.41292759635505
Millet,Lagos,2019-04-01,161.9230769230769,1,260.66375118904125,177.17883599246986
Millet,Lagos,2019-08-01,160.76923076923077,1,270.458367359174,169.54549278078755
Millet,Lagos,2019-09-01,147.3076923076923,1,273.41118797516503,153.67134105171837
Millet,Lagos,2019-10-01,146.9230769230769,1,276.364008591156,151.6324907072549
Millet,Lagos,2020-01-01,156.53846153846155,1,285.222470439129,156.53846153846155
Millet,Lagos,2020-02-01,162.69230769230768,1,288.17529105512,161.02526261547936
Millet,Lagos,2020-03-01,178.84615384615384,1,291.128111671111,175.2181935840118
Millet,Lagos,2020-04-01,192.70384615384614,1,294.08093228710203,186.8991186734362
Millet,Lagos,2020-05-01,207.46923076923073,1,297.03375290309305,199.21940170688782
Millet,Lagos,2020-06-01,219.95,1,299.986573519084,209.12496728489575
Millet,Lagos,2020-07-01,243.69615384615383,1,302.939394135075,229.443975865093
Millet,Lagos,2020-08-01,269.88846153846157,1,307.2191314783556,250.56464866817439
Millet,Lagos,2020-09-01,296.12692307692305,1,311.49886882163617,271.1472208006661
Millet,Lagos,2020-10-01,278.5576923076923,1,315.7786061649168,251.6032169650187
Millet,Lagos,2020-11-01,275.0,1,320.05834350819737,245.06837881809992
Millet,Lagos,2020-12-01,260.6461538461538,1,324.3380808514779,229.2118758157797
Millet,Lagos,2021-01-01,273.32692307692304,1,328.6178181947585,237.23296766373946
Millet,Lagos,2021-02-01,272.5,1,332.8975555380391,233.4745987216523
Millet,Lagos,2021-03-01,265.8807692307692,1,337.17729288131966,224.9118533285946
Millet,Lagos,2021-04-01,272.58846153846156,1,341.45703022460026,227.69586662796473
Millet,Lagos,2021-05-01,278.5230769230769,1,345.73676756788086,229.77319026016042
Millet,Lagos,2021-06-01,281.5,1,350.0165049111614,229.3895410703374
Millet,Lagos,2021-07-01,313.23846153846154,1,354.296242254442,252.16933509667206
Millet,Lagos,2021-08-01,343.3,1,359.8608154286513,272.0965159408047
Millet,Lagos,2021-09-01,322.65384615384613,1,365.4253886028605,251.83835050033048
Millet,Lagos,2021-10-01,287.2846153846154,1,370.98996177706977,220.86858449392034
Millet,Lagos,2021-11-01,300.0,1,376.554534951279,227.23598626374226
Millet,Lagos,2021-12-01,313.8461538461538,1,382.11910812548825,234.261970768606
Millet,Lagos,2022-01-01,330.38461538461536,1,387.6836812996975,243.0670176241823
Millet,Lagos,2022-02-01,330.38461538461536,1,393.24825447390674,239.62755110292326
Millet,Lagos,2022-03-01,324.87692307692305,1,398.812827648116,232.3450806111517
Millet,Lagos,2022-04-01,331.93461538461537,1,404.3774008223252,234.125870614269
Millet,Lagos,2022-05-01,327.7307692307692,1,409.9419739965345,228.02295341366116
Millet,Lagos,2022-06-01,321.5269230769231,1,415.5065471707437,220.71060958518865
Millet,Lagos,2022-07-01,329.7269230769231,1,421.071120344953,223.34832057170766
Millet,Lagos,2022-08-01,332.3076923076923,1,429.7239740376429,220.5639588952123
Millet,Lagos,2022-09-01,297.87307692307695,1,438.3768277303327,193.80608075746164
Millet,Lagos,2022-10-01,302.58076923076925,1,447.02968142302245,193.05839879053568
Millet,Lagos,2022-11-01,324.2307692307692,1,455.6825351157123,202.94370283227124
Millet,Lagos,2022-12-01,315.03846153846155,1,464.3353888084022,193.51539953466622
Millet,Lagos,2023-01-01,310.38461538461536,1,472.988242501092,187.1688529046142
Millet,Oyo,2014-05-01,78.07692307692308,1,143.98930281471485,154.65935627830578
Millet,Oyo,2017-09-01,226.15384615384613,1,218.5458437638968,295.151614820902
Millet,Oyo,2018-01-01,169.23076923076923,1,227.1828520689845,212.4650590250418
Millet,Oyo,2019-02-01,124.61538461538461,1,256.1025541529468,138.78466761989242
Millet,Oyo,2019-03-01,132.3076923076923,1,258.383152670994,146.05103493783827
Millet,Oyo,2019-04-01,135.3846153846154,1,260.66375118904125,148.14002439275393
Millet,Oyo,2019-08-01,123.07692307692307,1,270.458367359174,129.79559255945458
Millet,Oyo,2019-09-01,123.07692307692307,1,273.41118797516503,128.3938097560049
Millet,Oyo,2019-10-01,123.07692307692307,1,276.364008591156,127.02198174429732
Millet,Oyo,2020-01-01,129.6153846153846,1,285.222470439129,129.6153846153846
Millet,Oyo,2020-02-01,129.6153846153846,1,288.17529105512,128.28726596079562
Millet,Oyo,2020-03-01,156.53846153846155,1,291.128111671111,153.36302105095226
Millet,Oyo,2020-04-01,156.53846153846155,1,294.08093228710203,151.8231269586423
Millet,Oyo,2020-05-01,156.53846153846155,1,297.03375290309305,150.31384912443616
Millet,Oyo,2020-06-01,194.41538461538462,1,299.986573519084,184.84706045634343
Millet,Oyo,2020-07-01,219.23076923076923,1,302.939394135075,206.40940995739174
Millet,Oyo,2020-08-01,219.23076923076923,1,307.2191314783556,203.5340094068196
Millet,Oyo,2020-09-01,236.88461538461536,1,311.49886882163617,216.90228110494493
Millet,Oyo,2020-10-01,224.25384615384613,1,315.7786061649168,202.5540513408682
Millet,Oyo,2020-11-01,220.3846153846154,1,320.05834350819737,196.39745603184792
Millet,Oyo,2020-12-01,198.6846153846154,1,324.3380808514779,174.72298254178298
Millet,Oyo,2021-01-01,217.3307692307692,1,328.6178181947585,188.6313385042885
Millet,Oyo,2021-02-01,251.9230769230769,1,332.8975555380391,215.84454786546542
Millet,Oyo,2021-03-01,251.15384615384613,1,337.17729288131966,212.45416572433024
Millet,Oyo,2021-04-01,251.15384615384613,1,341.45703022460026,209.79131814380784
Millet,Oyo,2021-05-01,251.15384615384613,1,345.73676756788086,207.19439521636758
Millet,Oyo,2021-06-01,254.30769230769232,1,350.0165049111614,207.23099406436273
Millet,Oyo,2021-07-01,310.01153846153846,1,354.296242254442,249.5715345497048
Millet,Oyo,2021-08-01,296.7730769230769,1,359.8608154286513,235.21969197728416
Millet,Oyo,2021-09-01,282.3076923076923,1,365.4253886028605,220.34729916228702
Millet,Oyo,2021-10-01,282.3076923076923,1,370.98996177706977,217.04225375336375
Millet,Oyo,2021-11-01,281.9230769230769,1,376.554534951279,213.5435614504142
Millet,Oyo,2021-12-01,263.0769230769231,1,382.11910812548825,196.36665196780214
Millet,Oyo,2022-01-01,252.69230769230768,1,387.6836812996975,185.90806819451427
Millet,Oyo,2022-02-01,252.69230769230768,1,393.24825447390674,183.2774168505478
Millet,Oyo,2022-03-01,271.2269230769231,1,398.812827648116,193.97573921032588
Millet,Oyo,2022-04-01,284.6153846153846,1,404.3774008223252,200.7498514009467
Millet,Oyo,2022-05-01,284.6153846153846,1,409.9419739965345,198.0248627228133
Millet,Oyo,2022-06-01,284.6153846153846,1,415.5065471707437,195.37286157761594
Millet,Oyo,2022-07-01,284.6153846153846,1,421.071120344953,192.79095431308383
Millet,Oyo,2022-08-01,298.7346153846154,1,429.7239740376429,198.2803617054402
Millet,Oyo,2022-09-01,317.6923076923077,1,438.3768277303327,206.70112813364403
Millet,Oyo,2022-10-01,317.6923076923077,1,447.02968142302245,202.70015304366598
Millet,Oyo,2022-11-01,317.6923076923077,1,455.6825351157123,198.85112519508428
Millet,Oyo,2022-12-01,322.38076923076926,1,464.3353888084022,198.0254825246757
Millet,Oyo,2023-01-01,323.07692307692304,1,472.988242501092,194.82259781892927
Millet,Sokoto,2019-02-01,141.15384615384616,1,256.1025541529468,157.20362042129793
Millet,Sokoto,2019-03-01,146.9230769230769,1,258.383152670994,162.18457949492506
Millet,Sokoto,2019-04-01,148.84615384615384,1,260.66375118904125,162.8698563636243
Millet,Yobe,2016-12-01,123.46153846153845,9,196.52621318391925,179.18222935105595
Millet,Yobe,2017-02-01,142.69230769230768,7,201.58367787747176,201.89656693037597
Millet,Yobe,2017-03-01,142.69230769230768,9,204.112410224248,199.39528648917687
Millet,Yobe,2017-04-01,142.69230769230768,9,206.64114257102423,196.95522395145355
Millet,Yobe,2017-05-01,142.69230769230768,9,209.16987491780048,194.57415905925376
Millet,Yobe,2017-06-01,142.69230769230768,9,211.69860726457676,192.24997763823475
Millet,Yobe,2017-07-01,285.7692307692308,9,214.227339611353,380.4734079383117
Millet,Yobe,2017-08-01,285.7692307692308,9,216.3865916876249,376.6767863932808
Millet,Yobe,2017-09-01,250.0,11,218.5458437638968,326.27304359453456
Millet,Yobe,2017-10-01,214.23076923076923,11,220.70509584016872,276.85554341855845
Millet,Yobe,2017-11-01,214.23076923076923,11,222.86434791644064,274.1731901729956
Millet,Yobe,2017-12-01,207.3076923076923,11,225.02359999271255,262.7671592799587
Millet,Yobe,2018-01-01,196.53846153846152,12,227.1828520689845,246.74919354953718
Millet,Yobe,2018-02-01,196.53846153846152,11,229.3421041452564,244.4260540175444
Millet,Yobe,2018-03-01,200.0,11,231.5013562215283,246.4110578826967
Millet,Yobe,2018-04-01,178.46153846153845,11,233.66060829780025,217.8426276006867
Millet,Yobe,2018-05-01,178.46153846153845,11,235.81986037407216,215.8479815806222
Millet,Yobe,2018-06-01,107.3076923076923,11,237.97911245034408,128.61030021493244
Millet,Yobe,2018-07-01,121.53846153846153,11,240.138364526616,144.3563602246857
Millet,Yobe,2018-08-01,117.6923076923077,11,242.41896304466323,138.4730399391134
Millet,Yobe,2018-09-01,107.3076923076923,11,244.6995615627105,125.07813623228829
Millet,Yobe,2018-10-01,98.07692307692308,11,246.9801600807577,113.26311507742787
Millet,Yobe,2018-11-01,89.23076923076923,11,249.26075859880495,102.10440095846614
Millet,Yobe,2018-12-01,89.23076923076923,11,251.54135711685225,101.17867189275304
Millet,Yobe,2019-01-01,89.23076923076923,11,253.8219556348995,100.26957823850468
Millet,Yobe,2019-02-01,90.19230769230768,12,256.1025541529468,100.44754492859497
Millet,Yobe,2019-03-01,89.23076923076923,11,258.383152670994,98.4995351906351
Millet,Yobe,2019-04-01,91.15384615384615,9,260.66375118904125,99.74200505989396
Millet,Yobe,2019-05-01,85.76923076923076,11,262.9443497070885,93.0360812655419
Millet,Yobe,2019-06-01,85.76923076923076,10,265.22494822513573,92.23608884220845
Millet,Yobe,2019-07-01,85.76923076923076,9,267.505546743183,91.44973696993878
Millet,Yobe,2019-08-01,78.46153846153845,11,270.458367359174,82.74469025665229
Millet,Yobe,2019-09-01,78.46153846153845,9,273.41118797516503,81.85105371945313
Millet,Yobe,2019-10-01,82.3076923076923,11,276.364008591156,84.94595029149883
Millet,Yobe,2019-11-01,78.46153846153845,9,279.316829207147,80.12046355380191
Millet,Yobe,2019-12-01,85.76923076923076,9,282.269649823138,86.66646202661799
Millet,Yobe,2020-01-01,78.46153846153845,11,285.222470439129,78.46153846153845
Millet,Yobe,2020-02-01,85.76923076923076,11,288.17529105512,84.89038667435437
Millet,Yobe,2020-03-01,96.34615384615384,2,291.128111671111,94.39173654364505
Millet,Yobe,2020-04-01,97.6403846153846,2,294.08093228710203,94.69920915320816
Millet,Yobe,2020-05-01,111.15384615384615,11,297.03375290309305,106.73391252324826
Millet,Yobe,2020-06-01,128.46153846153845,11,299.986573519084,122.13919085308756
Millet,Yobe,2020-07-01,178.46153846153845,8,302.939394135075,168.02450214075398
Millet,Yobe,2020-08-01,178.46153846153845,12,307.2191314783556,165.68382520134088
Millet,Yobe,2020-09-01,160.76923076923077,12,311.49886882163617,147.20758808551224
Millet,Yobe,2020-10-01,83.94615384615383,11,315.7786061649168,75.82315241254396
Millet,Yobe,2020-11-01,142.69230769230768,12,320.05834350819737,127.16135460351758
Millet,Yobe,2020-12-01,142.69230769230768,12,324.3380808514779,125.48342274768957
Millet,Yobe,2021-01-01,145.925,12,328.6178181947585,126.65499767320213
Millet,Yobe,2021-02-01,146.41923076923075,12,332.8975555380391,125.45016935405195
Millet,Yobe,2021-03-01,183.07692307692307,12,337.17729288131966,154.86704882814885
Millet,Yobe,2021-04-01,173.12884615384615,2,341.45703022460026,144.61625573148999
Millet,Yobe,2021-05-01,178.46153846153845,12,345.73676756788086,147.22542018437144
Millet,Yobe,2021-06-01,214.23076923076923,12,350.0165049111614,174.57299409233218
Millet,Yobe,2021-07-01,214.23076923076923,12,354.296242254442,172.46423178316635
Millet,Yobe,2021-08-01,214.23076923076923,12,359.8608154286513,169.79739561611083
Millet,Yobe,2021-09-01,181.09230769230768,12,365.4253886028605,141.34648819832591
Millet,Yobe,2021-10-01,170.76923076923077,12,370.98996177706977,131.28986466824728
Millet,Yobe,2021-11-01,178.46153846153845,12,376.554534951279,135.1762790081749
Millet,Yobe,2021-12-01,178.46153846153845,12,382.11910812548825,133.2077872997956
Millet,Yobe,2022-01-01,180.57692307692307,12,387.6836812996975,132.85211265955016
Millet,Yobe,2022-02-01,196.53846153846152,12,393.24825447390674,142.5491019948705
Millet,Yobe,2022-03-01,212.1153846153846,12,398.812827648116,151.70042141053437
Millet,Yobe,2022-04-01,214.23076923076923,12,404.3774008223252,151.10495571665854
Millet,Yobe,2022-05-01,214.23076923076923,12,409.9419739965345,149.0538493737933
Millet,Yobe,2022-06-01,200.57115384615383,2,415.5065471707437,137.68110367540953
Millet,Yobe,2022-07-01,204.7326923076923,2,421.071120344953,138.6805255886839
Millet,Yobe,2022-08-01,195.96153846153845,2,429.7239740376429,130.06636233461882
Millet,Yobe,2022-09-01,206.57115384615383,2,438.3768277303327,134.40202833372663
Millet,Yobe,2022-10-01,201.01730769230767,2,447.02968142302245,128.256926740323
Millet,Yobe,2022-11-01,213.55192307692306,2,455.6825351157123,133.66719672844144
Millet,Yobe,2022-12-01,211.15384615384613,2,464.3353888084022,129.7032771878058
Millet,Yobe,2023-01-01,211.15384615384613,2,472.988242501092,127.3304835745145
Millet,Yobe,2023-02-01,173.65384615384613,10,481.6410961937818,102.8358655286523
Millet,Yobe,2023-03-01,197.5,10,490.2939498864717,114.89319402120219
Millet,Yobe,2023-04-01,240.0,10,498.9468035791615,137.19577400705873
Millet,Yobe,2023-05-01,253.07692307692307,10,507.5996572718513,142.20503142001687
Millet,Yobe,2023-06-01,303.8461538461538,10,516.2525109645411,167.8708554298541
Millet,Yobe,2023-07-01,461.53846153846155,5,524.905364657231,250.7902358525866
Millet,Yobe,2023-08-01,461.53846153846155,5,539.4459689640813,244.03026026030082
Millet,Yobe,2023-09-01,346.15384615384613,8,553.9865732709317,178.21885929304113
Millet,Yobe,2023-10-01,346.15384615384613,10,568.5271775777819,173.66074841426294
Millet,Yobe,2023-12-01,384.6153846153846,3,597.6083861914826,183.56661771099365
Millet,Yobe,2024-01-01,455.92884615384617,10,612.148990498333,212.433825527669
Millet,Yobe,2024-02-01,515.9634615384615,10,626.6895948051833,234.8281739097215
Millet,Yobe,2024-03-01,572.7596153846152,10,641.2301991120337,254.76640478565932
Millet,Yobe,2024-04-01,576.9230769230769,10,655.770803418884,250.92825785388587
Millet,Yobe,2024-05-01,641.4403846153846,10,670.3114077257343,272.9376361953286
Millet,Yobe,2024-06-01,791.9076923076923,10,684.8520120325846,329.8082861571602
Millet,Yobe,2024-07-01,869.7269230769231,5,699.392616339435,354.6872755188325
Millet,Yobe,2024-08-01,866.7,4,712.8035417854693,346.80287153229796
Millet,Yobe,2024-09-01,702.5653846153846,11,726.2144672315035,275.93423662976556
Millet,Yobe,2024-10-01,592.6615384615384,10,739.6253926775378,228.54865423468925
Millet,Yobe,2024-11-01,583.6903846153846,8,753.036318123572,221.08045716361588
Millet,Yobe,2024-12-01,616.2596153846154,10,766.4472435696063,229.33227486505336
Millet,Yobe,2025-01-01,576.9230769230769,10,779.8581690156404,211.00173312417206
Millet,Yobe,2025-02-01,550.823076923077,9,793.2690944616747,198.05022012296828
Millet,Yobe,2025-03-01,497.2076923076923,6,806.680019907709,175.8005687776463
Millet,Yobe,2025-04-01,461.53846153846155,5,820.0909453537432,160.5201727302232
Millet,Yobe,2025-05-01,519.301923076923,10,833.5018707997775,177.70395315569823
Millet,Yobe,2025-06-01,538.4615384615385,11,846.9127962458117,181.3425548855185
Millet,Yobe,2025-07-01,538.4615384615385,9,860.323721691846,178.51574513653176
Millet,Yobe,2025-08-01,423.07692307692304,9,860.323721691846,140.26237117870352
Millet,Yobe,2025-09-01,366.6653846153846,11,860.323721691846,121.5602966507213
Millet,Yobe,2025-10-01,329.71538461538455,12,860.323721691846,109.31029119695943
Millet,Yobe,2025-11-01,308.975,12,860.323721691846,102.43424722803984
Millet,Yobe,2025-12-01,286.2903846153846,12,860.323721691846,94.91363390793079
Millet,Yobe,2026-01-01,279.7769230769231,12,860.323721691846,92.75423094801138
Millet,Yobe,2026-02-01,313.7096153846154,12,860.323721691846,104.00391067277604
Millet,Yobe,2026-03-01,310.67692307692306,11,860.323721691846,102.99848449391777
Millet,Yobe,2026-04-01,335.5769230769231,6,860.323721691846,111.25356259401713
Millet,Yobe,2026-05-01,358.25,6,860.323721691846,118.77035057673037
Millet,Yobe,2026-06-01,407.8519230769231,4,860.323721691846,135.21483848496808
Millet,Zamfara,2018-01-01,123.07692307692307,1,227.1828520689845,154.5200429273031
Millet,Zamfara,2019-02-01,91.15384615384615,1,256.1025541529468,101.5184142775139
Millet,Zamfara,2019-03-01,99.61538461538461,1,258.383152670994,109.9628431654073
Millet,Zamfara,2019-04-01,103.46153846153845,1,260.66375118904125,113.20928000468977
Millet,Zamfara,2019-08-01,79.23076923076923,1,270.458367359174,83.5559127101489
Millet,Zamfara,2019-09-01,68.84615384615384,1,273.41118797516503,71.82028733226525
Millet,Zamfara,2019-10-01,85.38461538461539,1,276.364008591156,88.12149983510626
Millet,Zamfara,2020-01-01,94.23076923076923,1,285.222470439129,94.23076923076923
Millet,Zamfara,2020-02-01,98.07692307692308,1,288.17529105512,97.07196682493438
Millet,Zamfara,2020-03-01,117.6923076923077,1,291.128111671111,115.30487577786582
Millet,Zamfara,2020-04-01,117.26923076923076,1,294.08093228710203,113.73678479039319
Millet,Zamfara,2020-05-01,120.61923076923077,1,297.03375290309305,115.82291455507229
Millet,Zamfara,2020-06-01,139.5653846153846,1,299.986573519084,132.69655145167627
Millet,Zamfara,2020-07-01,168.59615384615384,1,302.939394135075,158.73607869267138
Millet,Zamfara,2020-08-01,188.61153846153846,1,307.2191314783556,175.10709275966713
Millet,Zamfara,2020-09-01,160.79615384615383,1,311.49886882163617,147.2322400739476
Millet,Zamfara,2020-10-01,137.8653846153846,1,315.7786061649168,124.52491973919358
Millet,Zamfara,2020-11-01,144.5653846153846,1,320.05834350819737,128.8305616032996
Millet,Zamfara,2020-12-01,163.16538461538462,1,324.3380808514779,143.4874189548581
Millet,Zamfara,2021-01-01,184.03076923076924,1,328.6178181947585,159.72874181066078
Millet,Zamfara,2021-02-01,197.21153846153845,1,332.8975555380391,168.96838460766017
Millet,Zamfara,2021-03-01,188.8153846153846,1,337.17729288131966,159.72128489645974
Millet,Zamfara,2021-04-01,188.83461538461538,1,341.45703022460026,157.7354417596713
Millet,Zamfara,2021-05-01,186.42692307692306,1,345.73676756788086,153.7966237447558
Millet,Zamfara,2021-06-01,227.62692307692308,1,350.0165049111614,185.4892910119658
Millet,Zamfara,2021-07-01,244.45384615384617,1,354.296242254442,196.79500257943425
Millet,Zamfara,2021-08-01,237.18461538461537,1,359.8608154286513,187.99040920743846
Millet,Zamfara,2021-09-01,207.62692307692308,1,365.4253886028605,162.05733311550054
Millet,Zamfara,2021-10-01,180.24999999999997,1,370.98996177706977,138.57881774048215
Millet,Zamfara,2021-11-01,207.3076923076923,1,376.554534951279,157.02589307199628
Millet,Zamfara,2021-12-01,216.15384615384616,1,382.11910812548825,161.3421906519076
Millet,Zamfara,2022-01-01,239.23076923076923,1,387.6836812996975,176.00428982798766
Millet,Zamfara,2022-02-01,239.23076923076923,1,393.24825447390674,173.51377972761148
Millet,Zamfara,2022-03-01,238.07692307692307,1,398.812827648116,170.267562743646
Millet,Zamfara,2022-04-01,218.24230769230766,1,404.3774008223252,153.93444348708
Millet,Zamfara,2022-05-01,212.73076923076923,1,409.9419739965345,148.01020482701088
Millet,Zamfara,2022-06-01,233.47307692307692,1,415.5065471707437,160.26647049116244
Millet,Zamfara,2022-07-01,241.52692307692308,1,421.071120344953,163.6039669999828
Millet,Zamfara,2022-08-01,216.82692307692307,1,429.7239740376429,143.9154303555277
Millet,Zamfara,2022-09-01,223.19230769230768,1,438.3768277303327,145.21630103626347
Millet,Zamfara,2022-10-01,243.47307692307692,1,447.02968142302245,155.34537273756885
Millet,Zamfara,2022-11-01,282.7423076923077,1,455.6825351157123,176.97509402501493
Millet,Zamfara,2022-12-01,257.6692307692308,1,464.3353888084022,158.27579875992467
Millet,Zamfara,2023-01-01,259.2307692307692,1,472.988242501092,156.32194158328375
Palm oil,Abia,2016-06-01,268.06,1,181.8035760286879,420.54582806362583
Palm oil,Abia,2016-07-01,268.66,1,183.882551450038,416.7218058696377
Palm oil,Abia,2016-08-01,289.4,1,186.41128379681425,442.802502422842
Palm oil,Abia,2016-09-01,295.83,1,188.9400161435905,446.5828105248095
Palm oil,Abia,2016-10-01,314.83,1,191.46874849036675,468.9882347712157
Palm oil,Abia,2016-11-01,333.33,1,193.997480837143,490.0744363339796
Palm oil,Abia,2021-03-01,583.5,1,337.17729288131966,493.58991549828704
Palm oil,Abia,2021-04-01,598.26,1,341.45703022460026,499.7325580108081
Palm oil,Abia,2021-05-01,770.49,1,345.73676756788086,635.631156022471
Palm oil,Abia,2021-06-01,879.11,1,350.0165049111614,716.3717209603706
Palm oil,Abia,2021-07-01,930.26,1,354.296242254442,748.8960471676511
Palm oil,Abia,2021-08-01,977.63,1,359.8608154286513,774.8608123484091
Palm oil,Abia,2021-09-01,1037.78,1,365.4253886028605,810.0098805504896
Palm oil,Abia,2021-10-01,1072.26,1,370.98996177706977,824.3690602519246
Palm oil,Abia,2021-11-01,1090.0,1,376.554534951279,825.6240834249303
Palm oil,Abia,2021-12-01,1056.0,1,382.11910812548825,788.2226310567215
Palm oil,Abia,2022-01-01,1106.67,1,387.6836812996975,814.1873557913855
Palm oil,Abia,2022-02-01,1106.67,1,393.24825447390674,802.6663761881111
Palm oil,Abia,2022-03-01,1123.78,1,398.812827648116,803.7036063265617
Palm oil,Abia,2022-04-01,1154.47,1,404.3774008223252,814.2907708943413
Palm oil,Abia,2022-05-01,1242.09,1,409.9419739965345,864.2003034086297
Palm oil,Abia,2022-06-01,1324.23,1,415.5065471707437,909.0113130621737
Palm oil,Abia,2022-07-01,1333.0,1,421.071120344953,902.9390398084946
Palm oil,Abia,2022-08-01,1234.08,1,429.7239740376429,819.1010220171867
Palm oil,Abia,2022-09-01,1051.04,1,438.3768277303327,683.8414039410673
Palm oil,Abia,2022-10-01,1122.72,1,447.02968142302245,716.3393960599034
Palm oil,Abia,2022-11-01,1197.32,1,455.6825351157123,749.4308910027889
Palm oil,Abia,2022-12-01,1218.41,1,464.3353888084022,748.420039875821
Palm oil,Abia,2023-01-01,1226.4,1,472.988242501092,739.5465813206556
Palm oil,Adamawa,2017-04-01,351.0,1,206.64114257102423,484.4779983237104
Palm oil,Adamawa,2017-05-01,412.0,1,209.16987491780048,561.8001056179855
Palm oil,Adamawa,2017-06-01,432.0,1,211.69860726457676,582.0355118147312
Palm oil,Adamawa,2017-07-01,533.0,1,214.227339611353,709.6366739177824
Palm oil,Adamawa,2017-08-01,524.0,1,216.3865916876249,690.6924007835878
Palm oil,Adamawa,2018-03-01,543.0,1,231.5013562215283,669.0060221515215
Palm oil,Adamawa,2018-04-01,558.0,1,233.66060829780025,681.1338019893886
Palm oil,Adamawa,2018-05-01,545.0,1,235.81986037407216,659.1736851287537
Palm oil,Adamawa,2018-07-01,570.0,1,240.138364526616,677.0130564967853
Palm oil,Adamawa,2018-08-01,582.0,1,242.41896304466323,684.762758287145
Palm oil,Adamawa,2018-09-01,567.0,1,244.6995615627105,660.8967327370586
Palm oil,Adamawa,2018-10-01,572.66,1,246.9801600807577,661.330448033818
Palm oil,Adamawa,2018-11-01,572.5,1,249.26075859880495,655.0965552874002
Palm oil,Adamawa,2018-12-01,562.5,1,251.54135711685225,637.8181363928937
Palm oil,Adamawa,2019-02-01,544.17,1,256.1025541529468,606.0443725452587
Palm oil,Adamawa,2019-03-01,540.83,1,258.383152670994,597.0082301922117
Palm oil,Adamawa,2019-04-01,505.0,1,260.66375118904125,552.5791250786531
Palm oil,Adamawa,2019-08-01,486.66,1,270.458367359174,513.2263749842465
Palm oil,Adamawa,2019-09-01,483.33,1,273.41118797516503,504.2097130636301
Palm oil,Adamawa,2019-10-01,483.33,1,276.364008591156,498.8224672963287
Palm oil,Adamawa,2019-11-01,483.33,1,279.316829207147,493.5491249440863
Palm oil,Adamawa,2019-12-01,483.33,1,282.269649823138,488.3861113786804
Palm oil,Adamawa,2020-01-01,483.33,1,285.222470439129,483.33
Palm oil,Adamawa,2020-02-01,483.33,1,288.17529105512,478.3775046521114
Palm oil,Adamawa,2020-03-01,489.17,1,291.128111671111,479.2470059446811
Palm oil,Adamawa,2020-04-01,495.78,1,294.08093228710203,480.8458518359821
Palm oil,Adamawa,2020-05-01,500.0,1,297.03375290309305,480.1179456063071
Palm oil,Adamawa,2020-06-01,502.9,1,299.986573519084,478.14933415582664
Palm oil,Adamawa,2020-07-01,571.5,1,302.939394135075,538.0767407994534
Palm oil,Adamawa,2020-08-01,584.94,1,307.2191314783556,543.0587315829915
Palm oil,Adamawa,2020-09-01,620.55,1,311.49886882163617,568.2036814469091
Palm oil,Adamawa,2020-10-01,583.33,1,315.7786061649168,526.884407091103
Palm oil,Adamawa,2020-11-01,583.33,1,320.05834350819737,519.8390451489537
Palm oil,Adamawa,2021-01-01,720.83,1,328.6178181947585,625.6414046446756
Palm oil,Adamawa,2021-02-01,854.16,1,332.8975555380391,731.8336265838038
Palm oil,Adamawa,2021-03-01,899.99,1,337.17729288131966,761.3127472995774
Palm oil,Adamawa,2021-04-01,794.22,1,341.45703022460026,663.4199047627185
Palm oil,Adamawa,2021-05-01,666.66,1,345.73676756788086,549.974518129944
Palm oil,Adamawa,2021-06-01,666.66,1,350.0165049111614,543.2498452928992
Palm oil,Adamawa,2021-07-01,666.66,1,354.296242254442,536.6876344299295
Palm oil,Adamawa,2021-08-01,599.14,1,359.8608154286513,474.8730164892913
Palm oil,Adamawa,2021-09-01,649.33,1,365.4253886028605,506.8161997127035
Palm oil,Adamawa,2021-10-01,675.69,1,370.98996177706977,519.4802849324072
Palm oil,Adamawa,2021-11-01,743.33,1,376.554534951279,563.0377522314252
Palm oil,Adamawa,2021-12-01,840.0,1,382.11910812548825,626.9952747042103
Palm oil,Adamawa,2022-01-01,1066.66,1,387.6836812996975,784.7516286954911
Palm oil,Adamawa,2022-02-01,1066.66,1,393.24825447390674,773.6471728923804
Palm oil,Adamawa,2022-03-01,1096.34,1,398.812827648116,784.0791006781244
Palm oil,Adamawa,2022-04-01,1133.33,1,404.3774008223252,799.3799400397444
Palm oil,Adamawa,2022-05-01,1188.82,1,409.9419739965345,827.1370067372309
Palm oil,Adamawa,2022-06-01,1249.33,1,415.5065471707437,857.5965683815995
Palm oil,Adamawa,2022-07-01,1266.66,1,421.071120344953,858.0020736412813
Palm oil,Adamawa,2022-08-01,1266.66,1,429.7239740376429,840.7254801538714
Palm oil,Adamawa,2022-09-01,1266.66,1,438.3768277303327,824.1309110176514
Palm oil,Adamawa,2022-10-01,1313.97,1,447.02968142302245,838.3643973927882
Palm oil,Adamawa,2022-11-01,1333.33,1,455.6825351157123,834.562765092664
Palm oil,Adamawa,2022-12-01,1333.33,1,464.3353888084022,819.0107531681684
Palm oil,Adamawa,2023-01-01,1333.33,1,472.988242501092,804.0277587021117
Palm oil,Adamawa,2023-06-01,1450.0,2,516.2525109645411,801.1052214817089
Palm oil,Adamawa,2023-07-01,1604.8400000000001,2,524.905364657231,872.0361045622744
Palm oil,Adamawa,2023-08-01,1589.75,2,539.4459689640813,840.5520635390952
Palm oil,Adamawa,2023-09-01,1453.335,2,553.9865732709317,748.2560391818834
Palm oil,Adamawa,2023-10-01,1495.6599999999999,2,568.5271775777819,750.3525899227989
Palm oil,Adamawa,2023-11-01,1416.27,2,583.0677818846323,692.8045773737375
Palm oil,Adamawa,2023-12-01,1502.205,2,597.6083861914826,716.9621964922125
Palm oil,Adamawa,2024-09-01,1991.5,2,726.2144672315035,782.1663923123843
Palm oil,Adamawa,2024-10-01,1800.0,2,739.6253926775378,694.1357772099433
Palm oil,Adamawa,2024-11-01,1972.48,2,753.036318123572,747.1029018808255
Palm oil,Adamawa,2024-12-01,2295.835,2,766.4472435696063,854.3624312234201
Palm oil,Adamawa,2025-01-01,2425.0,2,779.8581690156404,886.9106182319366
Palm oil,Adamawa,2025-09-01,2250.0,1,860.323721691846,745.9407921776506
Palm oil,Adamawa,2025-10-01,2000.0,3,860.323721691846,663.0584819356894
Palm oil,Adamawa,2025-11-01,2218.75,3,860.323721691846,735.5805033974056
Palm oil,Borno,2016-01-01,2500.0,1,171.4086989219375,4159.976597352043
Palm oil,Borno,2016-03-01,354.17,1,175.56664976463767,575.3783106919719
Palm oil,Borno,2016-04-01,345.79,1,177.64562518598774,555.1900191737786
Palm oil,Borno,2016-06-01,357.5,8,181.8035760286879,560.8637377182207
Palm oil,Borno,2016-07-01,370.0,8,183.882551450038,573.9115170541426
Palm oil,Borno,2016-08-01,416.5,8,186.41128379681425,637.2745067695705
Palm oil,Borno,2016-09-01,477.0,8,188.9400161435905,720.0757212599606
Palm oil,Borno,2016-10-01,484.5,8,191.46874849036675,721.7380800643332
Palm oil,Borno,2016-11-01,633.0,9,193.997480837143,930.6606612048394
Palm oil,Borno,2016-12-01,717.0,9,196.52621318391925,1040.5966104555719
Palm oil,Borno,2017-01-01,800.0,9,199.05494553069548,1146.3064921243908
Palm oil,Borno,2017-02-01,778.0,9,201.58367787747176,1100.7988560290148
Palm oil,Borno,2017-03-01,700.0,9,204.112410224248,978.1655563619997
Palm oil,Borno,2017-04-01,667.0,10,206.64114257102423,920.6462247348001
Palm oil,Borno,2017-05-01,619.0,10,209.16987491780048,844.0637509163424
Palm oil,Borno,2017-06-01,543.0,10,211.69860726457676,731.5863030449052
Palm oil,Borno,2017-07-01,540.0,9,214.227339611353,718.9564801418434
Palm oil,Borno,2017-08-01,765.5,10,216.3865916876249,1009.0172381676268
Palm oil,Borno,2017-09-01,533.0,9,218.5458437638968,695.6141289435477
Palm oil,Borno,2017-10-01,620.0,9,220.70509584016872,801.2408186547868
Palm oil,Borno,2017-11-01,547.0,9,222.86434791644064,700.052264028787
Palm oil,Borno,2017-12-01,533.0,9,225.02359999271255,675.5894792767473
Palm oil,Borno,2018-01-01,520.0,10,227.1828520689845,652.8471813678558
Palm oil,Borno,2018-02-01,500.0,9,229.3421041452564,621.8275346825983
Palm oil,Borno,2018-03-01,533.0,9,231.5013562215283,656.6854692573866
Palm oil,Borno,2018-04-01,520.0,9,233.66060829780025,634.748345939932
Palm oil,Borno,2018-05-01,533.0,9,235.81986037407216,644.6597691259187
Palm oil,Borno,2018-06-01,542.5,8,237.97911245034408,650.1965177532695
Palm oil,Borno,2018-07-01,533.0,10,240.138364526616,633.0665949347134
Palm oil,Borno,2018-08-01,533.0,10,242.41896304466323,627.1109109399456
Palm oil,Borno,2018-09-01,533.0,10,244.6995615627105,621.2662408269
Palm oil,Borno,2018-10-01,523.5,10,246.9801600807577,604.5585330662238
Palm oil,Borno,2018-11-01,533.0,10,249.26075859880495,609.8977536562171
Palm oil,Borno,2018-12-01,553.5,10,251.54135711685225,627.6130462106074
Palm oil,Borno,2019-01-01,533.0,9,253.8219556348995,598.9378513918955
Palm oil,Borno,2019-02-01,533.0,10,256.1025541529468,593.6042974927375
Palm oil,Borno,2019-03-01,533.0,10,258.383152670994,588.3648959792333
Palm oil,Borno,2019-04-01,533.0,10,260.66375118904125,583.2171755780636
Palm oil,Borno,2019-05-01,533.0,9,262.9443497070885,578.1587507524124
Palm oil,Borno,2019-06-01,533.0,9,265.22494822513573,573.1873180158406
Palm oil,Borno,2019-07-01,533.0,9,267.505546743183,568.3006524347138
Palm oil,Borno,2019-08-01,529.815,10,270.458367359174,558.7371714590854
Palm oil,Borno,2019-09-01,527.165,10,273.41118797516503,549.9383721001977
Palm oil,Borno,2019-10-01,543.565,10,276.364008591156,560.9882159930668
Palm oil,Borno,2019-11-01,544.3299999999999,10,279.316829207147,555.8388578834637
Palm oil,Borno,2019-12-01,537.665,10,282.269649823138,543.2895093919645
Palm oil,Borno,2020-01-01,551.5,10,285.222470439129,551.5
Palm oil,Borno,2020-02-01,667.0,10,288.17529105512,660.1655092854949
Palm oil,Borno,2020-03-01,644.5,10,291.128111671111,631.4260795456528
Palm oil,Borno,2020-04-01,653.5,10,294.08093228710203,633.8149263278356
Palm oil,Borno,2020-05-01,671.5,10,297.03375290309305,644.7984009492704
Palm oil,Borno,2020-06-01,683.0,10,299.986573519084,649.3855542422541
Palm oil,Borno,2020-07-01,676.5,10,302.939394135075,636.9359845158884
Palm oil,Borno,2020-08-01,680.5,10,307.2191314783556,631.7767067429578
Palm oil,Borno,2020-09-01,687.5,10,311.49886882163617,629.5061332604141
Palm oil,Borno,2020-10-01,594.0,10,315.7786061649168,536.5219306603726
Palm oil,Borno,2020-11-01,697.5,10,320.05834350819737,621.582524456817
Palm oil,Borno,2020-12-01,726.5,8,324.3380808514779,638.8831192132369
Palm oil,Borno,2021-01-01,738.165,10,328.6178181947585,640.6872458964484
Palm oil,Borno,2021-02-01,792.5,10,332.8975555380391,679.004108208842
Palm oil,Borno,2021-03-01,800.0,10,337.17729288131966,676.7299612658607
Palm oil,Borno,2021-04-01,800.0,10,341.45703022460026,668.2479965377034
Palm oil,Borno,2021-05-01,826.0,10,345.73676756788086,681.4252422154227
Palm oil,Borno,2021-06-01,816.5,8,350.0165049111614,665.3519015414937
Palm oil,Borno,2021-07-01,857.23,8,354.296242254442,690.1040123336761
Palm oil,Borno,2021-08-01,933.0,8,359.8608154286513,739.48747268503
Palm oil,Borno,2021-09-01,933.165,8,365.4253886028605,728.3555957754993
Palm oil,Borno,2021-10-01,940.69,8,370.98996177706977,723.216133482908
Palm oil,Borno,2021-11-01,991.5,8,376.554534951279,751.0149346016682
Palm oil,Borno,2021-12-01,998.165,8,382.11910812548825,745.0532599703905
Palm oil,Borno,2022-01-01,1015.165,8,387.6836812996975,746.8662808623724
Palm oil,Borno,2022-02-01,990.165,8,393.24825447390674,718.165444421825
Palm oil,Borno,2022-03-01,1000.0,8,398.812827648116,715.1787772754114
Palm oil,Borno,2022-04-01,839.0,8,404.3774008223252,591.778007900034
Palm oil,Borno,2022-05-01,1333.0,8,409.9419739965345,927.4521205739547
Palm oil,Borno,2022-06-01,967.2850000000001,2,415.5065471707437,663.9881349579339
Palm oil,Borno,2022-07-01,1023.8299999999999,2,421.071120344953,693.5154367045243
Palm oil,Borno,2022-08-01,1186.6100000000001,2,429.7239740376429,787.5935626019497
Palm oil,Borno,2022-09-01,1182.44,2,438.3768277303327,769.3345920955203
Palm oil,Borno,2022-10-01,1254.625,2,447.02968142302245,800.4999597242911
Palm oil,Borno,2022-11-01,1285.02,2,455.6825351157123,804.3243941105167
Palm oil,Borno,2022-12-01,1307.135,2,464.3353888084022,802.9202229324128
Palm oil,Borno,2023-01-01,1323.995,2,472.988242501092,798.398545283465
Palm oil,Borno,2023-02-01,1300.0,6,481.6410961937818,769.8454606574636
Palm oil,Borno,2023-03-01,1300.0,6,490.2939498864717,756.2589986205713
Palm oil,Borno,2023-04-01,1300.0,6,498.9468035791615,743.143775871568
Palm oil,Borno,2023-05-01,1303.5,6,507.5996572718513,732.4423586406979
Palm oil,Borno,2023-06-01,1300.0,18,516.2525109645411,718.2322675353251
Palm oil,Borno,2023-07-01,1300.0,19,524.905364657231,706.3924976514521
Palm oil,Borno,2023-08-01,1375.69,18,539.4459689640813,727.3716422645687
Palm oil,Borno,2023-09-01,1300.0,18,553.9865732709317,669.3108271227544
Palm oil,Borno,2023-10-01,1384.38,19,568.5271775777819,694.5249043481302
Palm oil,Borno,2023-11-01,1500.0,19,583.0677818846323,733.763241515111
Palm oil,Borno,2023-12-01,1600.0,3,597.6083861914826,763.6371296777337
Palm oil,Borno,2024-01-01,1633.33,15,612.148990498333,761.0278296188927
Palm oil,Borno,2024-02-01,1518.0549999999998,10,626.6895948051833,690.9056747576475
Palm oil,Borno,2024-03-01,1600.0,9,641.2301991120337,711.6881789637504
Palm oil,Borno,2024-04-01,1437.22,1,655.770803418884,625.1077919714539
Palm oil,Borno,2024-05-01,1657.89,9,670.3114077257343,705.4444785904745
Palm oil,Borno,2024-06-01,1760.58,10,684.8520120325846,733.2342873832858
Palm oil,Borno,2024-08-01,1700.0,5,712.8035417854693,680.2410079668934
Palm oil,Borno,2024-09-01,1739.91,19,726.2144672315035,683.3538175487024
Palm oil,Borno,2024-10-01,1671.88,21,739.6253926775378,644.7287351120889
Palm oil,Borno,2024-11-01,1875.0,15,753.036318123572,710.1810619253671
Palm oil,Borno,2024-12-01,2437.5,19,766.4472435696063,907.0810516030493
Palm oil,Borno,2025-01-01,2500.0,21,779.8581690156404,914.340843538079
Palm oil,Borno,2025-02-01,2578.13,15,793.2690944616747,926.974985975277
Palm oil,Borno,2025-03-01,2379.03,9,806.680019907709,841.167249842674
Palm oil,Borno,2025-04-01,2328.125,16,820.0909453537432,809.7072254646937
Palm oil,Borno,2025-05-01,2496.775,20,833.5018707997775,854.3908041230113
Palm oil,Borno,2025-06-01,2500.0,15,846.9127962458117,841.9475762541931
Palm oil,Borno,2025-07-01,2507.0,10,860.323721691846,831.1438071063867
Palm oil,Borno,2025-08-01,2564.52,14,860.323721691846,850.2133690468571
Palm oil,Borno,2025-09-01,2507.81,20,860.323721691846,831.4123457915706
Palm oil,Borno,2025-10-01,2678.685,22,860.323721691846,888.0624048419511
Palm oil,Borno,2025-11-01,2590.2799999999997,22,860.323721691846,858.7535622941888
Palm oil,Borno,2025-12-01,2900.0,9,860.323721691846,961.4347988067497
Palm oil,Borno,2026-01-01,2500.0,21,860.323721691846,828.8231024196118
Palm oil,Borno,2026-02-01,2500.0,15,860.323721691846,828.8231024196118
Palm oil,Borno,2026-03-01,2562.5,16,860.323721691846,849.5436799801021
Palm oil,Borno,2026-04-01,2656.25,7,860.323721691846,880.6245463208375
Palm oil,Borno,2026-05-01,2500.0,12,860.323721691846,828.8231024196118
Palm oil,Borno,2026-06-01,2643.75,12,860.323721691846,876.4804308087395
Palm oil,Borno,2026-07-01,2500.0,1,860.323721691846,828.8231024196118
Palm oil,Gombe,2018-01-01,533.33,1,227.1828520689845,669.5826677671511
Palm oil,Gombe,2018-07-01,453.33,1,240.138364526616,538.4391735117329
Palm oil,Gombe,2018-08-01,466.66,1,242.41896304466323,549.0573690417167
Palm oil,Gombe,2018-09-01,466.66,1,244.6995615627105,543.9401574939609
Palm oil,Gombe,2018-10-01,466.66,1,246.9801600807577,538.917449934449
Palm oil,Gombe,2018-11-01,466.66,1,249.26075859880495,533.98665238501
Palm oil,Gombe,2018-12-01,466.66,1,251.54135711685225,529.145264940636
Palm oil,Gombe,2019-01-01,464.76,1,253.8219556348995,522.2558270410832
Palm oil,Gombe,2019-02-01,400.0,1,256.1025541529468,445.481649150272
Palm oil,Gombe,2019-03-01,400.0,1,258.383152670994,441.5496405097436
Palm oil,Gombe,2019-04-01,389.29,1,260.66375118904125,425.9673813898393
Palm oil,Gombe,2019-05-01,391.43,1,262.9443497070885,424.59414597939355
Palm oil,Gombe,2019-06-01,400.0,1,265.22494822513573,430.1593380981919
Palm oil,Gombe,2019-07-01,400.0,1,267.505546743183,426.49204685532
Palm oil,Gombe,2019-08-01,400.0,1,270.458367359174,421.83567581822746
Palm oil,Gombe,2019-09-01,400.0,1,273.41118797516503,417.27988170701605
Palm oil,Gombe,2019-10-01,426.66,1,276.364008591156,440.33598968955295
Palm oil,Gombe,2019-11-01,466.66,1,279.316829207147,476.52666841786635
Palm oil,Gombe,2019-12-01,466.66,1,282.269649823138,471.5417266380631
Palm oil,Gombe,2020-01-01,466.66,1,285.222470439129,466.66
Palm oil,Gombe,2020-02-01,466.66,1,288.17529105512,461.8783156869102
Palm oil,Gombe,2020-03-01,466.66,1,291.128111671111,457.1936296055459
Palm oil,Gombe,2020-04-01,411.11,1,294.08093228710203,398.72632649217525
Palm oil,Gombe,2020-05-01,400.0,1,297.03375290309305,384.0943564850457
Palm oil,Gombe,2020-06-01,405.8,1,299.986573519084,385.8281960636995
Palm oil,Gombe,2020-07-01,507.52,1,302.939394135075,477.8385082949057
Palm oil,Gombe,2020-08-01,533.33,1,307.2191314783556,495.14396915095034
Palm oil,Gombe,2020-09-01,520.0,1,311.49886882163617,476.13554806605873
Palm oil,Gombe,2020-10-01,529.03,1,315.7786061649168,477.83871544992746
Palm oil,Gombe,2020-11-01,632.18,1,320.05834350819737,563.3721008044597
Palm oil,Gombe,2021-01-01,833.33,1,328.6178181947585,723.285312393418
Palm oil,Gombe,2021-02-01,916.66,1,332.8975555380391,785.382846474091
Palm oil,Gombe,2021-03-01,677.78,1,337.17729288131966,573.3425414334688
Palm oil,Gombe,2021-04-01,626.66,1,341.45703022460026,523.4553618878965
Palm oil,Gombe,2021-05-01,744.08,1,345.73676756788086,613.8436976121692
Palm oil,Gombe,2021-06-01,748.89,1,350.0165049111614,610.2576675387744
Palm oil,Gombe,2021-07-01,791.4,1,354.296242254442,637.1082619143884
Palm oil,Gombe,2021-08-01,804.3,1,359.8608154286513,637.4810013725289
Palm oil,Gombe,2021-09-01,811.11,1,365.4253886028605,633.0890113639766
Palm oil,Gombe,2021-10-01,920.43,1,370.98996177706977,707.6399512503301
Palm oil,Gombe,2021-11-01,933.33,1,376.554534951279,706.9538768651287
Palm oil,Gombe,2021-12-01,933.33,1,382.11910812548825,696.6589282615246
Palm oil,Gombe,2022-01-01,866.66,1,387.6836812996975,637.6097786785239
Palm oil,Gombe,2022-02-01,866.66,1,393.24825447390674,628.5874213516119
Palm oil,Gombe,2022-03-01,831.43,1,398.812827648116,594.6210907900953
Palm oil,Gombe,2022-04-01,911.1,1,404.3774008223252,642.6328283643875
Palm oil,Gombe,2022-05-01,933.33,1,409.9419739965345,649.3765098989417
Palm oil,Gombe,2022-06-01,915.82,1,415.5065471707437,628.6602332892322
Palm oil,Gombe,2022-07-01,1025.85,1,421.071120344953,694.883731423514
Palm oil,Gombe,2022-08-01,1066.62,1,429.7239740376429,707.9521036755896
Palm oil,Gombe,2022-09-01,1104.44,1,438.3768277303327,718.5852109992697
Palm oil,Gombe,2022-10-01,1200.0,1,447.02968142302245,765.6470671867287
Palm oil,Gombe,2022-11-01,1231.11,1,455.6825351157123,770.580850752049
Palm oil,Gombe,2022-12-01,1184.95,1,464.3353888084022,727.8669136422502
Palm oil,Gombe,2023-01-01,1200.0,1,472.988242501092,723.6267918988802
Palm oil,Jigawa,2014-07-01,266.66,1,145.799165386817,521.6588432828928
Palm oil,Jigawa,2014-09-01,266.66,1,147.98844555465368,513.9416370125284
Palm oil,Jigawa,2014-10-01,266.66,1,149.08308563857202,510.1680290659341
Palm oil,Jigawa,2014-11-01,266.66,1,150.17772572249035,506.44943250667376
Palm oil,Jigawa,2014-12-01,266.66,1,151.2723658064087,502.78465311128195
Palm oil,Jigawa,2015-01-01,266.66,1,152.367005890327,499.17253097461196
Palm oil,Jigawa,2015-02-01,266.66,1,153.46164597424533,495.61193928587517
Palm oil,Jigawa,2015-03-01,266.66,1,154.55628605816366,492.1017831566922
Palm oil,Jigawa,2015-04-01,266.66,1,155.650926142082,488.6409984985958
Palm oil,Jigawa,2015-05-01,266.66,1,156.74556622600034,485.22855094756767
Palm oil,Jigawa,2015-06-01,266.91,1,157.84020630991867,482.31519309743834
Palm oil,Jigawa,2015-07-01,269.66,1,158.934846393837,483.9284343474093
Palm oil,Jigawa,2015-08-01,267.91,1,161.0138218151871,474.58007762250105
Palm oil,Jigawa,2015-09-01,266.86,1,163.09279723653717,466.69423635548685
Palm oil,Jigawa,2015-10-01,267.91,1,165.17177265788726,462.63323826898545
Palm oil,Jigawa,2015-11-01,266.66,1,167.25074807923733,454.75087460454824
Palm oil,Jigawa,2015-12-01,267.26,1,169.32972350058742,450.1782432149142
Palm oil,Jigawa,2016-01-01,267.16,1,171.4086989219375,444.5517390994288
Palm oil,Jigawa,2016-03-01,275.26,1,175.56664976463767,447.1825219557619
Palm oil,Jigawa,2016-04-01,309.58,1,177.64562518598774,497.0523327332148
Palm oil,Jigawa,2017-07-01,446.0,1,214.227339611353,593.8047965615966
Palm oil,Jigawa,2018-01-01,416.0,1,227.1828520689845,522.2777450942846
Palm oil,Jigawa,2018-07-01,300.0,1,240.138364526616,356.32266131409756
Palm oil,Jigawa,2018-08-01,440.0,1,242.41896304466323,517.6900578115873
Palm oil,Jigawa,2018-09-01,466.66,1,244.6995615627105,543.9401574939609
Palm oil,Jigawa,2018-10-01,466.66,1,246.9801600807577,538.917449934449
Palm oil,Jigawa,2018-11-01,466.66,1,249.26075859880495,533.98665238501
Palm oil,Jigawa,2018-12-01,466.66,1,251.54135711685225,529.145264940636
Palm oil,Jigawa,2019-01-01,466.66,1,253.8219556348995,524.3908775432308
Palm oil,Jigawa,2019-02-01,466.66,1,256.1025541529468,519.7211659811649
Palm oil,Jigawa,2019-03-01,466.66,1,258.383152670994,515.1338881006924
Palm oil,Jigawa,2019-04-01,466.66,1,260.66375118904125,510.6268802162461
Palm oil,Jigawa,2019-05-01,466.66,1,262.9443497070885,506.1980537075437
Palm oil,Jigawa,2019-06-01,466.66,1,265.22494822513573,501.84539179225555
Palm oil,Jigawa,2019-07-01,466.66,1,267.505546743183,497.5669464637591
Palm oil,Jigawa,2019-08-01,466.66,1,270.458367359174,492.1345911933351
Palm oil,Jigawa,2019-09-01,466.66,1,273.41118797516503,486.8195739934903
Palm oil,Jigawa,2019-10-01,466.66,1,276.364008591156,481.61813375644954
Palm oil,Jigawa,2019-11-01,466.66,1,279.316829207147,476.52666841786635
Palm oil,Jigawa,2019-12-01,466.66,1,282.269649823138,471.5417266380631
Palm oil,Jigawa,2020-01-01,466.66,1,285.222470439129,466.66
Palm oil,Jigawa,2020-02-01,400.0,1,288.17529105512,395.90135489385005
Palm oil,Jigawa,2020-03-01,400.0,1,291.128111671111,391.8858523169296
Palm oil,Jigawa,2020-04-01,400.0,1,294.08093228710203,387.9509878058672
Palm oil,Jigawa,2020-06-01,558.33,1,299.986573519084,530.8512979503336
Palm oil,Jigawa,2020-07-01,640.0,1,302.939394135075,602.5706283668419
Palm oil,Jigawa,2020-08-01,512.26,1,307.2191314783556,475.5825654609075
Palm oil,Jigawa,2020-09-01,460.0,1,311.49886882163617,421.1968309815135
Palm oil,Jigawa,2020-10-01,457.2,1,315.7786061649168,412.95930420525644
Palm oil,Jigawa,2020-11-01,472.63,1,320.05834350819737,421.1878832029039
Palm oil,Jigawa,2021-01-01,533.33,1,328.6178181947585,462.9015583967716
Palm oil,Jigawa,2021-02-01,553.33,1,332.8975555380391,474.0862374702822
Palm oil,Jigawa,2021-03-01,800.0,1,337.17729288131966,676.7299612658607
Palm oil,Jigawa,2021-04-01,848.09,1,341.45703022460026,708.4180542295762
Palm oil,Jigawa,2021-05-01,928.57,1,345.73676756788086,766.0424178740619
Palm oil,Jigawa,2021-06-01,928.57,1,350.0165049111614,756.6758300237414
Palm oil,Jigawa,2021-07-01,1020.74,1,354.296242254442,821.7360213122225
Palm oil,Jigawa,2021-08-01,941.83,1,359.8608154286513,746.4860518745356
Palm oil,Jigawa,2021-09-01,937.51,1,365.4253886028605,731.7469628581101
Palm oil,Jigawa,2021-10-01,937.5,1,370.98996177706977,720.7636151550737
Palm oil,Jigawa,2021-11-01,1000.0,1,376.554534951279,757.4532875458076
Palm oil,Jigawa,2021-12-01,1000.0,1,382.11910812548825,746.4229460764409
Palm oil,Jigawa,2022-01-01,1000.0,1,387.6836812996975,735.7092500848358
Palm oil,Jigawa,2022-02-01,1000.0,1,393.24825447390674,725.2987577038423
Palm oil,Jigawa,2022-03-01,1000.0,1,398.812827648116,715.1787772754114
Palm oil,Jigawa,2022-04-01,1000.0,1,404.3774008223252,705.3373157330561
Palm oil,Jigawa,2022-05-01,1051.61,1,409.9419739965345,731.6713612278893
Palm oil,Jigawa,2022-06-01,1100.0,1,415.5065471707437,755.0897082594346
Palm oil,Jigawa,2022-07-01,1100.0,1,421.071120344953,745.1109855884051
Palm oil,Jigawa,2022-08-01,984.06,1,429.7239740376429,653.1542134434013
Palm oil,Jigawa,2022-09-01,948.17,1,438.3768277303327,616.9107778722044
Palm oil,Jigawa,2022-10-01,971.76,1,447.02968142302245,620.0209950078129
Palm oil,Jigawa,2022-11-01,968.83,1,455.6825351157123,606.4135988125413
Palm oil,Jigawa,2022-12-01,984.66,1,464.3353888084022,604.8368582530723
Palm oil,Jigawa,2023-01-01,995.5,1,472.988242501092,600.3087261127794
Palm oil,Kaduna,2015-01-01,293.0,1,152.367005890327,548.4795303966148
Palm oil,Kaduna,2017-03-01,656.0,1,204.112410224248,916.680864247817
Palm oil,Kaduna,2017-04-01,466.0,1,206.64114257102423,643.2101060366069
Palm oil,Kaduna,2017-05-01,466.0,1,209.16987491780048,635.4341000436439
Palm oil,Kaduna,2017-06-01,466.0,1,211.69860726457676,627.8438622816313
Palm oil,Kaduna,2017-07-01,466.0,1,214.227339611353,620.4328143446278
Palm oil,Kaduna,2017-08-01,506.0,1,216.3865916876249,666.9663259475104
Palm oil,Kaduna,2017-09-01,533.0,1,218.5458437638968,695.6141289435477
Palm oil,Kaduna,2018-01-01,533.33,1,227.1828520689845,669.5826677671511
Palm oil,Kaduna,2018-07-01,464.415,2,240.138364526616,551.6052958472887
Palm oil,Kaduna,2018-08-01,471.865,2,242.41896304466323,555.1814071119651
Palm oil,Kaduna,2018-09-01,474.165,2,244.6995615627105,552.6880057817768
Palm oil,Kaduna,2018-10-01,472.665,2,246.9801600807577,545.8522617607387
Palm oil,Kaduna,2018-11-01,467.33,2,249.26075859880495,534.7533156025515
Palm oil,Kaduna,2018-12-01,466.665,2,251.54135711685225,529.1509344351819
Palm oil,Kaduna,2019-01-01,386.0,1,253.8219556348995,433.7523651731176
Palm oil,Kaduna,2019-02-01,456.665,2,256.1025541529468,508.5896932730224
Palm oil,Kaduna,2019-03-01,446.665,2,258.383152670994,493.0619254457116
Palm oil,Kaduna,2019-04-01,444.165,2,260.66375118904125,486.01248928823753
Palm oil,Kaduna,2019-05-01,352.0,1,262.9443497070885,381.82341513104905
Palm oil,Kaduna,2019-06-01,353.33,1,265.22494822513573,379.9704973255853
Palm oil,Kaduna,2019-07-01,360.0,1,267.505546743183,383.84284216978796
Palm oil,Kaduna,2019-08-01,382.5,2,270.458367359174,403.38036500117994
Palm oil,Kaduna,2019-09-01,385.0,2,273.41118797516503,401.63188614300293
Palm oil,Kaduna,2019-10-01,452.415,2,276.364008591156,466.916530200626
Palm oil,Kaduna,2019-11-01,461.665,2,279.316829207147,471.426058318978
Palm oil,Kaduna,2019-12-01,449.165,2,282.269649823138,453.86371157884884
Palm oil,Kaduna,2020-01-01,454.665,2,285.222470439129,454.665
Palm oil,Kaduna,2020-02-01,459.165,2,288.17529105512,454.46011404958665
Palm oil,Kaduna,2020-03-01,452.29,2,291.128111671111,443.1151303610602
Palm oil,Kaduna,2020-04-01,462.665,2,294.08093228710203,448.72835943300396
Palm oil,Kaduna,2020-05-01,461.02,2,297.03375290309305,442.6879505668394
Palm oil,Kaduna,2020-06-01,454.49,2,299.986573519084,432.12187488662096
Palm oil,Kaduna,2020-07-01,521.505,2,302.939394135075,491.005618041328
Palm oil,Kaduna,2020-08-01,539.515,2,307.2191314783556,500.886127756689
Palm oil,Kaduna,2020-09-01,517.335,2,311.49886882163617,473.6953533822202
Palm oil,Kaduna,2020-10-01,513.87,2,315.7786061649168,464.14566415563246
Palm oil,Kaduna,2020-11-01,566.035,2,320.05834350819737,504.426472015648
Palm oil,Kaduna,2021-01-01,737.5,2,328.6178181947585,640.1100619084226
Palm oil,Kaduna,2021-02-01,752.085,2,332.8975555380391,644.3770406589867
Palm oil,Kaduna,2021-03-01,652.295,2,337.17729288131966,551.7844626048931
Palm oil,Kaduna,2021-04-01,598.33,2,341.45703022460026,499.7910297105052
Palm oil,Kaduna,2021-05-01,616.79,2,345.73676756788086,508.8332628886811
Palm oil,Kaduna,2021-06-01,704.0,2,350.0165049111614,573.6775734050357
Palm oil,Kaduna,2021-07-01,881.985,2,354.296242254442,710.0327652066743
Palm oil,Kaduna,2021-08-01,815.2149999999999,2,359.8608154286513,646.1321329527616
Palm oil,Kaduna,2021-09-01,825.405,2,365.4253886028605,644.2465700396777
Palm oil,Kaduna,2021-10-01,841.935,2,370.98996177706977,647.2918552806261
Palm oil,Kaduna,2021-11-01,934.17,2,376.554534951279,707.5901376266671
Palm oil,Kaduna,2021-12-01,1030.335,2,382.11910812548825,769.0656861456697
Palm oil,Kaduna,2022-01-01,893.335,2,387.6836812996975,657.234822924537
Palm oil,Kaduna,2022-02-01,893.335,2,393.24825447390674,647.9347657133619
Palm oil,Kaduna,2022-03-01,928.975,2,398.812827648116,664.3832046194252
Palm oil,Kaduna,2022-04-01,1005.11,2,404.3774008223252,708.941589416452
Palm oil,Kaduna,2022-05-01,897.85,2,409.9419739965345,624.690837552382
Palm oil,Kaduna,2022-06-01,833.335,2,415.5065471707437,572.0388018476145
Palm oil,Kaduna,2022-07-01,1034.605,2,421.071120344953,700.8141374951745
Palm oil,Kaduna,2022-08-01,1062.5,2,429.7239740376429,705.2175190370647
Palm oil,Kaduna,2022-09-01,1088.835,2,438.3768277303327,708.4320816145647
Palm oil,Kaduna,2022-10-01,1172.9499999999998,2,447.02968142302245,748.3881062138944
Palm oil,Kaduna,2022-11-01,1226.575,2,455.6825351157123,767.7422870508685
Palm oil,Kaduna,2022-12-01,1239.7849999999999,2,464.3353888084022,761.5498388370454
Palm oil,Kaduna,2023-01-01,1266.635,2,472.988242501092,763.8091846306985
Palm oil,Kano,2018-01-01,575.55,1,227.1828520689845,722.5888369928257
Palm oil,Kano,2018-07-01,642.67,1,240.138364526616,763.3262824891036
Palm oil,Kano,2018-08-01,583.25,1,242.41896304466323,686.2334686786553
Palm oil,Kano,2018-09-01,531.33,1,244.6995615627105,619.3196843124894
Palm oil,Kano,2018-10-01,485.6,1,246.9801600807577,560.7901120476758
Palm oil,Kano,2018-11-01,457.0,1,249.26075859880495,522.9329707709029
Palm oil,Kano,2018-12-01,511.67,1,251.54135711685225,580.1820548411589
Palm oil,Kano,2019-02-01,487.67,1,256.1025541529468,543.1200896027829
Palm oil,Kano,2019-03-01,476.0,1,258.383152670994,525.4440722065949
Palm oil,Kano,2019-04-01,496.97,1,260.66375118904125,543.792569881858
Palm oil,Kano,2019-08-01,545.66,1,270.458367359174,575.4471371674349
Palm oil,Kano,2019-09-01,436.65,1,273.41118797516503,455.5131508684214
Palm oil,Kano,2019-10-01,515.0,1,276.364008591156,531.5076048612941
Palm oil,Kano,2019-11-01,548.0,1,279.316829207147,559.5864532914558
Palm oil,Kano,2019-12-01,472.33,1,282.269649823138,477.2710404640559
Palm oil,Kano,2020-01-01,436.8,1,285.222470439129,436.8
Palm oil,Kano,2020-02-01,432.33,1,288.17529105512,427.90008190314546
Palm oil,Kano,2020-03-01,510.0,1,291.128111671111,499.6544617040852
Palm oil,Kano,2020-04-01,526.13,1,294.08093228710203,510.28163303575235
Palm oil,Kano,2020-05-01,528.22,1,297.03375290309305,507.2158024563271
Palm oil,Kano,2020-06-01,509.56,1,299.986573519084,484.48155639777895
Palm oil,Kano,2020-07-01,508.76,1,302.939394135075,479.0059888873664
Palm oil,Kano,2020-08-01,494.23,1,307.2191314783556,458.84350003463925
Palm oil,Kano,2020-09-01,529.43,1,311.49886882163617,484.7700831011797
Palm oil,Kano,2020-10-01,514.24,1,315.7786061649168,464.4798613178283
Palm oil,Kano,2020-11-01,590.3,1,320.05834350819737,526.050414604816
Palm oil,Kano,2021-01-01,761.5,1,328.6178181947585,660.9407622281542
Palm oil,Kano,2021-02-01,763.33,1,332.8975555380391,654.0116163016473
Palm oil,Kano,2021-03-01,686.11,1,337.17729288131966,580.3889921551496
Palm oil,Kano,2021-04-01,698.22,1,341.45703022460026,583.2301451781942
Palm oil,Kano,2021-05-01,864.32,1,345.73676756788086,713.0380936460463
Palm oil,Kano,2021-06-01,796.57,1,350.0165049111614,649.1112850102973
Palm oil,Kano,2021-07-01,878.71,1,354.296242254442,707.3962608374934
Palm oil,Kano,2021-08-01,873.64,1,359.8608154286513,692.4392664914786
Palm oil,Kano,2021-09-01,892.57,1,365.4253886028605,696.6703145974586
Palm oil,Kano,2021-10-01,1018.34,1,370.98996177706977,782.914581180819
Palm oil,Kano,2021-11-01,1048.58,1,376.554534951279,794.2503682547829
Palm oil,Kano,2021-12-01,1096.0,1,382.11910812548825,818.0795488997791
Palm oil,Kano,2022-01-01,920.0,1,387.6836812996975,676.8525100780491
Palm oil,Kano,2022-02-01,920.0,1,393.24825447390674,667.2748570875349
Palm oil,Kano,2022-03-01,1157.6,1,398.812827648116,827.8909525740162
Palm oil,Kano,2022-04-01,1230.19,1,404.3774008223252,867.6989124416483
Palm oil,Kano,2022-05-01,1383.44,1,409.9419739965345,962.5464078670908
Palm oil,Kano,2022-06-01,1167.88,1,415.5065471707437,801.6856077109351
Palm oil,Kano,2022-07-01,1014.58,1,421.071120344953,687.2497306893492
Palm oil,Kano,2022-08-01,1051.55,1,429.7239740376429,697.9496302526356
Palm oil,Kano,2022-09-01,1204.29,1,438.3768277303327,783.5509251333801
Palm oil,Kano,2022-10-01,1290.87,1,447.02968142302245,823.6256913494436
Palm oil,Kano,2022-11-01,1302.86,1,455.6825351157123,815.4908718236507
Palm oil,Kano,2022-12-01,1314.28,1,464.3353888084022,807.3091077781648
Palm oil,Kano,2023-01-01,1348.57,1,472.988242501092,813.2178189592273
Palm oil,Katsina,2017-06-01,478.0,1,211.69860726457676,644.0115153875961
Palm oil,Katsina,2018-01-01,500.0,1,227.1828520689845,627.737674392169
Palm oil,Katsina,2018-07-01,475.0,1,240.138364526616,564.1775470806544
Palm oil,Katsina,2018-08-01,420.0,1,242.41896304466323,494.15869154742427
Palm oil,Katsina,2018-09-01,423.0,1,244.6995615627105,493.04994347050416
Palm oil,Katsina,2018-10-01,400.0,1,246.9801600807577,461.93584188441173
Palm oil,Katsina,2018-11-01,425.0,1,249.26075859880495,486.3162200823495
Palm oil,Katsina,2018-12-01,400.0,1,251.54135711685225,453.55956365716884
Palm oil,Katsina,2019-01-01,400.0,1,253.8219556348995,449.4843162415727
Palm oil,Katsina,2019-02-01,400.0,1,256.1025541529468,445.481649150272
Palm oil,Katsina,2019-03-01,363.57,1,258.383152670994,401.33550700031867
Palm oil,Katsina,2019-04-01,337.14,1,260.66375118904125,368.90401233468737
Palm oil,Katsina,2019-05-01,337.14,1,262.9443497070885,365.7043925490962
Palm oil,Katsina,2019-06-01,337.14,1,265.22494822513573,362.559798116061
Palm oil,Katsina,2019-07-01,337.14,1,267.505546743183,359.46882169200643
Palm oil,Katsina,2019-08-01,337.14,1,270.458367359174,355.544199363393
Palm oil,Katsina,2019-09-01,332.14,1,273.41118797516503,346.4883497754208
Palm oil,Katsina,2019-10-01,338.59,1,276.364008591156,349.4430289902632
Palm oil,Katsina,2019-11-01,337.14,1,279.316829207147,344.2682059537981
Palm oil,Katsina,2019-12-01,338.23,1,282.269649823138,341.76822140486024
Palm oil,Katsina,2020-01-01,338.89,1,285.222470439129,338.89
Palm oil,Katsina,2020-02-01,337.14,1,288.17529105512,333.68545697228154
Palm oil,Katsina,2020-03-01,337.14,1,291.128111671111,330.30099062532406
Palm oil,Katsina,2020-04-01,362.98,1,294.08093228710203,352.0461238844342
Palm oil,Katsina,2020-05-01,368.15,1,297.03375290309305,353.51084334992385
Palm oil,Katsina,2020-06-01,368.15,1,299.986573519084,350.03117393014037
Palm oil,Katsina,2020-07-01,502.69,1,302.939394135075,473.29098308394964
Palm oil,Katsina,2020-08-01,528.57,1,307.2191314783556,490.7247816063559
Palm oil,Katsina,2020-09-01,528.57,1,311.49886882163617,483.9826281563013
Palm oil,Katsina,2020-10-01,528.57,1,315.7786061649168,477.4232270861164
Palm oil,Katsina,2020-11-01,514.09,1,320.05834350819737,458.13528315126183
Palm oil,Katsina,2021-01-01,936.0,1,328.6178181947585,812.397312469537
Palm oil,Katsina,2021-02-01,776.2,1,332.8975555380391,665.0384716614552
Palm oil,Katsina,2021-03-01,601.04,1,337.17729288131966,508.42721989904106
Palm oil,Katsina,2021-04-01,614.83,1,341.45703022460026,513.5736446390953
Palm oil,Katsina,2021-05-01,614.25,1,345.73676756788086,506.73783902036735
Palm oil,Katsina,2021-06-01,614.25,1,350.0165049111614,500.54183162506126
Palm oil,Katsina,2021-07-01,614.25,1,354.296242254442,494.4955141280176
Palm oil,Katsina,2021-08-01,603.72,1,359.8608154286513,478.5030836113679
Palm oil,Katsina,2021-09-01,600.38,1,365.4253886028605,468.6096591617712
Palm oil,Katsina,2021-10-01,689.84,1,370.98996177706977,530.3590104304811
Palm oil,Katsina,2021-11-01,686.07,1,376.554534951279,519.6659769865523
Palm oil,Katsina,2021-12-01,618.58,1,382.11910812548825,461.7223059839648
Palm oil,Katsina,2022-01-01,618.54,1,387.6836812996975,455.0655995474744
Palm oil,Katsina,2022-02-01,618.54,1,393.24825447390674,448.6262935901346
Palm oil,Katsina,2022-03-01,637.91,1,398.812827648116,456.2196938117577
Palm oil,Katsina,2022-04-01,613.41,1,404.3774008223252,432.66096284381393
Palm oil,Katsina,2022-05-01,676.66,1,409.9419739965345,470.79501268385013
Palm oil,Katsina,2022-06-01,707.52,1,415.5065471707437,485.6737003524683
Palm oil,Katsina,2022-07-01,707.65,1,421.071120344953,479.34344450148626
Palm oil,Katsina,2022-08-01,708.09,1,429.7239740376429,469.98350405172255
Palm oil,Katsina,2022-09-01,708.95,1,438.3768277303327,461.26632984854973
Palm oil,Katsina,2022-10-01,715.76,1,447.02968142302245,456.68295400797746
Palm oil,Katsina,2022-11-01,951.43,1,455.6825351157123,595.5225275004037
Palm oil,Katsina,2022-12-01,951.42,1,464.3353888084022,584.418869131617
Palm oil,Katsina,2023-01-01,951.43,1,472.988242501092,573.733532180293
Palm oil,Kebbi,2017-07-01,537.0,1,214.227339611353,714.9622774743888
Palm oil,Kebbi,2017-08-01,532.0,1,216.3865916876249,701.2373229329555
Palm oil,Kebbi,2017-09-01,533.0,1,218.5458437638968,695.6141289435477
Palm oil,Kebbi,2017-12-01,530.0,1,225.02359999271255,671.7869118511746
Palm oil,Kebbi,2018-01-01,528.0,1,227.1828520689845,662.8909841581304
Palm oil,Kebbi,2018-02-01,529.33,1,229.3421041452564,658.3039378670795
Palm oil,Kebbi,2018-07-01,473.33,1,240.138364526616,562.1940175993394
Palm oil,Kebbi,2018-08-01,482.13,1,242.41896304466323,567.2588808470467
Palm oil,Kebbi,2018-09-01,478.0,1,244.6995615627105,557.158092148702
Palm oil,Kebbi,2018-10-01,477.6,1,246.9801600807577,551.5513952099876
Palm oil,Kebbi,2018-11-01,471.34,1,249.26075859880495,539.3418521732108
Palm oil,Kebbi,2018-12-01,474.37,1,251.54135711685225,537.8876255301279
Palm oil,Kebbi,2019-01-01,476.27,1,253.8219556348995,535.1897382409345
Palm oil,Kebbi,2019-02-01,472.42,1,256.1025541529468,526.1361017289288
Palm oil,Kebbi,2019-03-01,468.0,1,258.383152670994,516.6130793964
Palm oil,Kebbi,2019-04-01,450.0,1,260.66375118904125,492.39724016909685
Palm oil,Kebbi,2019-05-01,448.53,1,262.9443497070885,486.5319783770723
Palm oil,Kebbi,2019-06-01,440.91,1,265.22494822513573,474.1538844021845
Palm oil,Kebbi,2019-07-01,433.78,1,267.505546743183,462.50930021225173
Palm oil,Kebbi,2019-08-01,413.29,1,270.458367359174,435.8511661472881
Palm oil,Kebbi,2019-09-01,414.67,1,273.41118797516503,432.58362136862087
Palm oil,Kebbi,2019-10-01,449.78,1,276.364008591156,464.1970689602191
Palm oil,Kebbi,2019-11-01,461.33,1,279.316829207147,471.0839753593928
Palm oil,Kebbi,2019-12-01,460.0,1,282.269649823138,464.81205642975397
Palm oil,Kebbi,2020-01-01,459.33,1,285.222470439129,459.33
Palm oil,Kebbi,2020-02-01,461.33,1,288.17529105512,456.6029301329496
Palm oil,Kebbi,2020-03-01,454.33,1,291.128111671111,445.11374820787654
Palm oil,Kebbi,2020-04-01,461.96,1,294.08093228710203,448.0445958169961
Palm oil,Kebbi,2020-05-01,468.86,1,297.03375290309305,450.2161999539463
Palm oil,Kebbi,2020-06-01,458.55,1,299.986573519084,435.9820584154988
Palm oil,Kebbi,2020-07-01,481.98,1,302.939394135075,453.7921741566414
Palm oil,Kebbi,2020-08-01,525.68,1,307.2191314783556,488.0417034542807
Palm oil,Kebbi,2020-09-01,521.42,1,311.49886882163617,477.435764370393
Palm oil,Kebbi,2020-10-01,527.49,1,315.7786061649168,476.44773266673394
Palm oil,Kebbi,2020-11-01,585.47,1,320.05834350819737,521.7461227150291
Palm oil,Kebbi,2021-01-01,794.67,1,328.6178181947585,689.7305259617168
Palm oil,Kebbi,2021-02-01,853.33,1,332.8975555380391,731.1224929436609
Palm oil,Kebbi,2021-03-01,726.89,1,337.17729288131966,614.8853019306767
Palm oil,Kebbi,2021-04-01,744.35,1,341.45703022460026,621.7629952785495
Palm oil,Kebbi,2021-05-01,719.57,1,345.73676756788086,593.6236822529683
Palm oil,Kebbi,2021-06-01,701.33,1,350.0165049111614,571.5018360172637
Palm oil,Kebbi,2021-07-01,792.69,1,354.296242254442,638.1467628720201
Palm oil,Kebbi,2021-08-01,792.95,1,359.8608154286513,628.4850926748064
Palm oil,Kebbi,2021-09-01,787.56,1,365.4253886028605,614.7077237240491
Palm oil,Kebbi,2021-10-01,835.18,1,370.98996177706977,642.0985131788954
Palm oil,Kebbi,2021-11-01,928.0,1,376.554534951279,702.9166508425094
Palm oil,Kebbi,2021-12-01,938.13,1,382.11910812548825,700.2417584026914
Palm oil,Kebbi,2022-01-01,920.0,1,387.6836812996975,676.8525100780491
Palm oil,Kebbi,2022-02-01,920.0,1,393.24825447390674,667.2748570875349
Palm oil,Kebbi,2022-03-01,921.46,1,398.812827648116,659.0086361082007
Palm oil,Kebbi,2022-04-01,924.44,1,404.3774008223252,652.0420281562664
Palm oil,Kebbi,2022-05-01,922.49,1,409.9419739965345,641.8344386408609
Palm oil,Kebbi,2022-06-01,940.62,1,415.5065471707437,645.6840739845358
Palm oil,Kebbi,2022-07-01,1131.44,1,421.071120344953,766.4076123037684
Palm oil,Kebbi,2022-08-01,1230.56,1,429.7239740376429,816.7646778600003
Palm oil,Kebbi,2022-09-01,1147.91,1,438.3768277303327,746.8682314640647
Palm oil,Kebbi,2022-10-01,1173.93,1,447.02968142302245,749.0133846520971
Palm oil,Kebbi,2022-11-01,1230.7,1,455.6825351157123,770.3242220602114
Palm oil,Kebbi,2022-12-01,1240.34,1,464.3353888084022,761.8907529153369
Palm oil,Kebbi,2023-01-01,1238.8,1,472.988242501092,747.0240581702774
Palm oil,Lagos,2017-06-01,626.0,1,211.69860726457676,843.4125703611614
Palm oil,Lagos,2018-01-01,604.27,1,227.1828520689845,758.646089009912
Palm oil,Lagos,2018-07-01,536.0,1,240.138364526616,636.6298215478544
Palm oil,Lagos,2018-08-01,536.0,1,242.41896304466323,630.64061587957
Palm oil,Lagos,2018-09-01,533.33,1,244.6995615627105,621.6508897189693
Palm oil,Lagos,2018-10-01,533.33,1,246.9801600807577,615.9106063805333
Palm oil,Lagos,2018-11-01,533.33,1,249.26075859880495,610.2753638976928
Palm oil,Lagos,2018-12-01,533.33,1,251.54135711685225,604.7423052131946
Palm oil,Lagos,2019-02-01,533.33,1,256.1025541529468,593.9718198532864
Palm oil,Lagos,2019-03-01,518.33,1,258.383152670994,572.1710629135387
Palm oil,Lagos,2019-04-01,526.66,1,260.66375118904125,576.2798455721256
Palm oil,Lagos,2019-08-01,533.33,1,270.458367359174,562.4440524603381
Palm oil,Lagos,2019-09-01,533.33,1,273.41118797516503,556.3696982770072
Palm oil,Lagos,2019-10-01,533.33,1,276.364008591156,550.4251473799495
Palm oil,Lagos,2019-11-01,533.33,1,279.316829207147,544.606283091117
Palm oil,Lagos,2019-12-01,533.33,1,282.269649823138,538.9091609906103
Palm oil,Lagos,2020-01-01,533.33,1,285.222470439129,533.33
Palm oil,Lagos,2020-02-01,533.33,1,288.17529105512,527.8651740138426
Palm oil,Lagos,2020-03-01,533.33,1,291.128111671111,522.5112040404701
Palm oil,Lagos,2020-04-01,533.33,1,294.08093228710203,517.264750816258
Palm oil,Lagos,2020-05-01,533.33,1,297.03375290309305,512.1226078604236
Palm oil,Lagos,2020-06-01,533.33,1,299.986573519084,507.08169494000214
Palm oil,Lagos,2020-07-01,533.33,1,302.939394135075,502.1390519170123
Palm oil,Lagos,2020-08-01,533.33,1,307.2191314783556,495.14396915095034
Palm oil,Lagos,2020-09-01,533.33,1,311.49886882163617,488.34109971167527
Palm oil,Lagos,2020-10-01,533.33,1,315.7786061649168,481.72262841598746
Palm oil,Lagos,2020-11-01,533.33,1,320.05834350819737,475.2811580911173
Palm oil,Lagos,2021-01-01,533.33,1,328.6178181947585,462.9015583967716
Palm oil,Lagos,2021-02-01,583.33,1,332.8975555380391,499.78986301762
Palm oil,Lagos,2021-03-01,600.0,1,337.17729288131966,507.54747094939546
Palm oil,Lagos,2021-04-01,657.78,1,341.45703022460026,549.4502089532132
Palm oil,Lagos,2021-05-01,666.67,1,345.73676756788086,549.982767830213
Palm oil,Lagos,2021-06-01,666.67,1,350.0165049111614,543.2579941220669
Palm oil,Lagos,2021-07-01,666.67,1,354.296242254442,536.6956848249499
Palm oil,Lagos,2021-08-01,716.13,1,359.8608154286513,567.5982463171816
Palm oil,Lagos,2021-09-01,772.44,1,365.4253886028605,602.9062345896242
Palm oil,Lagos,2021-10-01,746.66,1,370.98996177706977,574.0430516177998
Palm oil,Lagos,2021-11-01,749.88,1,376.554534951279,567.9990712648503
Palm oil,Lagos,2021-12-01,699.59,1,382.11910812548825,522.1900288456172
Palm oil,Lagos,2022-01-01,773.34,1,387.6836812996975,568.953391460607
Palm oil,Lagos,2022-02-01,773.34,1,393.24825447390674,560.9025412826894
Palm oil,Lagos,2022-03-01,764.3,1,398.812827648116,546.6111394715969
Palm oil,Lagos,2022-04-01,773.33,1,404.3774008223252,545.4585063758443
Palm oil,Lagos,2022-05-01,773.33,1,409.9419739965345,538.0544249088196
Palm oil,Lagos,2022-06-01,773.33,1,415.5065471707437,530.8486582620624
Palm oil,Lagos,2022-07-01,863.65,1,421.071120344953,585.0137297303874
Palm oil,Lagos,2022-08-01,845.52,1,429.7239740376429,561.2004863023237
Palm oil,Lagos,2022-09-01,862.22,1,438.3768277303327,560.9888637026821
Palm oil,Lagos,2022-10-01,874.84,1,447.02968142302245,558.1822335480314
Palm oil,Lagos,2022-11-01,874.66,1,455.6825351157123,547.4703697628865
Palm oil,Lagos,2022-12-01,922.15,1,464.3353888084022,566.4394906242464
Palm oil,Lagos,2023-01-01,973.33,1,472.988242501092,586.9397211324475
Palm oil,Oyo,2016-02-01,373.58,1,173.48767434328758,614.184326984567
Palm oil,Oyo,2016-03-01,374.13,1,175.56664976463767,607.8049732591339
Palm oil,Oyo,2016-04-01,343.58,1,177.64562518598774,551.6417096727113
Palm oil,Oyo,2016-05-01,334.08,1,179.72460060733783,530.1840849961739
Palm oil,Oyo,2016-06-01,333.73,1,181.8035760286879,523.5721823460191
Palm oil,Oyo,2016-07-01,331.42,1,183.882551450038,514.0696080596863
Palm oil,Oyo,2016-08-01,420.46,1,186.41128379681425,643.3335873141262
Palm oil,Oyo,2016-09-01,456.25,1,188.9400161435905,688.7516725887988
Palm oil,Oyo,2016-10-01,572.0,1,191.46874849036675,852.0829345651157
Palm oil,Oyo,2016-11-01,755.4,1,193.997480837143,1110.6177937980026
Palm oil,Oyo,2016-12-01,934.08,1,196.52621318391925,1355.6492076629575
Palm oil,Oyo,2017-01-01,880.0,1,199.05494553069548,1260.9371413368299
Palm oil,Oyo,2017-02-01,686.67,1,201.58367787747176,971.5752576728067
Palm oil,Oyo,2017-03-01,472.0,1,204.112410224248,659.5630608612341
Palm oil,Oyo,2018-01-01,523.73,1,227.1828520689845,657.5301044188213
Palm oil,Oyo,2018-07-01,466.66,1,240.138364526616,554.2717770961226
Palm oil,Oyo,2018-08-01,466.66,1,242.41896304466323,549.0573690417167
Palm oil,Oyo,2018-09-01,466.66,1,244.6995615627105,543.9401574939609
Palm oil,Oyo,2018-10-01,466.66,1,246.9801600807577,538.917449934449
Palm oil,Oyo,2018-11-01,466.67,1,249.26075859880495,533.9980951196001
Palm oil,Oyo,2018-12-01,480.0,1,251.54135711685225,544.2714763886027
Palm oil,Oyo,2019-01-01,429.34,1,253.8219556348995,482.453990837892
Palm oil,Oyo,2019-02-01,408.0,1,256.1025541529468,454.39128213327746
Palm oil,Oyo,2019-03-01,385.33,1,258.383152670994,425.35580744404876
Palm oil,Oyo,2019-04-01,333.33,1,260.66375118904125,364.735049034589
Palm oil,Oyo,2019-05-01,333.33,1,262.9443497070885,361.5715879705471
Palm oil,Oyo,2019-06-01,333.33,1,265.22494822513573,358.4625304206757
Palm oil,Oyo,2019-07-01,377.78,1,267.505546743183,402.8004136525069
Palm oil,Oyo,2019-08-01,400.0,1,270.458367359174,421.83567581822746
Palm oil,Oyo,2019-09-01,400.0,1,273.41118797516503,417.27988170701605
Palm oil,Oyo,2019-10-01,400.0,1,276.364008591156,412.82144066896626
Palm oil,Oyo,2019-11-01,400.0,1,279.316829207147,408.4572651762451
Palm oil,Oyo,2019-12-01,400.0,1,282.269649823138,404.1843968954382
Palm oil,Oyo,2020-01-01,400.0,1,285.222470439129,400.0
Palm oil,Oyo,2020-02-01,400.0,1,288.17529105512,395.90135489385005
Palm oil,Oyo,2020-03-01,400.0,1,291.128111671111,391.8858523169296
Palm oil,Oyo,2020-04-01,400.0,1,294.08093228710203,387.9509878058672
Palm oil,Oyo,2020-05-01,390.97,1,297.03375290309305,375.42342638739575
Palm oil,Oyo,2020-06-01,357.62,1,299.986573519084,340.0194171421888
Palm oil,Oyo,2020-07-01,420.32,1,302.939394135075,395.73826017992343
Palm oil,Oyo,2020-08-01,509.08,1,307.2191314783556,472.6302510928802
Palm oil,Oyo,2020-09-01,505.25,1,311.49886882163617,462.62978011610807
Palm oil,Oyo,2020-10-01,569.64,1,315.7786061649168,514.5191120898563
Palm oil,Oyo,2020-11-01,699.77,1,320.05834350819737,623.6054525292428
Palm oil,Oyo,2021-01-01,833.34,1,328.6178181947585,723.2939918518846
Palm oil,Oyo,2021-02-01,800.0,1,332.8975555380391,685.4300145956765
Palm oil,Oyo,2021-03-01,676.67,1,337.17729288131966,572.4035786122124
Palm oil,Oyo,2021-04-01,549.33,1,341.45703022460026,458.86083992257085
Palm oil,Oyo,2021-05-01,533.33,1,345.73676756788086,439.981264444009
Palm oil,Oyo,2021-06-01,584.0,1,350.0165049111614,475.89162339281364
Palm oil,Oyo,2021-07-01,760.0,1,354.296242254442,611.8300215503351
Palm oil,Oyo,2021-08-01,795.27,1,359.8608154286513,630.3239039680853
Palm oil,Oyo,2021-09-01,864.45,1,365.4253886028605,674.7220424770865
Palm oil,Oyo,2021-10-01,921.72,1,370.98996177706977,708.6317219847836
Palm oil,Oyo,2021-11-01,933.33,1,376.554534951279,706.9538768651287
Palm oil,Oyo,2021-12-01,944.0,1,382.11910812548825,704.6232610961601
Palm oil,Oyo,2022-01-01,866.67,1,387.6836812996975,637.6171357710247
Palm oil,Oyo,2022-02-01,866.67,1,393.24825447390674,628.5946743391888
Palm oil,Oyo,2022-03-01,866.67,1,398.812827648116,619.8239909012807
Palm oil,Oyo,2022-04-01,866.67,1,404.3774008223252,611.2946914263678
Palm oil,Oyo,2022-05-01,859.77,1,409.9419739965345,598.196181324733
Palm oil,Oyo,2022-06-01,853.34,1,415.5065471707437,585.7711378600962
Palm oil,Oyo,2022-07-01,922.58,1,421.071120344953,624.931357349228
Palm oil,Oyo,2022-08-01,988.89,1,429.7239740376429,656.3600493181768
Palm oil,Oyo,2022-09-01,1117.78,1,438.3768277303327,727.2646564329104
Palm oil,Oyo,2022-10-01,1186.67,1,447.02968142302245,757.1420043487294
Palm oil,Oyo,2022-11-01,1192.89,1,455.6825351157123,746.6580492836644
Palm oil,Oyo,2022-12-01,1209.46,1,464.3353888084022,742.922416451121
Palm oil,Oyo,2023-01-01,1320.0,1,472.988242501092,795.9894710887683
Palm oil,Yobe,2015-10-01,267.16,1,165.17177265788726,461.3381207716851
Palm oil,Yobe,2015-11-01,266.91,1,167.25074807923733,455.1772142079801
Palm oil,Yobe,2015-12-01,266.66,1,169.32972350058742,449.16759086915
Palm oil,Yobe,2016-01-01,268.16,1,171.4086989219375,446.2157297383696
Palm oil,Yobe,2016-02-01,270.91,1,173.48767434328758,445.3896783109081
Palm oil,Yobe,2016-03-01,272.86,1,175.56664976463767,443.2835244526963
Palm oil,Yobe,2016-04-01,277.16,1,177.64562518598774,444.99975625149506
Palm oil,Yobe,2016-05-01,279.66,1,179.72460060733783,443.81968753002275
Palm oil,Yobe,2016-12-01,733.0,9,196.52621318391925,1063.8177342593224
Palm oil,Yobe,2017-02-01,1000.0,7,201.58367787747176,1414.908555307217
Palm oil,Yobe,2017-03-01,933.0,9,204.112410224248,1303.7549486939226
Palm oil,Yobe,2017-04-01,933.0,10,206.64114257102423,1287.8004912707172
Palm oil,Yobe,2017-05-01,933.0,10,209.16987491780048,1272.231792576652
Palm oil,Yobe,2017-06-01,833.5,10,211.69860726457676,1122.978238651802
Palm oil,Yobe,2017-07-01,783.5,10,214.227339611353,1043.1525966502488
Palm oil,Yobe,2017-08-01,816.5,10,216.3865916876249,1076.2411168698463
Palm oil,Yobe,2017-09-01,933.0,12,218.5458437638968,1217.6509986948029
Palm oil,Yobe,2017-10-01,933.0,12,220.70509584016872,1205.7381996853485
Palm oil,Yobe,2017-11-01,760.0,12,222.86434791644064,972.650311996121
Palm oil,Yobe,2017-12-01,800.0,12,225.02359999271255,1014.0179801527164
Palm oil,Yobe,2018-01-01,720.0,12,227.1828520689845,903.9422511247235
Palm oil,Yobe,2018-02-01,800.0,11,229.3421041452564,994.9240554921572
Palm oil,Yobe,2018-03-01,733.0,11,231.5013562215283,903.0965271400834
Palm oil,Yobe,2018-04-01,767.0,11,233.66060829780025,936.2538102613998
Palm oil,Yobe,2018-05-01,767.0,11,235.81986037407216,927.6811311812
Palm oil,Yobe,2018-06-01,800.0,11,237.97911245034408,958.81514138731
Palm oil,Yobe,2018-07-01,703.5,12,240.138364526616,835.5766407815588
Palm oil,Yobe,2018-08-01,467.0,12,242.41896304466323,549.4574022682074
Palm oil,Yobe,2018-09-01,467.0,12,244.6995615627105,544.3364624130625
Palm oil,Yobe,2018-10-01,483.5,12,246.9801600807577,558.3649488777827
Palm oil,Yobe,2018-11-01,440.0,12,249.26075859880495,503.4803219676089
Palm oil,Yobe,2018-12-01,467.0,12,251.54135711685225,529.5307905697446
Palm oil,Yobe,2019-01-01,467.0,12,253.8219556348995,524.7729392120361
Palm oil,Yobe,2019-02-01,440.0,12,256.1025541529468,490.0298140652992
Palm oil,Yobe,2019-03-01,420.0,12,258.383152670994,463.6271225352308
Palm oil,Yobe,2019-04-01,420.0,12,260.66375118904125,459.57075749115705
Palm oil,Yobe,2019-05-01,413.5,12,262.9443497070885,448.5340402178659
Palm oil,Yobe,2019-06-01,400.0,11,265.22494822513573,430.1593380981919
Palm oil,Yobe,2019-07-01,400.0,12,267.505546743183,426.49204685532
Palm oil,Yobe,2019-08-01,400.0,12,270.458367359174,421.83567581822746
Palm oil,Yobe,2019-09-01,400.0,11,273.41118797516503,417.27988170701605
Palm oil,Yobe,2019-10-01,400.0,12,276.364008591156,412.82144066896626
Palm oil,Yobe,2019-11-01,413.5,12,279.316829207147,422.24269787594335
Palm oil,Yobe,2019-12-01,440.0,12,282.269649823138,444.6028365849821
Palm oil,Yobe,2020-01-01,467.0,11,285.222470439129,467.0
Palm oil,Yobe,2020-02-01,440.0,12,288.17529105512,435.49149038323503
Palm oil,Yobe,2020-03-01,441.665,2,291.128111671111,432.7056624088917
Palm oil,Yobe,2020-04-01,444.665,2,294.08093228710203,431.2705649817399
Palm oil,Yobe,2020-05-01,467.0,12,297.03375290309305,448.43016119629084
Palm oil,Yobe,2020-06-01,490.0,12,299.986573519084,465.8842190024957
Palm oil,Yobe,2020-07-01,533.0,7,302.939394135075,501.82835143676056
Palm oil,Yobe,2020-08-01,533.0,12,307.2191314783556,494.8375969052116
Palm oil,Yobe,2020-09-01,516.5,12,311.49886882163617,472.9307895694602
Palm oil,Yobe,2020-10-01,400.0,12,315.7786061649168,361.29422940092434
Palm oil,Yobe,2020-11-01,600.0,12,320.05834350819737,534.6946446940362
Palm oil,Yobe,2020-12-01,633.0,11,324.3380808514779,556.6593454397507
Palm oil,Yobe,2021-01-01,667.0,12,328.6178181947585,578.9198797192106
Palm oil,Yobe,2021-02-01,667.0,12,332.8975555380391,571.4772746691452
Palm oil,Yobe,2021-03-01,667.0,12,337.17729288131966,564.2236052054112
Palm oil,Yobe,2021-04-01,539.995,2,341.45703022460026,451.0632211129715
Palm oil,Yobe,2021-05-01,699.5,12,345.73676756788086,577.0665338131819
Palm oil,Yobe,2021-06-01,707.0,12,350.0165049111614,576.1222221553411
Palm oil,Yobe,2021-07-01,770.2,12,354.296242254442,620.0414244711424
Palm oil,Yobe,2021-08-01,800.0,12,359.8608154286513,634.0728597513653
Palm oil,Yobe,2021-09-01,800.0,12,365.4253886028605,624.4174145198324
Palm oil,Yobe,2021-10-01,810.5,12,370.98996177706977,623.1241707553997
Palm oil,Yobe,2021-11-01,830.0,12,376.554534951279,628.6862286630203
Palm oil,Yobe,2021-12-01,867.0,12,382.11910812548825,647.1486942482743
Palm oil,Yobe,2022-01-01,867.0,12,387.6836812996975,637.8599198235527
Palm oil,Yobe,2022-02-01,873.5,12,393.24825447390674,633.5484648543062
Palm oil,Yobe,2022-03-01,875.5,12,398.812827648116,626.1390195046228
Palm oil,Yobe,2022-04-01,1244.0,12,404.3774008223252,877.4396207719218
Palm oil,Yobe,2022-05-01,1244.0,12,409.9419739965345,865.5292107981993
Palm oil,Yobe,2022-06-01,995.5550000000001,2,415.5065471707437,683.3939404602013
Palm oil,Yobe,2022-07-01,1038.71,2,421.071120344953,703.5947562186658
Palm oil,Yobe,2022-08-01,1034.825,2,429.7239740376429,686.8486768353229
Palm oil,Yobe,2022-09-01,1071.425,2,438.3768277303327,697.1045595006451
Palm oil,Yobe,2022-10-01,1071.43,2,447.02968142302245,683.6143643298973
Palm oil,Yobe,2022-11-01,1071.425,2,455.6825351157123,670.630234517642
Palm oil,Yobe,2022-12-01,1071.435,2,464.3353888084022,658.1392350886402
Palm oil,Yobe,2023-01-01,1071.435,2,472.988242501092,646.0992264818138
Palm oil,Yobe,2023-02-01,1183.5,10,481.6410961937818,700.8554636062371
Palm oil,Yobe,2023-03-01,1173.5,10,490.2939498864717,682.6691806778772
Palm oil,Yobe,2023-04-01,1166.5,10,498.9468035791615,666.8286265801416
Palm oil,Yobe,2023-05-01,1244.5,10,507.5996572718513,699.2900002518975
Palm oil,Yobe,2023-06-01,1226.5,10,516.2525109645411,677.6245201015971
Palm oil,Yobe,2023-07-01,1216.62,5,524.905364657231,661.0855696097766
Palm oil,Yobe,2023-08-01,1239.9,5,539.4459689640813,655.5750926762852
Palm oil,Yobe,2023-09-01,1240.5549999999998,8,553.9865732709317,638.7053024163604
Palm oil,Yobe,2023-10-01,1200.0,10,568.5271775777819,602.0239278361116
Palm oil,Yobe,2023-12-01,1200.0,3,597.6083861914826,572.7278472583004
Palm oil,Yobe,2024-01-01,1316.5,10,612.148990498333,613.4052137003987
Palm oil,Yobe,2024-02-01,1295.33,10,626.6895948051833,589.5378281312757
Palm oil,Yobe,2024-03-01,1477.785,10,641.2301991120337,657.3263222187163
Palm oil,Yobe,2024-04-01,1483.5,10,655.770803418884,645.2369222454822
Palm oil,Yobe,2024-05-01,1437.225,10,670.3114077257343,611.5498861457603
Palm oil,Yobe,2024-06-01,1401.615,10,684.8520120325846,583.7350053452409
Palm oil,Yobe,2024-07-01,1479.87,5,699.392616339435,603.5124870747857
Palm oil,Yobe,2024-08-01,1506.45,5,712.8035417854693,602.7935685010157
Palm oil,Yobe,2024-09-01,1704.52,11,726.2144672315035,669.4543103310597
Palm oil,Yobe,2024-10-01,1791.905,10,739.6253926775378,691.0140943674353
Palm oil,Yobe,2024-11-01,2117.19,8,753.036318123572,801.9137293321428
Palm oil,Yobe,2024-12-01,2356.25,10,766.4472435696063,876.8450165496142
Palm oil,Yobe,2025-01-01,2350.05,10,779.8581690156404,859.4986797426651
Palm oil,Yobe,2025-02-01,2391.3,7,793.2690944616747,859.7996547740727
Palm oil,Yobe,2025-03-01,2078.1800000000003,6,806.680019907709,734.793993887445
Palm oil,Yobe,2025-04-01,2087.96,5,820.0909453537432,726.1793496832266
Palm oil,Yobe,2025-05-01,2359.0299999999997,10,833.5018707997775,807.254774118736
Palm oil,Yobe,2025-06-01,2465.215,10,846.9127962458117,830.2327176781923
Palm oil,Yobe,2025-07-01,2347.225,8,860.323721691846,778.1737226307492
Palm oil,Yobe,2025-08-01,2250.0,8,860.323721691846,745.9407921776506
Palm oil,Yobe,2025-09-01,2300.0,11,860.323721691846,762.5172542260428
Palm oil,Yobe,2025-10-01,2383.0,12,860.323721691846,790.034181226374
Palm oil,Yobe,2025-11-01,2247.825,12,860.323721691846,745.2197160785455
Palm oil,Yobe,2025-12-01,2437.5,11,860.323721691846,808.1025248591214
Palm oil,Yobe,2026-01-01,2125.0,11,860.323721691846,704.4996370566699
Palm oil,Yobe,2026-02-01,2031.25,11,860.323721691846,673.4187707159346
Palm oil,Yobe,2026-03-01,2000.0,11,860.323721691846,663.0584819356894
Palm oil,Yobe,2026-04-01,1937.5,6,860.323721691846,642.3379043751991
Palm oil,Yobe,2026-05-01,1937.5,6,860.323721691846,642.3379043751991
Palm oil,Yobe,2026-06-01,1937.5,4,860.323721691846,642.3379043751991
Palm oil,Zamfara,2018-01-01,406.4,1,227.1828520689845,510.225181745955
Palm oil,Zamfara,2018-07-01,398.67,1,240.138364526616,473.5171846203043
Palm oil,Zamfara,2018-08-01,393.07,1,242.41896304466323,462.47370687272866
Palm oil,Zamfara,2018-09-01,382.67,1,244.6995615627105,446.04118644883647
Palm oil,Zamfara,2018-10-01,381.33,1,246.9801600807577,440.3749864644568
Palm oil,Zamfara,2018-11-01,381.33,1,249.26075859880495,436.3457981270643
Palm oil,Zamfara,2018-12-01,382.0,1,251.54135711685225,433.14938329259627
Palm oil,Zamfara,2019-02-01,373.33,1,256.1025541529468,415.77916019317763
Palm oil,Zamfara,2019-03-01,377.33,1,258.383152670994,416.5248146338539
Palm oil,Zamfara,2019-04-01,325.26,1,260.66375118904125,355.90472519422315
Palm oil,Zamfara,2019-08-01,350.22,1,270.458367359174,369.33822596264906
Palm oil,Zamfara,2019-09-01,340.67,1,273.41118797516503,355.38684325282287
Palm oil,Zamfara,2019-10-01,366.0,1,276.364008591156,377.7316182121042
Palm oil,Zamfara,2019-11-01,373.0,1,279.316829207147,380.88639977684846
Palm oil,Zamfara,2019-12-01,398.67,1,282.269649823138,402.84048377576096
Palm oil,Zamfara,2020-01-01,386.37,1,285.222470439129,386.37
Palm oil,Zamfara,2020-02-01,382.68,1,288.17529105512,378.7588262269464
Palm oil,Zamfara,2020-03-01,403.0,1,291.128111671111,394.82499620930656
Palm oil,Zamfara,2020-04-01,388.44,1,294.08093228710203,376.7392042582777
Palm oil,Zamfara,2020-05-01,394.25,1,297.03375290309305,378.57300011057316
Palm oil,Zamfara,2020-06-01,400.94,1,299.986573519084,381.20738523849104
Palm oil,Zamfara,2020-07-01,416.51,1,302.939394135075,392.15108190792705
Palm oil,Zamfara,2020-08-01,420.65,1,307.2191314783556,390.5317732423588
Palm oil,Zamfara,2020-09-01,430.22,1,311.49886882163617,393.92891440188424
Palm oil,Zamfara,2020-10-01,405.94,1,315.7786061649168,366.65944870752804
Palm oil,Zamfara,2020-11-01,511.5,1,320.05834350819737,455.8271846016659
Palm oil,Zamfara,2021-01-01,669.83,1,328.6178181947585,581.3761664652457
Palm oil,Zamfara,2021-02-01,669.67,1,332.8975555380391,573.7648973428583
Palm oil,Zamfara,2021-03-01,551.11,1,337.17729288131966,466.19081119153554
Palm oil,Zamfara,2021-04-01,472.49,1,341.45703022460026,394.6756198551244
Palm oil,Zamfara,2021-05-01,514.93,1,345.73676756788086,424.80181594913756
Palm oil,Zamfara,2021-06-01,569.78,1,350.0165049111614,464.30398831636535
Palm oil,Zamfara,2021-07-01,644.66,1,354.296242254442,518.9767653850514
Palm oil,Zamfara,2021-08-01,663.39,1,359.8608154286513,525.7969930380729
Palm oil,Zamfara,2021-09-01,674.48,1,365.4253886028605,526.4463221816708
Palm oil,Zamfara,2021-10-01,722.67,1,370.98996177706977,555.5991912150582
Palm oil,Zamfara,2021-11-01,791.33,1,376.554534951279,599.395510033624
Palm oil,Zamfara,2021-12-01,842.66,1,382.11910812548825,628.9807597407737
Palm oil,Zamfara,2022-01-01,850.66,1,387.6836812996975,625.8384306771665
Palm oil,Zamfara,2022-02-01,850.66,1,393.24825447390674,616.9826412283504
Palm oil,Zamfara,2022-03-01,755.35,1,398.812827648116,540.2102894149821
Palm oil,Zamfara,2022-04-01,705.56,1,404.3774008223252,497.657796488615
Palm oil,Zamfara,2022-05-01,719.57,1,409.9419739965345,500.65020435213853
Palm oil,Zamfara,2022-06-01,792.0,1,415.5065471707437,543.664589946793
Palm oil,Zamfara,2022-07-01,826.49,1,421.071120344953,559.8425258899646
Palm oil,Zamfara,2022-08-01,850.89,1,429.7239740376429,564.764738610304
Palm oil,Zamfara,2022-09-01,993.77,1,438.3768277303327,646.5796468207817
Palm oil,Zamfara,2022-10-01,1025.2,1,447.02968142302245,654.1178110665286
Palm oil,Zamfara,2022-11-01,1055.2,1,455.6825351157123,660.474623480893
Palm oil,Zamfara,2022-12-01,1004.99,1,464.3353888084022,617.3247559317481
Palm oil,Zamfara,2023-01-01,981.33,1,472.988242501092,591.7638997451068
Rice (imported),Abia,2014-09-01,204.64285714285717,1,147.98844555465368,394.4141791154316
Rice (imported),Abia,2014-10-01,188.92857142857144,1,149.08308563857202,361.4539747992081
Rice (imported),Abia,2014-12-01,212.14285714285717,1,151.2723658064087,399.99314797347813
Rice (imported),Abia,2015-01-01,220.71428571428572,1,152.367005890327,413.1647364518625
Rice (imported),Abia,2015-02-01,220.71428571428572,1,153.46164597424533,410.2176373320103
Rice (imported),Abia,2015-03-01,220.71428571428572,1,154.55628605816366,407.3122836876758
Rice (imported),Abia,2015-04-01,194.64285714285717,1,155.650926142082,356.67321707382155
Rice (imported),Abia,2015-05-01,186.7857142857143,1,156.74556622600034,339.88510267968024
Rice (imported),Abia,2015-06-01,187.14285714285717,1,157.84020630991867,338.1733291359015
Rice (imported),Abia,2015-07-01,213.92857142857144,1,158.934846393837,383.9135156627104
Rice (imported),Abia,2015-08-01,220.71428571428572,1,161.0138218151871,390.9768311995842
Rice (imported),Abia,2015-09-01,220.71428571428572,1,163.09279723653717,385.99297393455487
Rice (imported),Abia,2015-10-01,228.57142857142858,1,165.17177265788726,394.70247536772837
Rice (imported),Abia,2015-11-01,252.85714285714286,1,167.25074807923733,431.21205604249946
Rice (imported),Abia,2015-12-01,252.85714285714286,1,169.32972350058742,425.9177742863547
Rice (imported),Abia,2016-01-01,205.71428571428572,1,171.4086989219375,342.3066457249681
Rice (imported),Abia,2016-02-01,220.71428571428572,1,173.48767434328758,362.8653970429573
Rice (imported),Abia,2016-03-01,312.5,1,175.56664976463767,507.68196654499593
Rice (imported),Abia,2016-04-01,251.07142857142858,1,177.64562518598774,403.1127309712814
Rice (imported),Abia,2016-05-01,349.64285714285717,1,179.72460060733783,554.8822985205151
Rice (imported),Abia,2016-06-01,389.28571428571433,1,181.8035760286879,610.7307433694912
Rice (imported),Abia,2016-07-01,390.7142857142857,1,183.882551450038,606.0416985108417
Rice (imported),Abia,2016-08-01,466.0714285714286,1,186.41128379681425,713.1223043511314
Rice (imported),Abia,2016-09-01,484.64285714285717,1,188.9400161435905,731.6133226637965
Rice (imported),Abia,2016-10-01,484.64285714285717,1,191.46874849036675,721.9508879900487
Rice (imported),Abia,2016-11-01,510.3571428571429,1,193.997480837143,750.3464708089119
Rice (imported),Abia,2016-12-01,510.3571428571429,1,196.52621318391925,740.6916499008828
Rice (imported),Abia,2017-01-01,517.8571428571429,1,199.05494553069548,742.0287560626637
Rice (imported),Abia,2017-02-01,525.3571428571429,1,201.58367787747176,743.3323160203273
Rice (imported),Abia,2021-03-01,708.0821428571429,1,337.17729288131966,598.9755013859524
Rice (imported),Abia,2021-04-01,574.6071428571429,1,341.45703022460026,479.9750900131746
Rice (imported),Abia,2021-05-01,542.0392857142857,1,345.73676756788086,447.16616411396114
Rice (imported),Abia,2021-06-01,541.5714285714287,1,350.0165049111614,441.3173053527781
Rice (imported),Abia,2021-07-01,576.5535714285714,1,354.296242254442,464.14840004219155
Rice (imported),Abia,2021-08-01,593.9857142857144,1,359.8608154286513,470.78777563575045
Rice (imported),Abia,2021-09-01,593.4035714285715,1,365.4253886028605,463.16440479782915
Rice (imported),Abia,2021-10-01,607.1321428571429,1,370.98996177706977,466.7720087067317
Rice (imported),Abia,2021-11-01,610.7142857142858,1,376.554534951279,462.58754346547545
Rice (imported),Abia,2021-12-01,645.7142857142858,1,382.11910812548825,481.9759594665018
Rice (imported),Abia,2022-01-01,650.7142857142858,1,387.6836812996975,478.73651916234684
Rice (imported),Abia,2022-02-01,650.7142857142858,1,393.24825447390674,471.96226304871453
Rice (imported),Abia,2022-03-01,616.2678571428571,1,398.812827648116,440.7416925455664
Rice (imported),Abia,2022-04-01,616.7750000000001,1,404.3774008223252,435.0344229112557
Rice (imported),Abia,2022-05-01,618.6178571428572,1,409.9419739965345,430.4114354329023
Rice (imported),Abia,2022-06-01,607.8928571428571,1,415.5065471707437,417.2851274118129
Rice (imported),Abia,2022-07-01,616.3035714285714,1,421.071120344953,417.46778320799723
Rice (imported),Abia,2022-08-01,625.2535714285715,1,429.7239740376429,415.00213874063184
Rice (imported),Abia,2022-09-01,636.8107142857143,1,438.3768277303327,414.33012340334983
Rice (imported),Abia,2022-10-01,689.0892857142858,1,447.02968142302245,439.6659921974505
Rice (imported),Abia,2022-11-01,798.475,1,455.6825351157123,499.7843773539671
Rice (imported),Abia,2022-12-01,797.8357142857144,1,464.3353888084022,490.0782471418229
Rice (imported),Abia,2023-01-01,823.2142857142858,1,472.988242501092,496.4165938472973
Rice (imported),Adamawa,2019-02-01,300.0,1,256.1025541529468,334.11123686270406
Rice (imported),Adamawa,2019-03-01,300.0,1,258.383152670994,331.16223038230765
Rice (imported),Adamawa,2019-04-01,300.0,1,260.66375118904125,328.2648267793979
Rice (imported),Adamawa,2019-08-01,300.0,1,270.458367359174,316.3767568636706
Rice (imported),Adamawa,2019-09-01,307.5,1,273.41118797516503,320.7839090622686
Rice (imported),Adamawa,2019-10-01,316.7857142857143,1,276.364008591156,326.93983738694027
Rice (imported),Adamawa,2020-01-01,303.2142857142857,1,285.222470439129,303.21428571428567
Rice (imported),Adamawa,2020-02-01,300.0,1,288.17529105512,296.9260161703875
Rice (imported),Adamawa,2020-03-01,310.0,1,291.128111671111,303.7115355456204
Rice (imported),Adamawa,2020-04-01,321.15357142857147,1,294.08093228710203,311.4796131827411
Rice (imported),Adamawa,2020-05-01,369.28571428571433,1,297.03375290309305,354.6013969692297
Rice (imported),Adamawa,2020-06-01,400.26428571428573,1,299.986573519084,380.56492682569757
Rice (imported),Adamawa,2020-07-01,444.0785714285715,1,302.939394135075,418.10734973431846
Rice (imported),Adamawa,2020-08-01,467.8464285714286,1,307.2191314783556,434.3489726734924
Rice (imported),Adamawa,2020-09-01,506.8107142857143,1,311.49886882163617,464.0588407926525
Rice (imported),Adamawa,2020-10-01,499.0892857142858,1,315.7786061649168,450.79519721100155
Rice (imported),Adamawa,2020-11-01,462.4642857142858,1,320.05834350819737,412.12862822280215
Rice (imported),Adamawa,2020-12-01,464.16071428571433,1,324.3380808514779,408.1823055183774
Rice (imported),Adamawa,2021-01-01,466.78571428571433,1,328.6178181947585,405.1447219924012
Rice (imported),Adamawa,2021-02-01,454.28571428571433,1,332.8975555380391,389.2263297168306
Rice (imported),Adamawa,2021-03-01,466.78571428571433,1,337.17729288131966,394.85984793503565
Rice (imported),Adamawa,2021-04-01,466.78571428571433,1,341.45703022460026,389.91077297981184
Rice (imported),Adamawa,2021-05-01,466.78571428571433,1,345.73676756788086,385.0842232685739
Rice (imported),Adamawa,2021-06-01,466.78571428571433,1,350.0165049111614,380.37570436301826
Rice (imported),Adamawa,2021-07-01,448.1928571428572,1,354.296242254442,360.8129545321324
Rice (imported),Adamawa,2021-08-01,443.23571428571427,1,359.8608154286513,351.30467112635245
Rice (imported),Adamawa,2021-09-01,431.1321428571429,1,365.4253886028605,336.50802244906527
Rice (imported),Adamawa,2021-10-01,409.64285714285717,1,370.98996177706977,314.9393777458551
Rice (imported),Adamawa,2021-11-01,409.64285714285717,1,376.554534951279,310.2853288625148
Rice (imported),Adamawa,2021-12-01,436.78571428571433,1,382.11910812548825,326.02687966124546
Rice (imported),Adamawa,2022-01-01,443.5714285714286,1,387.6836812996975,326.3396030733451
Rice (imported),Adamawa,2022-02-01,443.5714285714286,1,393.24825447390674,321.7218060957758
Rice (imported),Adamawa,2022-03-01,463.04285714285714,1,398.812827648116,331.1584243975416
Rice (imported),Adamawa,2022-04-01,514.5714285714286,1,404.3774008223252,362.94643018149543
Rice (imported),Adamawa,2022-05-01,558.5714285714286,1,409.9419739965345,388.6333502780155
Rice (imported),Adamawa,2022-06-01,580.3571428571429,1,415.5065471707437,398.38336880570824
Rice (imported),Adamawa,2022-07-01,586.407142857143,1,421.071120344953,397.2167310639695
Rice (imported),Adamawa,2022-08-01,590.2535714285715,1,429.7239740376429,391.77144399588144
Rice (imported),Adamawa,2022-09-01,555.6178571428571,1,438.3768277303327,361.5033637951922
Rice (imported),Adamawa,2022-10-01,616.6821428571429,1,447.02968142302245,393.4673950541656
Rice (imported),Adamawa,2022-11-01,645.8214285714286,1,455.6825351157123,404.2348984757455
Rice (imported),Adamawa,2022-12-01,634.2750000000001,1,464.3353888084022,389.60950812307544
Rice (imported),Adamawa,2023-01-01,648.5714285714287,1,472.988242501092,391.10305181201386
Rice (imported),Adamawa,2023-06-01,732.1428571428571,2,516.2525109645411,404.49894188115843
Rice (imported),Adamawa,2023-07-01,789.4589285714286,2,524.905364657231,428.9752802667776
Rice (imported),Adamawa,2023-08-01,927.6785714285716,2,539.4459689640813,490.4935603178398
Rice (imported),Adamawa,2023-09-01,941.4678571428572,2,553.9865732709317,484.7189462875176
Rice (imported),Adamawa,2023-10-01,963.9982142857143,2,568.5271775777819,483.62499282606944
Rice (imported),Adamawa,2023-11-01,1091.4714285714285,2,583.0677818846323,533.9210756331336
Rice (imported),Adamawa,2023-12-01,1055.0160714285714,2,597.6083861914826,503.5309028434957
Rice (imported),Adamawa,2024-09-01,1964.2857142857144,2,726.2144672315035,771.477916451726
Rice (imported),Adamawa,2024-10-01,2053.571428571429,2,739.6253926775378,791.9207775708679
Rice (imported),Adamawa,2024-11-01,1958.3339285714287,2,753.036318123572,741.744890131911
Rice (imported),Adamawa,2024-12-01,2236.3089285714286,2,766.4472435696063,832.210648056558
Rice (imported),Adamawa,2025-01-01,2369.0482142857145,2,779.8581690156404,866.4470170529519
Rice (imported),Adamawa,2025-09-01,1250.0,1,860.323721691846,414.4115512098059
Rice (imported),Adamawa,2025-10-01,1428.5714285714287,3,860.323721691846,473.61320138263534
Rice (imported),Adamawa,2025-11-01,1378.9678571428572,4,860.323721691846,457.16816699762677
Rice (imported),Borno,2015-09-01,192.14285714285717,1,163.09279723653717,336.0262459171368
Rice (imported),Borno,2016-01-01,2321.4285714285716,1,171.4086989219375,3862.8354118268976
Rice (imported),Borno,2016-06-01,375.0,8,181.8035760286879,588.3186059981336
Rice (imported),Borno,2016-07-01,357.14285714285717,8,183.882551450038,553.9686458051569
Rice (imported),Borno,2016-08-01,389.28571428571433,8,186.41128379681425,595.6347216419413
Rice (imported),Borno,2016-09-01,401.78571428571433,8,188.9400161435905,606.5327840801555
Rice (imported),Borno,2016-10-01,397.5,8,191.46874849036675,592.1380533035551
Rice (imported),Borno,2016-11-01,410.7142857142857,9,193.997480837143,603.8477546747716
Rice (imported),Borno,2016-12-01,428.5714285714286,9,196.52621318391925,621.9943876004613
Rice (imported),Borno,2017-01-01,428.5714285714286,9,199.05494553069548,614.0927636380665
Rice (imported),Borno,2017-02-01,446.42857142857144,9,201.58367787747176,631.6556050478648
Rice (imported),Borno,2017-03-01,435.7142857142857,9,204.112410224248,608.858152429408
Rice (imported),Borno,2017-04-01,446.42857142857144,9,206.64114257102423,616.1960703140394
Rice (imported),Borno,2017-05-01,432.8571428571429,9,209.16987491780048,590.2407489675786
Rice (imported),Borno,2017-06-01,428.5714285714286,9,211.69860726457676,577.4161823558842
Rice (imported),Borno,2017-07-01,419.64285714285717,8,214.227339611353,558.7128731261018
Rice (imported),Borno,2017-08-01,821.4285714285714,9,216.3865916876249,1082.7375421225818
Rice (imported),Borno,2017-09-01,401.78571428571433,8,218.5458437638968,524.3673914912164
Rice (imported),Borno,2017-10-01,407.14285714285717,8,220.70509584016872,526.1604454299868
Rice (imported),Borno,2017-11-01,392.8571428571429,8,222.86434791644064,502.77976653934826
Rice (imported),Borno,2017-12-01,392.8571428571429,8,225.02359999271255,497.955258110709
Rice (imported),Borno,2018-01-01,392.8571428571429,10,227.1828520689845,493.22245845099
Rice (imported),Borno,2018-02-01,410.7142857142857,8,229.3421041452564,510.78690348927717
Rice (imported),Borno,2018-03-01,428.5714285714286,8,231.5013562215283,528.0236954629215
Rice (imported),Borno,2018-04-01,392.8571428571429,8,233.66060829780025,479.5488877293443
Rice (imported),Borno,2018-05-01,392.8571428571429,8,235.81986037407216,475.157964378525
Rice (imported),Borno,2018-06-01,430.7142857142858,8,237.97911245034408,516.2192234433464
Rice (imported),Borno,2018-07-01,419.64285714285717,8,240.138364526616,498.4275321953151
Rice (imported),Borno,2018-08-01,428.5714285714286,8,242.41896304466323,504.24356280349417
Rice (imported),Borno,2018-09-01,428.5714285714286,8,244.6995615627105,499.5440156742697
Rice (imported),Borno,2018-10-01,428.5714285714286,8,246.9801600807577,494.9312591618698
Rice (imported),Borno,2018-11-01,428.5714285714286,8,249.26075859880495,490.4029110074113
Rice (imported),Borno,2018-12-01,484.6428571428572,8,251.54135711685225,549.5360070381948
Rice (imported),Borno,2019-01-01,428.5714285714286,9,253.8219556348995,481.5903388302565
Rice (imported),Borno,2019-02-01,428.5714285714286,10,256.1025541529468,477.3017669467201
Rice (imported),Borno,2019-03-01,428.5714285714286,10,258.383152670994,473.0889005461539
Rice (imported),Borno,2019-04-01,428.5714285714286,10,260.66375118904125,468.949752541997
Rice (imported),Borno,2019-05-01,428.5714285714286,9,262.9443497070885,464.8824047861799
Rice (imported),Borno,2019-06-01,428.5714285714286,9,265.22494822513573,460.8850051052056
Rice (imported),Borno,2019-07-01,428.5714285714286,8,267.505546743183,456.9557644878428
Rice (imported),Borno,2019-08-01,415.3571428571429,10,270.458367359174,438.03115265767724
Rice (imported),Borno,2019-09-01,417.8571428571429,10,273.41118797516503,435.9084478546507
Rice (imported),Borno,2019-10-01,446.42857142857144,10,276.364008591156,460.73821503232847
Rice (imported),Borno,2019-11-01,450.0,8,279.316829207147,459.5144233232757
Rice (imported),Borno,2019-12-01,467.8571428571429,8,282.269649823138,472.751392797343
Rice (imported),Borno,2020-01-01,474.64285714285717,10,285.222470439129,474.64285714285717
Rice (imported),Borno,2020-02-01,531.25,10,288.17529105512,525.8064869683946
Rice (imported),Borno,2020-03-01,539.2857142857143,10,291.128111671111,528.3461044630034
Rice (imported),Borno,2020-04-01,555.3571428571429,10,294.08093228710203,538.6283803911818
Rice (imported),Borno,2020-05-01,568.5714285714287,10,297.03375290309305,545.9626924323151
Rice (imported),Borno,2020-06-01,607.1428571428572,10,299.986573519084,577.2617873937629
Rice (imported),Borno,2020-07-01,585.0,10,302.939394135075,550.7872149915664
Rice (imported),Borno,2020-08-01,590.0,10,307.2191314783556,547.7564393509847
Rice (imported),Borno,2020-09-01,599.6428571428571,10,311.49886882163617,549.0601546723301
Rice (imported),Borno,2020-10-01,447.8571428571429,10,315.7786061649168,404.52050327567775
Rice (imported),Borno,2020-11-01,613.9285714285714,10,320.05834350819737,547.1071989458621
Rice (imported),Borno,2020-12-01,619.2857142857143,10,324.3380808514779,544.5990210971157
Rice (imported),Borno,2021-01-01,629.2857142857142,10,328.6178181947585,546.1859220739179
Rice (imported),Borno,2021-02-01,635.7142857142858,10,332.8975555380391,544.6720651697788
Rice (imported),Borno,2021-03-01,683.7803571428572,10,337.17729288131966,578.4183182545526
Rice (imported),Borno,2021-04-01,666.7857142857143,10,341.45703022460026,556.9727721142377
Rice (imported),Borno,2021-05-01,667.5,10,345.73676756788086,550.6674929525359
Rice (imported),Borno,2021-06-01,655.3571428571429,8,350.0165049111614,534.0393400965099
Rice (imported),Borno,2021-07-01,642.8571428571429,8,354.296242254442,517.5253941685166
Rice (imported),Borno,2021-08-01,674.2857142857143,8,359.8608154286513,534.4328389332937
Rice (imported),Borno,2021-09-01,651.7857142857143,8,365.4253886028605,508.73293816905993
Rice (imported),Borno,2021-10-01,696.4285714285716,8,370.98996177706977,535.4243998294834
Rice (imported),Borno,2021-11-01,705.3571428571429,8,376.554534951279,534.2750867510607
Rice (imported),Borno,2021-12-01,687.5,8,382.11910812548825,513.1657754275531
Rice (imported),Borno,2022-01-01,710.0,8,387.6836812996975,522.3535675602335
Rice (imported),Borno,2022-02-01,714.2857142857143,8,393.24825447390674,518.0705412170303
Rice (imported),Borno,2022-03-01,705.3571428571429,8,398.812827648116,504.45645897104913
Rice (imported),Borno,2022-04-01,714.2857142857143,8,404.3774008223252,503.8123683807544
Rice (imported),Borno,2022-05-01,714.2857142857143,8,409.9419739965345,496.97359370590226
Rice (imported),Borno,2022-06-01,510.5946428571429,2,415.5065471707437,350.4952362853002
Rice (imported),Borno,2022-07-01,551.3660714285714,2,421.071120344953,373.48083354740896
Rice (imported),Borno,2022-08-01,572.7017857142857,2,429.7239740376429,380.1217246772003
Rice (imported),Borno,2022-09-01,634.6196428571429,2,438.3768277303327,412.90453982722573
Rice (imported),Borno,2022-10-01,734.0196428571429,2,447.02968142302245,468.3333223425179
Rice (imported),Borno,2022-11-01,701.1017857142858,2,455.6825351157123,438.836180763291
Rice (imported),Borno,2022-12-01,747.3321428571429,2,464.3353888084022,459.0559435310163
Rice (imported),Borno,2023-01-01,777.8571428571429,2,472.988242501092,469.06522403445274
Rice (imported),Borno,2023-02-01,1200.0,3,481.6410961937818,710.626579068428
Rice (imported),Borno,2023-03-01,1232.142857142857,3,490.2939498864717,716.7839410002669
Rice (imported),Borno,2023-04-01,1280.0,3,498.9468035791615,731.7107947043132
Rice (imported),Borno,2023-05-01,1235.0,3,507.5996572718513,693.9519086469213
Rice (imported),Borno,2023-06-01,928.5714285714287,13,516.2525109645411,513.0230482395181
Rice (imported),Borno,2023-07-01,898.6178571428572,15,524.905364657231,488.28993272410673
Rice (imported),Borno,2023-08-01,928.5714285714287,13,539.4459689640813,490.9656426665576
Rice (imported),Borno,2023-09-01,977.4839285714286,12,553.9865732709317,503.2619821010325
Rice (imported),Borno,2023-10-01,1087.267857142857,15,568.5271775777819,545.467721639246
Rice (imported),Borno,2023-11-01,1071.4285714285716,13,583.0677818846323,524.1166010822221
Rice (imported),Borno,2023-12-01,1107.142857142857,2,597.6083861914826,528.4096209823604
Rice (imported),Borno,2024-01-01,1455.357142857143,13,612.148990498333,678.1038049560862
Rice (imported),Borno,2024-02-01,1540.8375,8,626.6895948051833,701.2745734702543
Rice (imported),Borno,2024-03-01,1643.75,8,641.2301991120337,731.1484026072904
Rice (imported),Borno,2024-04-01,1507.9357142857145,1,655.770803418884,655.865048351707
Rice (imported),Borno,2024-05-01,1592.857142857143,9,670.3114077257343,677.7725160366309
Rice (imported),Borno,2024-06-01,1613.3535714285715,10,684.8520120325846,671.9184338364106
Rice (imported),Borno,2024-08-01,2142.857142857143,5,712.8035417854693,857.4466486977649
Rice (imported),Borno,2024-09-01,2219.8678571428572,17,726.2144672315035,871.858414879062
Rice (imported),Borno,2024-10-01,2250.0,17,739.6253926775378,867.6697215124291
Rice (imported),Borno,2024-11-01,2267.857142857143,13,753.036318123572,858.9809034716345
Rice (imported),Borno,2024-12-01,2321.4285714285716,13,766.4472435696063,863.886715812428
Rice (imported),Borno,2025-01-01,2321.4285714285716,15,779.8581690156404,849.0307832853591
Rice (imported),Borno,2025-02-01,2321.4285714285716,9,793.2690944616747,834.6771564826472
Rice (imported),Borno,2025-03-01,2142.857142857143,9,806.680019907709,757.6622613682352
Rice (imported),Borno,2025-04-01,2075.8928571428573,13,820.0909453537432,721.9824733290175
Rice (imported),Borno,2025-05-01,2100.0750000000003,16,833.5018707997775,718.6409540181367
Rice (imported),Borno,2025-06-01,2029.7625000000003,14,846.9127962458117,683.5814468986607
Rice (imported),Borno,2025-07-01,1902.2821428571428,8,860.323721691846,630.6621549281138
Rice (imported),Borno,2025-08-01,1883.6392857142857,11,860.323721691846,624.4815026500704
Rice (imported),Borno,2025-09-01,1964.2857142857144,15,860.323721691846,651.2181519011236
Rice (imported),Borno,2025-10-01,1786.2571428571428,16,860.323721691846,592.1964747448194
Rice (imported),Borno,2025-11-01,1565.4750000000001,15,860.323721691846,519.0007385041367
Rice (imported),Borno,2025-12-01,1607.1428571428573,16,860.323721691846,532.8148515554648
Rice (imported),Borno,2026-01-01,1428.5714285714287,15,860.323721691846,473.61320138263534
Rice (imported),Borno,2026-02-01,1957.6714285714286,9,860.323721691846,649.0253227787219
Rice (imported),Borno,2026-03-01,1942.7357142857143,11,860.323721691846,644.0736967582665
Rice (imported),Borno,2026-04-01,2197.7035714285716,4,860.323721691846,728.6029969080358
Rice (imported),Borno,2026-05-01,1321.4285714285716,7,860.323721691846,438.09221127893767
Rice (imported),Borno,2026-06-01,1428.5714285714287,7,860.323721691846,473.61320138263534
Rice (imported),Borno,2026-07-01,1250.0,1,860.323721691846,414.4115512098059
Rice (imported),Gombe,2018-01-01,357.14285714285717,1,227.1828520689845,448.3840531372636
Rice (imported),Gombe,2019-01-01,357.14285714285717,1,253.8219556348995,401.32528235854704
Rice (imported),Gombe,2019-02-01,357.14285714285717,1,256.1025541529468,397.75147245560004
Rice (imported),Gombe,2019-03-01,357.14285714285717,1,258.383152670994,394.2407504551283
Rice (imported),Gombe,2019-04-01,357.14285714285717,1,260.66375118904125,390.7914604516642
Rice (imported),Gombe,2019-05-01,357.14285714285717,1,262.9443497070885,387.4020039884832
Rice (imported),Gombe,2019-06-01,357.14285714285717,1,265.22494822513573,384.07083758767135
Rice (imported),Gombe,2019-08-01,335.7142857142857,1,270.458367359174,354.04065649029803
Rice (imported),Gombe,2019-09-01,410.7142857142857,1,273.41118797516503,428.4570213955969
Rice (imported),Gombe,2019-10-01,392.8571428571429,1,276.364008591156,405.44962922844906
Rice (imported),Gombe,2020-01-01,407.14285714285717,1,285.222470439129,407.14285714285717
Rice (imported),Gombe,2020-02-01,392.8571428571429,1,288.17529105512,388.83168784217423
Rice (imported),Gombe,2020-03-01,428.5714285714286,1,291.128111671111,419.877698910996
Rice (imported),Gombe,2020-04-01,450.00000000000006,1,294.08093228710203,436.4448612816007
Rice (imported),Gombe,2020-05-01,464.28571428571433,1,297.03375290309305,445.8238066344281
Rice (imported),Gombe,2020-06-01,464.28571428571433,1,299.986573519084,441.4354844775834
Rice (imported),Gombe,2020-07-01,508.06428571428575,1,302.939394135075,478.3509623337623
Rice (imported),Gombe,2020-08-01,546.0821428571429,1,307.2191314783556,506.98306807556673
Rice (imported),Gombe,2020-09-01,607.1428571428572,1,311.49886882163617,555.9274943078983
Rice (imported),Gombe,2020-10-01,607.1428571428572,1,315.7786061649168,548.3930267692602
Rice (imported),Gombe,2020-11-01,607.1428571428572,1,320.05834350819737,541.0600571308701
Rice (imported),Gombe,2020-12-01,591.0142857142857,1,324.3380808514779,519.7371649782878
Rice (imported),Gombe,2021-01-01,631.1750000000001,1,328.6178181947585,547.8257197627778
Rice (imported),Gombe,2021-02-01,642.8571428571429,1,332.8975555380391,550.791976014383
Rice (imported),Gombe,2021-03-01,607.1428571428572,1,337.17729288131966,513.5897027464122
Rice (imported),Gombe,2021-04-01,607.1428571428572,1,341.45703022460026,507.15249737236434
Rice (imported),Gombe,2021-05-01,623.2714285714286,1,345.73676756788086,514.1802471915718
Rice (imported),Gombe,2021-06-01,607.1428571428572,1,350.0165049111614,494.75034232374225
Rice (imported),Gombe,2021-07-01,607.1428571428572,1,354.296242254442,488.77398338137687
Rice (imported),Gombe,2021-08-01,607.1428571428572,1,359.8608154286513,481.2160096327327
Rice (imported),Gombe,2021-09-01,602.3821428571429,1,365.4253886028605,470.1723752447169
Rice (imported),Gombe,2021-10-01,587.5571428571429,1,370.98996177706977,451.7224644222938
Rice (imported),Gombe,2021-11-01,633.9285714285714,1,376.554534951279,480.17128049778876
Rice (imported),Gombe,2021-12-01,607.1428571428572,1,382.11910812548825,453.18536011783914
Rice (imported),Gombe,2022-01-01,607.1428571428572,1,387.6836812996975,446.68061612293616
Rice (imported),Gombe,2022-02-01,607.1428571428572,1,393.24825447390674,440.3599600344757
Rice (imported),Gombe,2022-03-01,607.1428571428572,1,398.812827648116,434.21568620292834
Rice (imported),Gombe,2022-04-01,630.9535714285715,1,404.3774008223252,445.0350984236137
Rice (imported),Gombe,2022-05-01,687.7892857142857,1,409.9419739965345,478.5383582473818
Rice (imported),Gombe,2022-06-01,681.2857142857143,1,415.5065471707437,467.66530112847323
Rice (imported),Gombe,2022-07-01,762.6714285714286,1,421.071120344953,516.6135089299764
Rice (imported),Gombe,2022-08-01,764.882142857143,1,429.7239740376429,507.6783878978523
Rice (imported),Gombe,2022-09-01,791.6678571428572,1,438.3768277303327,515.0853049204482
Rice (imported),Gombe,2022-10-01,838.7107142857143,1,447.02968142302245,535.1303321757862
Rice (imported),Gombe,2022-11-01,869.0464285714286,1,455.6825351157123,543.9567027086135
Rice (imported),Gombe,2022-12-01,892.8571428571429,1,464.3353888084022,548.4460718974354
Rice (imported),Gombe,2023-01-01,892.8571428571429,1,472.988242501092,538.4127915914288
Rice (imported),Jigawa,2015-09-01,209.64285714285717,1,163.09279723653717,366.63086682780533
Rice (imported),Jigawa,2015-10-01,217.5,1,165.17177265788726,375.584074217104
Rice (imported),Jigawa,2015-11-01,217.14285714285717,1,167.25074807923733,370.30639840937806
Rice (imported),Jigawa,2015-12-01,217.14285714285717,1,169.32972350058742,365.7598965622933
Rice (imported),Jigawa,2016-01-01,216.7857142857143,1,171.4086989219375,360.72939922752727
Rice (imported),Jigawa,2016-02-01,216.7857142857143,1,173.48767434328758,356.40662783992735
Rice (imported),Jigawa,2016-03-01,217.5,1,175.56664976463767,353.34664871531714
Rice (imported),Jigawa,2016-04-01,217.85714285714286,1,177.64562518598774,349.7848732467734
Rice (imported),Jigawa,2019-01-01,219.64285714285717,1,253.8219556348995,246.81504865050644
Rice (imported),Kaduna,2018-01-01,326.78571428571433,1,227.1828520689845,410.2714086205962
Rice (imported),Kaduna,2019-01-01,268.2142857142857,1,253.8219556348995,301.39528705126884
Rice (imported),Kaduna,2019-02-01,290.89285714285717,2,256.1025541529468,323.96857431508624
Rice (imported),Kaduna,2019-03-01,314.82142857142856,2,258.383152670994,347.5232215261955
Rice (imported),Kaduna,2019-04-01,317.32142857142856,2,260.66375118904125,347.2182126113036
Rice (imported),Kaduna,2019-05-01,290.0,1,262.9443497070885,314.5704272386484
Rice (imported),Kaduna,2019-06-01,300.0,1,265.22494822513573,322.6195035736439
Rice (imported),Kaduna,2019-08-01,325.17857142857144,2,270.458367359174,342.92980610044293
Rice (imported),Kaduna,2019-09-01,364.1071428571429,2,273.41118797516503,379.8364637502704
Rice (imported),Kaduna,2019-10-01,382.67857142857144,2,276.364008591156,394.94479792571195
Rice (imported),Kaduna,2020-01-01,393.2142857142857,2,285.222470439129,393.2142857142857
Rice (imported),Kaduna,2020-02-01,338.2142857142857,2,288.17529105512,334.7487348968536
Rice (imported),Kaduna,2020-03-01,366.78571428571433,1,291.128111671111,359.3453306513274
Rice (imported),Kaduna,2020-04-01,462.0803571428571,2,294.08093228710203,448.16132749814835
Rice (imported),Kaduna,2020-05-01,521.1696428571429,2,297.03375290309305,500.44579648188846
Rice (imported),Kaduna,2020-06-01,492.8339285714286,2,299.986573519084,468.5786732865954
Rice (imported),Kaduna,2020-07-01,526.8017857142858,2,302.939394135075,495.9926297541119
Rice (imported),Kaduna,2020-08-01,545.9446428571429,2,307.2191314783556,506.8554129731756
Rice (imported),Kaduna,2020-09-01,594.0607142857143,2,311.49886882163617,543.9488918864287
Rice (imported),Kaduna,2020-10-01,605.7142857142858,2,315.7786061649168,547.1026902356855
Rice (imported),Kaduna,2020-11-01,540.2035714285714,2,320.05834350819737,481.40659447908234
Rice (imported),Kaduna,2020-12-01,532.7303571428572,2,324.3380808514779,468.48235687682075
Rice (imported),Kaduna,2021-01-01,536.25,2,328.6178181947585,465.43596026900553
Rice (imported),Kaduna,2021-02-01,539.4196428571429,2,332.8975555380391,462.16801709595757
Rice (imported),Kaduna,2021-03-01,565.35,2,337.17729288131966,478.23660450206785
Rice (imported),Kaduna,2021-04-01,553.2732142857143,2,341.45703022460026,462.1546462305051
Rice (imported),Kaduna,2021-05-01,577.3321428571428,2,345.73676756788086,476.28171342031186
Rice (imported),Kaduna,2021-06-01,589.6732142857143,2,350.0165049111614,480.5146287974093
Rice (imported),Kaduna,2021-07-01,571.3589285714286,2,354.296242254442,459.96650734320207
Rice (imported),Kaduna,2021-08-01,581.5660714285714,2,359.8608154286513,460.9440775563513
Rice (imported),Kaduna,2021-09-01,631.0357142857143,2,365.4253886028605,492.5371114799518
Rice (imported),Kaduna,2021-10-01,587.575,2,370.98996177706977,451.7361932530586
Rice (imported),Kaduna,2021-11-01,555.8928571428572,2,376.554534951279,421.06287216608916
Rice (imported),Kaduna,2021-12-01,600.7142857142858,2,382.11910812548825,448.386926893062
Rice (imported),Kaduna,2022-01-01,596.0714285714287,2,387.6836812996975,438.5352637112826
Rice (imported),Kaduna,2022-02-01,596.0714285714287,2,393.24825447390674,432.32986664561173
Rice (imported),Kaduna,2022-03-01,632.4660714285715,2,398.812827648116,452.32631163246873
Rice (imported),Kaduna,2022-04-01,653.3928571428571,2,404.3774008223252,460.862363976295
Rice (imported),Kaduna,2022-05-01,701.0875000000001,2,409.9419739965345,487.7907641282015
Rice (imported),Kaduna,2022-06-01,704.7017857142857,2,415.5065471707437,483.7391507135478
Rice (imported),Kaduna,2022-07-01,737.1660714285715,2,421.071120344953,499.3368527495233
Rice (imported),Kaduna,2022-08-01,744.375,2,429.7239740376429,494.067097160673
Rice (imported),Kaduna,2022-09-01,845.3982142857144,2,438.3768277303327,550.0440532676342
Rice (imported),Kaduna,2022-10-01,836.3357142857144,2,447.02968142302245,533.6149890219792
Rice (imported),Kaduna,2022-11-01,865.2017857142857,2,455.6825351157123,541.5502498622433
Rice (imported),Kaduna,2022-12-01,876.2392857142858,2,464.3353888084022,538.2383936072804
Rice (imported),Kaduna,2023-01-01,864.6428571428571,2,472.988242501092,521.3989473771396
Rice (imported),Kano,2018-01-01,283.2142857142857,1,227.1828520689845,355.5685541378501
Rice (imported),Kano,2019-02-01,345.3571428571429,1,256.1025541529468,384.6256738645653
Rice (imported),Kano,2019-03-01,310.7142857142857,1,258.383152670994,342.98945289596156
Rice (imported),Kano,2019-04-01,333.92857142857144,1,260.66375118904125,365.390015522306
Rice (imported),Kano,2019-08-01,309.2857142857143,1,270.458367359174,326.1693707665937
Rice (imported),Kano,2019-09-01,347.8571428571429,1,273.41118797516503,362.8844685559229
Rice (imported),Kano,2019-10-01,330.7142857142857,1,276.364008591156,341.31486969594897
Rice (imported),Kano,2019-11-01,344.28571428571433,1,279.316829207147,351.56500324098243
Rice (imported),Kano,2019-12-01,346.42857142857144,1,282.269649823138,350.0525580255135
Rice (imported),Kano,2020-01-01,365.7142857142857,1,285.222470439129,365.7142857142857
Rice (imported),Kano,2020-02-01,394.28571428571433,1,288.17529105512,390.2456212525094
Rice (imported),Kano,2020-03-01,386.25,1,291.128111671111,378.41477614353516
Rice (imported),Kano,2020-04-01,400.0,1,294.08093228710203,387.9509878058672
Rice (imported),Kano,2020-05-01,384.37857142857143,1,297.03375290309305,369.0941000987458
Rice (imported),Kano,2020-06-01,466.0857142857143,1,299.986573519084,443.1468958943272
Rice (imported),Kano,2020-07-01,468.76785714285717,1,302.939394135075,441.352722244921
Rice (imported),Kano,2020-08-01,502.05,1,307.2191314783556,466.1035938579015
Rice (imported),Kano,2020-09-01,529.0714285714287,1,311.49886882163617,484.4417588633651
Rice (imported),Kano,2020-10-01,467.98214285714283,1,315.7786061649168,422.69811919241175
Rice (imported),Kano,2020-11-01,484.66785714285714,1,320.05834350819737,431.91551278269986
Rice (imported),Kano,2020-12-01,501.8678571428572,1,324.3380808514779,441.3419160416954
Rice (imported),Kano,2021-01-01,500.9571428571429,1,328.6178181947585,434.8036714952573
Rice (imported),Kano,2021-02-01,502.9464285714286,1,332.8975555380391,430.91822234569713
Rice (imported),Kano,2021-03-01,488.5571428571429,1,337.17729288131966,413.2765704523423
Rice (imported),Kano,2021-04-01,494.1071428571429,1,341.45703022460026,412.7326353615682
Rice (imported),Kano,2021-05-01,619.0321428571428,1,345.73676756788086,510.6829635418411
Rice (imported),Kano,2021-06-01,639.5714285714286,1,350.0165049111614,521.1758311960926
Rice (imported),Kano,2021-07-01,625.1857142857143,1,354.296242254442,503.29919611103986
Rice (imported),Kano,2021-08-01,610.0821428571429,1,359.8608154286513,483.54566125583705
Rice (imported),Kano,2021-09-01,619.0107142857144,1,365.4253886028605,483.1513372179506
Rice (imported),Kano,2021-10-01,636.7178571428572,1,370.98996177706977,489.51793551794935
Rice (imported),Kano,2021-11-01,649.6428571428572,1,376.554534951279,492.0741178735086
Rice (imported),Kano,2021-12-01,533.9285714285714,1,382.11910812548825,398.53653728009965
Rice (imported),Kano,2022-01-01,505.3571428571429,1,387.6836812996975,371.79592459644385
Rice (imported),Kano,2022-02-01,505.3571428571429,1,393.24825447390674,366.53490791104883
Rice (imported),Kano,2022-03-01,510.21785714285716,1,398.812827648116,364.8969832155091
Rice (imported),Kano,2022-04-01,507.6071428571429,1,404.3774008223252,358.0342595897831
Rice (imported),Kano,2022-05-01,509.40000000000003,1,409.9419739965345,354.4216880873013
Rice (imported),Kano,2022-06-01,577.6071428571429,1,415.5065471707437,396.4956445350596
Rice (imported),Kano,2022-07-01,693.225,1,421.071120344953,469.5723299859293
Rice (imported),Kano,2022-08-01,552.9035714285715,1,429.7239740376429,366.980974032555
Rice (imported),Kano,2022-09-01,599.0,1,438.3768277303327,389.72922149556564
Rice (imported),Kano,2022-10-01,594.3535714285715,1,447.02968142302245,379.2208906968697
Rice (imported),Kano,2022-11-01,581.5357142857143,1,455.6825351157123,363.99695027819314
Rice (imported),Kano,2022-12-01,586.2892857142857,1,464.3353888084022,360.1338224350196
Rice (imported),Kano,2023-01-01,606.7857142857143,1,472.988242501092,365.905333165535
Rice (imported),Katsina,2018-01-01,335.7142857142857,1,227.1828520689845,421.4810099490278
Rice (imported),Katsina,2019-01-01,336.0714285714286,1,253.8219556348995,377.6470906993928
Rice (imported),Katsina,2019-02-01,317.8571428571429,1,256.1025541529468,353.99881048548406
Rice (imported),Katsina,2019-03-01,303.5714285714286,1,258.383152670994,335.10463788685905
Rice (imported),Katsina,2019-04-01,303.2142857142857,1,260.66375118904125,331.7819499234629
Rice (imported),Katsina,2019-05-01,308.92857142857144,1,262.9443497070885,335.102733450038
Rice (imported),Katsina,2019-06-01,303.2142857142857,1,265.22494822513573,326.076141111933
Rice (imported),Katsina,2019-08-01,303.2142857142857,1,270.458367359174,319.76650783006704
Rice (imported),Katsina,2019-09-01,335.0,1,273.41118797516503,349.4719009296259
Rice (imported),Katsina,2019-10-01,335.7142857142857,1,276.364008591156,346.475137704311
Rice (imported),Katsina,2020-01-01,411.78571428571433,1,285.222470439129,411.78571428571433
Rice (imported),Katsina,2020-02-01,396.0714285714286,1,288.17529105512,392.0130380154284
Rice (imported),Katsina,2020-03-01,411.78571428571433,1,291.128111671111,403.432489036982
Rice (imported),Katsina,2020-04-01,443.325,1,294.08093228710203,429.9709291725902
Rice (imported),Katsina,2020-05-01,495.00000000000006,1,297.03375290309305,475.31676615024406
Rice (imported),Katsina,2020-06-01,470.21785714285716,1,299.986573519084,447.07567170617773
Rice (imported),Katsina,2020-07-01,483.1214285714286,1,302.939394135075,454.8668481121439
Rice (imported),Katsina,2020-08-01,484.27500000000003,1,307.2191314783556,449.60127062152225
Rice (imported),Katsina,2020-09-01,483.92857142857144,1,311.49886882163617,443.10691458070715
Rice (imported),Katsina,2020-10-01,493.88214285714287,1,315.7786061649168,446.0919205461217
Rice (imported),Katsina,2020-11-01,495.52500000000003,1,320.05834350819737,441.5909396866872
Rice (imported),Katsina,2020-12-01,495.8392857142857,1,324.3380808514779,436.0403984660787
Rice (imported),Katsina,2021-01-01,496.00357142857143,1,328.6178181947585,430.50423974771735
Rice (imported),Katsina,2021-02-01,495.7142857142857,1,332.8975555380391,424.72181261553527
Rice (imported),Katsina,2021-03-01,495.4464285714286,1,337.17729288131966,419.1043030205648
Rice (imported),Katsina,2021-04-01,495.4535714285715,1,341.45703022460026,413.85732060574105
Rice (imported),Katsina,2021-05-01,495.3571428571429,1,345.73676756788086,408.6547954655791
Rice (imported),Katsina,2021-06-01,495.4285714285715,1,350.0165049111614,403.71627933617367
Rice (imported),Katsina,2021-07-01,495.475,1,354.296242254442,398.8769472732268
Rice (imported),Katsina,2021-08-01,495.725,1,359.8608154286513,392.90721050030703
Rice (imported),Katsina,2021-09-01,496.0714285714286,1,365.4253886028605,387.19454855716396
Rice (imported),Katsina,2021-10-01,496.0714285714286,1,370.98996177706977,381.3869186477705
Rice (imported),Katsina,2021-11-01,495.7142857142857,1,376.554534951279,375.48041539770753
Rice (imported),Katsina,2021-12-01,499.28571428571433,1,382.11910812548825,372.678313791023
Rice (imported),Katsina,2022-01-01,675.7142857142858,1,387.6836812996975,497.1292504144678
Rice (imported),Katsina,2022-02-01,675.7142857142858,1,393.24825447390674,490.0947319913106
Rice (imported),Katsina,2022-03-01,675.7142857142858,1,398.812827648116,483.2565166446709
Rice (imported),Katsina,2022-04-01,675.7142857142858,1,404.3774008223252,476.60650048819366
Rice (imported),Katsina,2022-05-01,675.7142857142858,1,409.9419739965345,470.13701964578354
Rice (imported),Katsina,2022-06-01,675.7142857142858,1,415.5065471707437,463.84082078793847
Rice (imported),Katsina,2022-07-01,675.7142857142858,1,421.071120344953,457.71103400430604
Rice (imported),Katsina,2022-08-01,675.7142857142858,1,429.7239740376429,448.4946373170173
Rice (imported),Katsina,2022-09-01,675.7142857142858,1,438.3768277303327,439.642074331988
Rice (imported),Katsina,2022-10-01,675.7142857142858,1,447.02968142302245,431.1322175944318
Rice (imported),Katsina,2022-11-01,675.7142857142858,1,455.6825351157123,422.9455443876075
Rice (imported),Katsina,2022-12-01,675.7142857142858,1,464.3353888084022,415.0639872119792
Rice (imported),Katsina,2023-01-01,675.7142857142858,1,472.988242501092,407.4708006763933
Rice (imported),Kebbi,2018-01-01,221.07142857142858,1,227.1828520689845,277.5497288919662
Rice (imported),Kebbi,2019-01-01,252.85714285714286,1,253.8219556348995,284.1382999098513
Rice (imported),Kebbi,2019-02-01,251.07142857142858,1,256.1025541529468,279.6192851362868
Rice (imported),Kebbi,2019-03-01,251.42857142857144,1,258.383152670994,277.5454883204103
Rice (imported),Kebbi,2019-04-01,251.07142857142858,1,260.66375118904125,274.7263966975199
Rice (imported),Kebbi,2019-05-01,251.7857142857143,1,262.9443497070885,273.1184128118807
Rice (imported),Kebbi,2019-06-01,249.64285714285717,1,265.22494822513573,268.46551547378226
Rice (imported),Kebbi,2019-08-01,252.50000000000003,1,270.458367359174,266.2837703602561
Rice (imported),Kebbi,2019-09-01,267.8571428571429,1,273.41118797516503,279.42849221451974
Rice (imported),Kebbi,2019-10-01,305.3571428571429,1,276.364008591156,315.1449390821127
Rice (imported),Kebbi,2020-01-01,337.8571428571429,1,285.222470439129,337.8571428571429
Rice (imported),Kebbi,2020-02-01,318.92857142857144,1,288.17529105512,315.66063385732866
Rice (imported),Kebbi,2020-03-01,350.3571428571429,1,291.128111671111,343.25001885973927
Rice (imported),Kebbi,2020-04-01,344.98928571428576,1,294.08093228710203,334.59733543824433
Rice (imported),Kebbi,2020-05-01,371.6,1,297.03375290309305,356.8236571746075
Rice (imported),Kebbi,2020-06-01,397.51428571428573,1,299.986573519084,377.9502704945611
Rice (imported),Kebbi,2020-07-01,410.7035714285715,1,302.939394135075,386.6842329815945
Rice (imported),Kebbi,2020-08-01,412.6392857142858,1,307.2191314783556,383.0946201342217
Rice (imported),Kebbi,2020-09-01,457.3464285714286,1,311.49886882163617,418.7671008152149
Rice (imported),Kebbi,2020-10-01,465.7821428571429,1,315.7786061649168,420.71100093070675
Rice (imported),Kebbi,2020-11-01,457.9642857142857,1,320.05834350819737,408.1184183875968
Rice (imported),Kebbi,2020-12-01,432.7428571428572,1,324.3380808514779,380.5534843615647
Rice (imported),Kebbi,2021-01-01,428.225,1,328.6178181947585,371.6761101840465
Rice (imported),Kebbi,2021-02-01,422.8571428571429,1,332.8975555380391,362.2987220005719
Rice (imported),Kebbi,2021-03-01,367.9,1,337.17729288131966,311.21119093713764
Rice (imported),Kebbi,2021-04-01,369.1678571428572,1,341.45703022460026,308.3696011522893
Rice (imported),Kebbi,2021-05-01,391.625,1,345.73676756788086,323.0788867828268
Rice (imported),Kebbi,2021-06-01,427.5,1,350.0165049111614,348.3624469185408
Rice (imported),Kebbi,2021-07-01,434.0678571428572,1,354.296242254442,349.4417715658186
Rice (imported),Kebbi,2021-08-01,445.6928571428572,1,359.8608154286513,353.25218062416025
Rice (imported),Kebbi,2021-09-01,444.7607142857143,1,365.4253886028605,347.14541911784954
Rice (imported),Kebbi,2021-10-01,443.37500000000006,1,370.98996177706977,340.8731390606729
Rice (imported),Kebbi,2021-11-01,447.5,1,376.554534951279,338.9603461767489
Rice (imported),Kebbi,2021-12-01,465.7142857142857,1,382.11910812548825,347.6198291727424
Rice (imported),Kebbi,2022-01-01,478.5714285714286,1,387.6836812996975,352.08942682631437
Rice (imported),Kebbi,2022-02-01,478.5714285714286,1,393.24825447390674,347.1072626154102
Rice (imported),Kebbi,2022-03-01,490.56428571428575,1,398.812827648116,350.8411660321284
Rice (imported),Kebbi,2022-04-01,508.14285714285717,1,404.3774008223252,358.4121188660687
Rice (imported),Kebbi,2022-05-01,508.4214285714286,1,409.9419739965345,353.74083426392417
Rice (imported),Kebbi,2022-06-01,507.975,1,415.5065471707437,348.6969950482603
Rice (imported),Kebbi,2022-07-01,531.1857142857143,1,421.071120344953,359.8111919108269
Rice (imported),Kebbi,2022-08-01,539.5535714285714,1,429.7239740376429,358.12012332277163
Rice (imported),Kebbi,2022-09-01,551.2035714285714,1,438.3768277303327,358.63128343644837
Rice (imported),Kebbi,2022-10-01,551.2785714285715,1,447.02968142302245,351.7373511809794
Rice (imported),Kebbi,2022-11-01,593.1321428571429,1,455.6825351157123,371.25542904471826
Rice (imported),Kebbi,2022-12-01,627.7642857142857,1,464.3353888084022,385.6102393667993
Rice (imported),Kebbi,2023-01-01,630.3571428571429,1,472.988242501092,380.11943086354876
Rice (imported),Lagos,2018-01-01,393.2142857142857,1,227.1828520689845,493.6708425041272
Rice (imported),Lagos,2019-02-01,358.2142857142857,1,256.1025541529468,398.94472687296684
Rice (imported),Lagos,2019-03-01,347.8571428571429,1,258.383152670994,383.9904909432949
Rice (imported),Lagos,2019-04-01,351.78571428571433,1,260.66375118904125,384.92958854488927
Rice (imported),Lagos,2019-08-01,371.78571428571433,1,270.458367359174,392.08119511319177
Rice (imported),Lagos,2019-09-01,462.14285714285717,1,273.41118797516503,482.1072919007847
Rice (imported),Lagos,2019-10-01,556.7857142857143,1,276.364008591156,574.63270178832
Rice (imported),Lagos,2020-01-01,580.3571428571429,1,285.222470439129,580.3571428571429
Rice (imported),Lagos,2020-02-01,588.5714285714286,1,288.17529105512,582.5405650580936
Rice (imported),Lagos,2020-03-01,695.7142857142858,1,291.128111671111,681.6014645655168
Rice (imported),Lagos,2020-04-01,698.0964285714286,1,294.08093228710203,677.0679976200845
Rice (imported),Lagos,2020-05-01,698.6535714285715,1,297.03375290309305,670.8722348095902
Rice (imported),Lagos,2020-06-01,691.2107142857144,1,299.986573519084,657.1921710023618
Rice (imported),Lagos,2020-07-01,708.9285714285714,1,302.939394135075,667.4680230514405
Rice (imported),Lagos,2020-08-01,665.4035714285715,1,307.2191314783556,617.7611712154965
Rice (imported),Lagos,2020-09-01,711.1178571428572,1,311.49886882163617,651.1317127889915
Rice (imported),Lagos,2020-10-01,726.5928571428572,1,315.7786061649168,656.2845160241112
Rice (imported),Lagos,2020-11-01,717.9285714285714,1,320.05834350819737,639.7876040261617
Rice (imported),Lagos,2020-12-01,693.8035714285716,1,324.3380808514779,610.1299240682307
Rice (imported),Lagos,2021-01-01,674.0428571428572,1,328.6178181947585,585.0326983249415
Rice (imported),Lagos,2021-02-01,656.25,1,332.8975555380391,562.2668088480159
Rice (imported),Lagos,2021-03-01,620.0607142857143,1,337.17729288131966,524.5170789513166
Rice (imported),Lagos,2021-04-01,642.1428571428572,1,341.45703022460026,536.3883472208888
Rice (imported),Lagos,2021-05-01,640.4392857142858,1,345.73676756788086,528.3432147604474
Rice (imported),Lagos,2021-06-01,650.2142857142858,1,350.0165049111614,529.8485136674147
Rice (imported),Lagos,2021-07-01,666.9714285714286,1,354.296242254442,536.9383467319934
Rice (imported),Lagos,2021-08-01,684.0535714285714,1,359.8608154286513,542.1747553235615
Rice (imported),Lagos,2021-09-01,688.5107142857144,1,365.4253886028605,537.397600104361
Rice (imported),Lagos,2021-10-01,707.0857142857143,1,370.98996177706977,543.617766029951
Rice (imported),Lagos,2021-11-01,717.8571428571429,1,376.554534951279,543.7432528453834
Rice (imported),Lagos,2021-12-01,713.5714285714287,1,382.11910812548825,532.6260879502604
Rice (imported),Lagos,2022-01-01,714.6428571428572,1,387.6836812996975,525.769360507056
Rice (imported),Lagos,2022-02-01,714.6428571428572,1,393.24825447390674,518.3295764876387
Rice (imported),Lagos,2022-03-01,714.6428571428572,1,398.812827648116,511.09740476003515
Rice (imported),Lagos,2022-04-01,711.7857142857143,1,404.3774008223252,502.04902509142175
Rice (imported),Lagos,2022-05-01,729.125,1,409.9419739965345,507.2982201151424
Rice (imported),Lagos,2022-06-01,758.4285714285714,1,415.5065471707437,520.6196443051089
Rice (imported),Lagos,2022-07-01,749.9892857142856,1,421.071120344953,508.0229598721049
Rice (imported),Lagos,2022-08-01,736.2928571428572,1,429.7239740376429,488.70270305788017
Rice (imported),Lagos,2022-09-01,809.8571428571429,1,438.3768277303327,526.919856107408
Rice (imported),Lagos,2022-10-01,917.107142857143,1,447.02968142302245,585.1503285204764
Rice (imported),Lagos,2022-11-01,1070.2392857142859,1,455.6825351157123,669.8880679175539
Rice (imported),Lagos,2022-12-01,1077.6392857142857,1,464.3353888084022,661.9502771530412
Rice (imported),Lagos,2023-01-01,1076.4285714285716,1,472.988242501092,649.1104615426266
Rice (imported),Oyo,2018-01-01,270.0,1,227.1828520689845,338.9783441717713
Rice (imported),Oyo,2019-01-01,310.7142857142857,1,253.8219556348995,349.15299565193595
Rice (imported),Oyo,2019-02-01,290.0,1,256.1025541529468,322.9741956339472
Rice (imported),Oyo,2019-03-01,288.2142857142857,1,258.383152670994,318.1522856172885
Rice (imported),Oyo,2019-04-01,292.14285714285717,1,260.66375118904125,319.6674146494613
Rice (imported),Oyo,2019-05-01,310.3571428571429,1,262.9443497070885,336.6523414659919
Rice (imported),Oyo,2019-06-01,287.14285714285717,1,265.22494822513573,308.7929534204878
Rice (imported),Oyo,2019-08-01,321.78571428571433,1,270.458367359174,339.35173563591337
Rice (imported),Oyo,2019-09-01,357.8571428571429,1,273.41118797516503,373.31646559859837
Rice (imported),Oyo,2019-10-01,417.5,1,276.364008591156,430.8823786982336
Rice (imported),Oyo,2020-01-01,457.14285714285717,1,285.222470439129,457.14285714285717
Rice (imported),Oyo,2020-02-01,431.78571428571433,1,288.17529105512,427.36137327380777
Rice (imported),Oyo,2020-03-01,477.50000000000006,1,291.128111671111,467.81373620333477
Rice (imported),Oyo,2020-04-01,495.2857142857143,1,294.08093228710203,480.36645525819347
Rice (imported),Oyo,2020-05-01,480.3678571428572,1,297.03375290309305,461.2664574134653
Rice (imported),Oyo,2020-06-01,489.1,1,299.986573519084,465.0285132941238
Rice (imported),Oyo,2020-07-01,532.3035714285714,1,302.939394135075,501.1726523712944
Rice (imported),Oyo,2020-08-01,564.8750000000001,1,307.2191314783556,524.4303706413348
Rice (imported),Oyo,2020-09-01,566.7857142857143,1,311.49886882163617,518.9746667450792
Rice (imported),Oyo,2020-10-01,597.2357142857143,1,315.7786061649168,539.4445429089194
Rice (imported),Oyo,2020-11-01,517.5107142857144,1,320.05834350819737,461.1836791672616
Rice (imported),Oyo,2020-12-01,475.00000000000006,1,324.3380808514779,417.71435874230906
Rice (imported),Oyo,2021-01-01,461.61428571428576,1,328.6178181947585,400.65620204255424
Rice (imported),Oyo,2021-02-01,475.00000000000006,1,332.8975555380391,406.97407116618297
Rice (imported),Oyo,2021-03-01,490.07500000000005,1,337.17729288131966,414.56054470920833
Rice (imported),Oyo,2021-04-01,511.8321428571429,1,341.45703022460026,427.5385050348567
Rice (imported),Oyo,2021-05-01,495.79642857142863,1,345.73676756788086,409.0171930131081
Rice (imported),Oyo,2021-06-01,493.92857142857144,1,350.0165049111614,402.4939549610208
Rice (imported),Oyo,2021-07-01,518.6071428571429,1,354.296242254442,417.49923604005727
Rice (imported),Oyo,2021-08-01,516.8428571428572,1,359.8608154286513,409.6450355882973
Rice (imported),Oyo,2021-09-01,524.4178571428571,1,365.4253886028605,409.319553106467
Rice (imported),Oyo,2021-10-01,590.0571428571429,1,370.98996177706977,453.644500729374
Rice (imported),Oyo,2021-11-01,548.5714285714286,1,376.554534951279,415.51723202512875
Rice (imported),Oyo,2021-12-01,561.7857142857143,1,382.11910812548825,419.32974792080057
Rice (imported),Oyo,2022-01-01,658.5714285714287,1,387.6836812996975,484.51709184158483
Rice (imported),Oyo,2022-02-01,658.5714285714287,1,393.24825447390674,477.6610390021019
Rice (imported),Oyo,2022-03-01,687.0178571428572,1,398.812827648116,491.34059103780186
Rice (imported),Oyo,2022-04-01,712.1428571428572,1,404.3774008223252,502.3009312756122
Rice (imported),Oyo,2022-05-01,614.6321428571429,1,409.9419739965345,427.63832278002326
Rice (imported),Oyo,2022-06-01,625.8107142857143,1,415.5065471707437,429.5847542505713
Rice (imported),Oyo,2022-07-01,650.5428571428572,1,421.071120344953,440.6605722301922
Rice (imported),Oyo,2022-08-01,664.2857142857143,1,429.7239740376429,440.9091043391397
Rice (imported),Oyo,2022-09-01,691.8321428571429,1,438.3768277303327,450.1288855447801
Rice (imported),Oyo,2022-10-01,755.9000000000001,1,447.02968142302245,482.2938484053735
Rice (imported),Oyo,2022-11-01,806.8107142857144,1,455.6825351157123,505.0018979702498
Rice (imported),Oyo,2022-12-01,746.6464285714287,1,464.3353888084022,458.63473694779907
Rice (imported),Oyo,2023-01-01,733.9285714285714,1,472.988242501092,442.57531468815444
Rice (imported),Yobe,2016-12-01,357.14285714285717,9,196.52621318391925,518.3286563337178
Rice (imported),Yobe,2017-02-01,392.8571428571429,7,201.58367787747176,555.8569324421211
Rice (imported),Yobe,2017-03-01,375.0,9,204.112410224248,524.0172623367856
Rice (imported),Yobe,2017-04-01,357.14285714285717,9,206.64114257102423,492.9568562512316
Rice (imported),Yobe,2017-05-01,357.14285714285717,9,209.16987491780048,486.9973176300153
Rice (imported),Yobe,2017-06-01,392.8571428571429,9,211.69860726457676,529.2981671595605
Rice (imported),Yobe,2017-07-01,750.0,9,214.227339611353,998.5506668636715
Rice (imported),Yobe,2017-08-01,785.7142857142858,9,216.3865916876249,1035.6619968129044
Rice (imported),Yobe,2017-09-01,785.7142857142858,11,218.5458437638968,1025.429565582823
Rice (imported),Yobe,2017-10-01,714.2857142857143,11,220.70509584016872,923.0885007543627
Rice (imported),Yobe,2017-11-01,714.2857142857143,11,222.86434791644064,914.1450300715424
Rice (imported),Yobe,2017-12-01,714.2857142857143,11,225.02359999271255,905.3731965649254
Rice (imported),Yobe,2018-01-01,705.3571428571429,12,227.1828520689845,885.5585049460956
Rice (imported),Yobe,2018-02-01,696.4285714285714,11,229.3421041452564,866.1169233079047
Rice (imported),Yobe,2018-03-01,678.5714285714287,11,231.5013562215283,836.0375178162925
Rice (imported),Yobe,2018-04-01,714.2857142857143,11,233.66060829780025,871.9070685988079
Rice (imported),Yobe,2018-05-01,714.2857142857143,11,235.81986037407216,863.9235715973181
Rice (imported),Yobe,2018-06-01,357.14285714285717,11,237.97911245034408,428.04247383362053
Rice (imported),Yobe,2018-07-01,357.14285714285717,11,240.138364526616,424.1936444215448
Rice (imported),Yobe,2018-08-01,357.14285714285717,11,242.41896304466323,420.2029690029118
Rice (imported),Yobe,2018-09-01,357.14285714285717,11,244.6995615627105,416.28667972855806
Rice (imported),Yobe,2018-10-01,321.42857142857144,11,246.9801600807577,371.1984443714023
Rice (imported),Yobe,2018-11-01,339.28571428571433,11,249.26075859880495,388.2356378808673
Rice (imported),Yobe,2018-12-01,321.42857142857144,11,251.54135711685225,364.467506510225
Rice (imported),Yobe,2019-01-01,321.42857142857144,12,253.8219556348995,361.19275412269235
Rice (imported),Yobe,2019-02-01,321.42857142857144,12,256.1025541529468,357.97632521004005
Rice (imported),Yobe,2019-03-01,321.42857142857144,12,258.383152670994,354.8166754096154
Rice (imported),Yobe,2019-04-01,321.42857142857144,12,260.66375118904125,351.7123144064978
Rice (imported),Yobe,2019-05-01,321.42857142857144,12,262.9443497070885,348.6618035896349
Rice (imported),Yobe,2019-06-01,321.42857142857144,12,265.22494822513573,345.6637538289042
Rice (imported),Yobe,2019-07-01,321.42857142857144,11,267.505546743183,342.71682336588214
Rice (imported),Yobe,2019-08-01,321.42857142857144,12,270.458367359174,338.97509663964706
Rice (imported),Yobe,2019-09-01,339.28571428571433,11,273.41118797516503,353.9427568050583
Rice (imported),Yobe,2019-10-01,392.8571428571429,12,276.364008591156,405.44962922844906
Rice (imported),Yobe,2019-11-01,392.8571428571429,11,279.316829207147,401.163385440955
Rice (imported),Yobe,2019-12-01,383.92857142857144,6,282.269649823138,387.94484523446084
Rice (imported),Yobe,2020-01-01,375.0,6,285.222470439129,375.0
Rice (imported),Yobe,2020-02-01,383.92857142857144,6,288.17529105512,379.99460402757927
Rice (imported),Yobe,2020-03-01,406.9642857142857,2,291.128111671111,398.7088649242333
Rice (imported),Yobe,2020-04-01,408.9642857142857,2,294.08093228710203,396.64524655044517
Rice (imported),Yobe,2020-05-01,435.2357142857143,5,297.03375290309305,417.9289539947016
Rice (imported),Yobe,2020-06-01,464.28571428571433,5,299.986573519084,441.4354844775834
Rice (imported),Yobe,2020-07-01,474.80714285714294,4,302.939394135075,447.0388100382711
Rice (imported),Yobe,2020-08-01,517.8571428571429,6,307.2191314783556,480.7789570574624
Rice (imported),Yobe,2020-09-01,513.5714285714287,6,311.49886882163617,470.24925694985757
Rice (imported),Yobe,2020-10-01,410.06607142857143,12,315.7786061649168,370.38626320062525
Rice (imported),Yobe,2020-11-01,500.00000000000006,5,320.05834350819737,445.5788705783636
Rice (imported),Yobe,2020-12-01,500.00000000000006,5,324.3380808514779,439.69932499190423
Rice (imported),Yobe,2021-01-01,500.00000000000006,5,328.6178181947585,433.9729233277441
Rice (imported),Yobe,2021-02-01,500.00000000000006,5,332.8975555380391,428.39375912229787
Rice (imported),Yobe,2021-03-01,523.5714285714286,9,337.17729288131966,442.8955907213177
Rice (imported),Yobe,2021-04-01,515.0,2,341.45703022460026,430.1846477711466
Rice (imported),Yobe,2021-05-01,534.2857142857143,8,345.73676756788086,440.7697000839988
Rice (imported),Yobe,2021-06-01,535.7142857142858,8,350.0165049111614,436.54441969741964
Rice (imported),Yobe,2021-07-01,535.7142857142858,6,354.296242254442,431.27116180709726
Rice (imported),Yobe,2021-08-01,535.7142857142858,8,359.8608154286513,424.6023614406465
Rice (imported),Yobe,2021-09-01,535.7142857142858,7,365.4253886028605,418.1366615088164
Rice (imported),Yobe,2021-10-01,535.7142857142858,6,370.98996177706977,411.86492294575646
Rice (imported),Yobe,2021-11-01,535.7142857142858,7,376.554534951279,405.7785468995399
Rice (imported),Yobe,2021-12-01,544.6428571428571,6,382.11910812548825,406.5339259880615
Rice (imported),Yobe,2022-01-01,535.7142857142858,6,387.6836812996975,394.1299554025907
Rice (imported),Yobe,2022-02-01,535.7142857142858,7,393.24825447390674,388.55290591277264
Rice (imported),Yobe,2022-03-01,535.7142857142858,9,398.812827648116,383.1314878261133
Rice (imported),Yobe,2022-04-01,535.7142857142858,7,404.3774008223252,377.8592762855658
Rice (imported),Yobe,2022-05-01,553.5714285714286,9,409.9419739965345,385.1545351220742
Rice (imported),Yobe,2022-06-01,460.3571428571429,2,415.5065471707437,316.00994608649717
Rice (imported),Yobe,2022-07-01,460.3571428571429,2,421.071120344953,311.83378585177087
Rice (imported),Yobe,2022-08-01,504.09285714285716,2,429.7239740376429,334.58363677985056
Rice (imported),Yobe,2022-09-01,580.3803571428572,2,438.3768277303327,377.6146657105243
Rice (imported),Yobe,2022-10-01,581.6696428571429,2,447.02968142302245,371.12804677093607
Rice (imported),Yobe,2022-11-01,570.5535714285714,2,455.6825351157123,357.12296746111116
Rice (imported),Yobe,2022-12-01,582.6785714285714,2,464.3353888084022,357.91590652026645
Rice (imported),Yobe,2023-01-01,582.6785714285714,2,472.988242501092,351.3681877925664
Rice (imported),Yobe,2023-02-01,730.0,8,481.6410961937818,432.29783559996037
Rice (imported),Yobe,2023-03-01,795.0,4,490.2939498864717,462.4814645410417
Rice (imported),Yobe,2023-04-01,795.0,4,498.9468035791615,454.461001398382
Rice (imported),Yobe,2023-05-01,813.5714285714287,5,507.5996572718513,457.14934872691924
Rice (imported),Yobe,2023-06-01,875.0,8,516.2525109645411,483.42556468723814
Rice (imported),Yobe,2023-07-01,839.2857142857143,4,524.905364657231,456.05010150574526
Rice (imported),Yobe,2023-08-01,880.9517857142857,4,539.4459689640813,465.78760268004015
Rice (imported),Yobe,2023-09-01,958.0357142857143,8,553.9865732709317,493.2489818013156
Rice (imported),Yobe,2023-10-01,1066.557142857143,9,568.5271775777819,535.0774336704317
Rice (imported),Yobe,2023-12-01,1250.0,3,597.6083861914826,596.5915075607295
Rice (imported),Yobe,2024-01-01,1321.4285714285716,10,612.148990498333,615.7016143159556
Rice (imported),Yobe,2024-02-01,1505.5410714285713,10,626.6895948051833,685.2102656561908
Rice (imported),Yobe,2024-03-01,1652.3964285714287,10,641.2301991120337,734.9943782351282
Rice (imported),Yobe,2024-04-01,1682.1428571428573,9,655.770803418884,731.635106113973
Rice (imported),Yobe,2024-05-01,1581.7964285714286,9,670.3114077257343,673.0661001573362
Rice (imported),Yobe,2024-06-01,1619.0464285714286,9,684.8520120325846,674.2893559474863
Rice (imported),Yobe,2024-07-01,1859.4464285714287,5,699.392616339435,758.3092695233169
Rice (imported),Yobe,2024-08-01,1900.0000000000002,5,712.8035417854693,760.2693618453517
Rice (imported),Yobe,2024-09-01,1982.1428571428573,10,726.2144672315035,778.4913520558326
Rice (imported),Yobe,2024-10-01,1988.0964285714288,9,739.6253926775378,766.6715886748563
Rice (imported),Yobe,2024-11-01,2029.1,7,753.036318123572,768.5484761348066
Rice (imported),Yobe,2024-12-01,2071.4285714285716,9,766.4472435696063,770.8527618018588
Rice (imported),Yobe,2025-01-01,2142.857142857143,9,779.8581690156404,783.7207230326393
Rice (imported),Yobe,2025-02-01,1908.1642857142858,9,793.2690944616747,686.0866449669041
Rice (imported),Yobe,2025-03-01,1697.5803571428573,6,806.680019907709,600.2232003820051
Rice (imported),Yobe,2025-04-01,1714.2857142857144,5,820.0909453537432,596.2177844265435
Rice (imported),Yobe,2025-05-01,1565.4107142857144,8,833.5018707997775,535.6800348294697
Rice (imported),Yobe,2025-06-01,1551.242857142857,9,846.9127962458117,522.4260655012232
Rice (imported),Yobe,2025-07-01,1570.7660714285716,8,860.323721691846,520.7548833987577
Rice (imported),Yobe,2025-08-01,1607.1428571428573,9,860.323721691846,532.8148515554648
Rice (imported),Yobe,2025-09-01,1521.4285714285716,11,860.323721691846,504.3980594725066
Rice (imported),Yobe,2025-10-01,891.7035714285714,11,860.323721691846,295.6258082040306
Rice (imported),Yobe,2025-11-01,1346.7267857142858,12,860.323721691846,446.47930905892247
Rice (imported),Yobe,2025-12-01,1263.392857142857,11,860.323721691846,418.8516749727681
Rice (imported),Yobe,2026-01-01,1250.0,11,860.323721691846,414.4115512098059
Rice (imported),Yobe,2026-02-01,1296.2964285714288,11,860.323721691846,429.7601710336137
Rice (imported),Yobe,2026-03-01,1296.4910714285716,10,860.323721691846,429.824700832302
Rice (imported),Yobe,2026-04-01,1316.0714285714287,6,860.323721691846,436.3161617737528
Rice (imported),Yobe,2026-05-01,1391.4178571428572,6,860.323721691846,461.29570604767645
Rice (imported),Yobe,2026-06-01,1431.5482142857145,4,860.323721691846,474.60009289101646
Rice (imported),Zamfara,2018-01-01,305.0,1,227.1828520689845,382.9199813792231
Rice (imported),Zamfara,2019-02-01,287.14285714285717,1,256.1025541529468,319.79218385430244
Rice (imported),Zamfara,2019-03-01,281.0714285714286,1,258.383152670994,310.26747060818593
Rice (imported),Zamfara,2019-04-01,283.2142857142857,1,260.66375118904125,309.89762813816964
Rice (imported),Zamfara,2019-08-01,286.7857142857143,1,270.458367359174,302.4411140018184
Rice (imported),Zamfara,2019-09-01,323.2142857142857,1,273.41118797516503,337.17704727218705
Rice (imported),Zamfara,2019-10-01,338.2142857142857,1,276.364008591156,349.055271708492
Rice (imported),Zamfara,2020-01-01,351.42857142857144,1,285.222470439129,351.42857142857144
Rice (imported),Zamfara,2020-02-01,321.42857142857144,1,288.17529105512,318.1350173254152
Rice (imported),Zamfara,2020-03-01,402.8571428571429,1,291.128111671111,394.6850369763362
Rice (imported),Zamfara,2020-04-01,407.5,1,294.08093228710203,395.2250688272273
Rice (imported),Zamfara,2020-05-01,425.54285714285714,1,297.03375290309305,408.6215246777336
Rice (imported),Zamfara,2020-06-01,424.3178571428571,1,299.986573519084,403.43468057920927
Rice (imported),Zamfara,2020-07-01,432.91428571428577,1,302.939394135075,407.59598933099954
Rice (imported),Zamfara,2020-08-01,456.5785714285715,1,307.2191314783556,423.88788571131107
Rice (imported),Zamfara,2020-09-01,443.0607142857143,1,311.49886882163617,405.68645389032315
Rice (imported),Zamfara,2020-10-01,460.8535714285715,1,315.7786061649168,416.25933988987396
Rice (imported),Zamfara,2020-11-01,461.6678571428572,1,320.05834350819737,411.4188847360952
Rice (imported),Zamfara,2020-12-01,464.2392857142857,1,324.3380808514779,408.25140112659034
Rice (imported),Zamfara,2021-01-01,458.8464285714286,1,328.6178181947585,398.2538519312756
Rice (imported),Zamfara,2021-02-01,481.9642857142857,1,332.8975555380391,412.94098423967205
Rice (imported),Zamfara,2021-03-01,464.7321428571429,1,337.17729288131966,393.1227062933934
Rice (imported),Zamfara,2021-04-01,443.64285714285717,1,341.45703022460026,370.57931307997114
Rice (imported),Zamfara,2021-05-01,471.9107142857143,1,345.73676756788086,389.31219465641163
Rice (imported),Zamfara,2021-06-01,490.1071428571429,1,350.0165049111614,399.3799381005126
Rice (imported),Zamfara,2021-07-01,500.90000000000003,1,354.296242254442,403.24428657179334
Rice (imported),Zamfara,2021-08-01,503.075,1,359.8608154286513,398.73275489927266
Rice (imported),Zamfara,2021-09-01,534.8607142857143,1,365.4253886028605,417.4704304281456
Rice (imported),Zamfara,2021-10-01,542.7321428571429,1,370.98996177706977,417.26035343634584
Rice (imported),Zamfara,2021-11-01,542.1428571428572,1,376.554534951279,410.6478894623344
Rice (imported),Zamfara,2021-12-01,548.2142857142858,1,382.11910812548825,409.19972222404886
Rice (imported),Zamfara,2022-01-01,495.00000000000006,1,387.6836812996975,364.1760787919938
Rice (imported),Zamfara,2022-02-01,495.00000000000006,1,393.24825447390674,359.022885063402
Rice (imported),Zamfara,2022-03-01,509.65357142857147,1,398.812827648116,364.4934180483323
Rice (imported),Zamfara,2022-04-01,525.6678571428571,1,404.3774008223252,370.77315532429037
Rice (imported),Zamfara,2022-05-01,525.5071428571429,1,409.9419739965345,365.62844262536936
Rice (imported),Zamfara,2022-06-01,572.4642857142858,1,415.5065471707437,392.96535498995064
Rice (imported),Zamfara,2022-07-01,594.6321428571429,1,421.071120344953,402.78812911530093
Rice (imported),Zamfara,2022-08-01,660.3285714285715,1,429.7239740376429,438.28261354554957
Rice (imported),Zamfara,2022-09-01,689.3821428571429,1,438.3768277303327,448.534834471885
Rice (imported),Zamfara,2022-10-01,682.5678571428572,1,447.02968142302245,435.50506498113214
Rice (imported),Zamfara,2022-11-01,673.4642857142858,1,455.6825351157123,421.5372162006932
Rice (imported),Zamfara,2022-12-01,657.9964285714286,1,464.3353888084022,404.1806233612465
Rice (imported),Zamfara,2023-01-01,664.2857142857143,1,472.988242501092,400.57911694402304
Rice (local),Abia,2014-09-01,200.0,1,147.98844555465368,385.4658644060064
Rice (local),Abia,2015-01-01,197.03703703703704,1,152.367005890327,368.8422578321313
Rice (local),Abia,2015-02-01,197.03703703703704,1,153.46164597424533,366.21131042176825
Rice (local),Abia,2015-03-01,197.03703703703704,1,154.55628605816366,363.61763021764466
Rice (local),Abia,2015-06-01,197.03703703703704,1,157.84020630991867,356.0524392711611
Rice (local),Abia,2015-07-01,228.88888888888889,1,158.934846393837,410.76111265860015
Rice (local),Abia,2015-08-01,236.66666666666666,1,161.0138218151871,419.23513507269325
Rice (local),Abia,2015-09-01,236.66666666666666,1,163.09279723653717,413.8910637442799
Rice (local),Abia,2015-10-01,236.66666666666666,1,165.17177265788726,408.68152137033536
Rice (local),Abia,2015-11-01,236.66666666666666,1,167.25074807923733,403.60149124881775
Rice (local),Abia,2015-12-01,236.66666666666666,1,169.32972350058742,398.6462030514469
Rice (local),Abia,2016-04-01,197.03703703703704,1,177.64562518598774,316.35673781930393
Rice (local),Abia,2016-05-01,261.48148148148147,1,179.72460060733783,414.9704262533023
Rice (local),Abia,2016-06-01,306.66666666666663,1,181.8035760286879,481.11388223847365
Rice (local),Abia,2016-07-01,312.59259259259255,1,183.882551450038,484.8661865802765
Rice (local),Abia,2016-08-01,397.4074074074074,1,186.41128379681425,608.0614874961087
Rice (local),Abia,2016-09-01,417.4074074074074,1,188.9400161435905,630.1151780883418
Rice (local),Abia,2016-10-01,417.4074074074074,1,191.46874849036675,621.7932318407701
Rice (local),Abia,2016-11-01,438.88888888888886,1,193.997480837143,645.2711272176786
Rice (local),Abia,2016-12-01,438.88888888888886,1,196.52621318391925,636.9683265612132
Rice (local),Abia,2017-01-01,397.4074074074074,1,199.05494553069548,569.4383639117922
Rice (local),Abia,2017-02-01,355.9259259259259,1,201.58367787747176,503.60263764823543
Rice (local),Abia,2021-03-01,390.9555555555555,1,337.17729288131966,330.7141724597301
Rice (local),Abia,2021-04-01,397.5814814814815,1,341.45703022460026,332.1037855756151
Rice (local),Abia,2021-05-01,377.4074074074074,1,345.73676756788086,311.34979903933095
Rice (local),Abia,2021-06-01,371.4185185185185,1,350.0165049111614,302.6626057122116
Rice (local),Abia,2021-07-01,393.10740740740744,1,354.296242254442,316.46699150746116
Rice (local),Abia,2021-08-01,418.2185185185185,1,359.8608154286513,331.4762650475205
Rice (local),Abia,2021-09-01,407.30740740740737,1,365.4253886028605,317.9122978101367
Rice (local),Abia,2021-10-01,426.8925925925925,1,370.98996177706977,328.20122487462294
Rice (local),Abia,2021-11-01,427.4074074074074,1,376.554534951279,323.7411458621711
Rice (local),Abia,2021-12-01,404.8148148148148,1,382.11910812548825,302.1630666894629
Rice (local),Abia,2022-01-01,352.59259259259255,1,387.6836812996975,259.40563188176435
Rice (local),Abia,2022-02-01,352.59259259259255,1,393.24825447390674,255.73496938298436
Rice (local),Abia,2022-03-01,393.237037037037,1,398.812827648116,281.23478332755377
Rice (local),Abia,2022-04-01,425.67777777777775,1,404.3774008223252,300.2464211449901
Rice (local),Abia,2022-05-01,408.4592592592592,1,409.9419739965345,284.19085233913484
Rice (local),Abia,2022-06-01,408.4703703703703,1,415.5065471707437,280.3925207232601
Rice (local),Abia,2022-07-01,428.3407407407407,1,421.071120344953,290.14671954636447
Rice (local),Abia,2022-08-01,430.19999999999993,1,429.7239740376429,285.53842511976023
Rice (local),Abia,2022-09-01,412.8148148148148,1,438.3768277303327,268.59097896429694
Rice (local),Abia,2022-10-01,492.97407407407405,1,447.02968142302245,314.5367950115899
Rice (local),Abia,2022-11-01,700.137037037037,1,455.6825351157123,438.2323217608653
Rice (local),Abia,2022-12-01,648.3407407407407,1,464.3353888084022,398.2495244115728
Rice (local),Abia,2023-01-01,690.3703703703703,1,472.988242501092,416.30874694429406
Rice (local),Adamawa,2018-02-01,200.37037037037035,1,229.3421041452564,249.19162686169307
Rice (local),Adamawa,2018-03-01,202.2222222222222,1,231.5013562215283,249.14895852583774
Rice (local),Adamawa,2018-04-01,212.2222222222222,1,233.66060829780025,259.0532779370235
Rice (local),Adamawa,2018-05-01,219.25925925925924,1,235.81986037407216,265.19253931105817
Rice (local),Adamawa,2018-07-01,258.14814814814815,1,240.138364526616,306.6134505381803
Rice (local),Adamawa,2018-09-01,236.66666666666666,1,244.6995615627105,275.8593064334578
Rice (local),Adamawa,2018-10-01,232.96296296296293,1,246.9801600807577,269.03485606045825
Rice (local),Adamawa,2018-11-01,206.66666666666666,1,249.26075859880495,236.48318153024053
Rice (local),Adamawa,2019-03-01,200.37037037037035,1,258.383152670994,221.18366251460304
Rice (local),Adamawa,2019-04-01,194.8148148148148,1,260.66375118904125,213.16950479748556
Rice (local),Adamawa,2019-08-01,211.1111111111111,1,270.458367359174,222.6354955707311
Rice (local),Adamawa,2019-09-01,224.8148148148148,1,273.41118797516503,234.52674832977658
Rice (local),Adamawa,2019-10-01,253.7037037037037,1,276.364008591156,261.8358211650388
Rice (local),Adamawa,2019-11-01,227.77777777777777,1,279.316829207147,232.593720447584
Rice (local),Adamawa,2020-01-01,225.92592592592592,1,285.222470439129,225.92592592592592
Rice (local),Adamawa,2020-02-01,227.77777777777777,1,288.17529105512,225.44382709233128
Rice (local),Adamawa,2020-03-01,249.99999999999997,1,291.128111671111,244.92865769808094
Rice (local),Adamawa,2020-04-01,264.7148148148148,1,294.08093228710203,256.7409347356366
Rice (local),Adamawa,2020-05-01,288.1111111111111,1,297.03375290309305,276.65462954603424
Rice (local),Adamawa,2020-06-01,299.7111111111111,1,299.986573519084,284.9605651558576
Rice (local),Adamawa,2020-07-01,324.18148148148146,1,302.939394135075,305.2222484393594
Rice (local),Adamawa,2020-08-01,362.97407407407405,1,307.2191314783556,336.98540066361926
Rice (local),Adamawa,2020-09-01,443.3333333333333,1,311.49886882163617,405.93607623580647
Rice (local),Adamawa,2020-10-01,429.5333333333333,1,315.7786061649168,387.96978667169253
Rice (local),Adamawa,2020-11-01,341.58148148148143,1,320.05834350819737,304.40298145800534
Rice (local),Adamawa,2020-12-01,336.66666666666663,1,324.3380808514779,296.06421216121544
Rice (local),Adamawa,2021-01-01,334.4925925925926,1,328.6178181947585,290.3214564777671
Rice (local),Adamawa,2021-02-01,335.0,1,332.8975555380391,287.02381861193953
Rice (local),Adamawa,2021-03-01,360.4333333333333,1,337.17729288131966,304.89504463198955
Rice (local),Adamawa,2021-04-01,399.58148148148143,1,341.45703022460026,333.7744055669593
Rice (local),Adamawa,2021-05-01,432.50740740740736,1,345.73676756788086,356.8056475212556
Rice (local),Adamawa,2021-06-01,445.55555555555554,1,350.0165049111614,363.0756106935279
Rice (local),Adamawa,2021-07-01,419.0444444444444,1,354.296242254442,337.3473308881483
Rice (local),Adamawa,2021-08-01,395.36296296296297,1,359.8608154286513,313.3611557071238
Rice (local),Adamawa,2021-09-01,329.85185185185185,1,365.4253886028605,257.45655063489016
Rice (local),Adamawa,2021-10-01,320.6111111111111,1,370.98996177706977,246.4904784035514
Rice (local),Adamawa,2021-11-01,315.9259259259259,1,376.554534951279,239.2991312135459
Rice (local),Adamawa,2021-12-01,334.0740740740741,1,382.11910812548825,249.3605545781295
Rice (local),Adamawa,2022-01-01,343.7037037037037,1,387.6836812996975,252.86599410323248
Rice (local),Adamawa,2022-02-01,343.7037037037037,1,393.24825447390674,249.28786931450577
Rice (local),Adamawa,2022-03-01,383.88148148148144,1,398.812827648116,274.5438885445994
Rice (local),Adamawa,2022-04-01,425.3333333333333,1,404.3774008223252,300.0034716251265
Rice (local),Adamawa,2022-05-01,470.6333333333333,1,409.9419739965345,327.4492745782362
Rice (local),Adamawa,2022-06-01,494.3962962962962,1,415.5065471707437,339.3759592135594
Rice (local),Adamawa,2022-07-01,497.97037037037035,1,421.071120344953,337.3119940549907
Rice (local),Adamawa,2022-08-01,474.89259259259256,1,429.7239740376429,315.2024244303319
Rice (local),Adamawa,2022-09-01,462.2592592592592,1,438.3768277303327,300.7611706848546
Rice (local),Adamawa,2022-10-01,502.2,1,447.02968142302245,320.4232976176459
Rice (local),Adamawa,2022-11-01,525.1592592592592,1,455.6825351157123,328.709594415053
Rice (local),Adamawa,2022-12-01,491.64814814814815,1,464.3353888084022,301.9995950804003
Rice (local),Adamawa,2023-01-01,491.1111111111111,1,472.988242501092,296.15096483268985
Rice (local),Adamawa,2023-06-01,648.148148148148,2,516.2525109645411,358.09301087943555
Rice (local),Adamawa,2023-07-01,688.9185185185186,2,524.905364657231,374.3437484420266
Rice (local),Adamawa,2023-08-01,824.7685185185185,2,539.4459689640813,436.08169849524967
Rice (local),Adamawa,2023-09-01,825.4444444444443,2,553.9865732709317,424.9837721961489
Rice (local),Adamawa,2023-10-01,649.3425925925926,2,568.5271775777819,325.7664817532305
Rice (local),Adamawa,2023-11-01,653.0962962962963,2,583.0677818846323,319.47870359458915
Rice (local),Adamawa,2023-12-01,738.3351851851851,2,597.6083861914826,352.38760097180796
Rice (local),Adamawa,2024-09-01,1574.074074074074,2,726.2144672315035,618.2213606582853
Rice (local),Adamawa,2024-10-01,1388.8888888888887,2,739.6253926775378,535.5985935261907
Rice (local),Adamawa,2024-11-01,1421.8111111111111,2,753.036318123572,538.5297731979599
Rice (local),Adamawa,2024-12-01,1419.135185185185,2,766.4472435696063,528.1110302131962
Rice (local),Adamawa,2025-01-01,1438.2722222222221,2,779.8581690156404,526.0284147616217
Rice (local),Adamawa,2025-09-01,1111.111111111111,1,860.323721691846,368.36582329760523
Rice (local),Adamawa,2025-10-01,740.7407407407406,3,860.323721691846,245.5772155317368
Rice (local),Adamawa,2025-11-01,837.9629629629628,4,860.323721691846,277.80922507027725
Rice (local),Borno,2016-01-01,1481.4814814814813,1,171.4086989219375,2465.1713169493587
Rice (local),Borno,2016-06-01,309.25925925925924,8,181.8035760286879,485.1812701317941
Rice (local),Borno,2016-07-01,289.25925925925924,8,183.882551450038,448.67356838767296
Rice (local),Borno,2016-08-01,314.4444444444444,8,186.41128379681425,481.1222766861102
Rice (local),Borno,2016-09-01,287.4074074074074,8,188.9400161435905,433.8681261726294
Rice (local),Borno,2016-10-01,285.55555555555554,8,191.46874849036675,425.37939818033163
Rice (local),Borno,2016-11-01,278.5185185185185,9,193.997480837143,409.488512799742
Rice (local),Borno,2016-12-01,296.2962962962963,9,196.52621318391925,430.0208111805659
Rice (local),Borno,2017-01-01,314.4444444444444,9,199.05494553069548,450.5621350988924
Rice (local),Borno,2017-02-01,310.7407407407407,9,201.58367787747176,439.6697325565759
Rice (local),Borno,2017-03-01,316.1111111111111,8,204.112410224248,441.727144103157
Rice (local),Borno,2017-04-01,321.48148148148147,9,206.64114257102423,443.7342012714789
Rice (local),Borno,2017-05-01,313.7037037037037,8,209.16987491780048,427.7640142560534
Rice (local),Borno,2017-06-01,321.48148148148147,9,211.69860726457676,433.1334227153521
Rice (local),Borno,2017-07-01,310.7407407407407,8,214.227339611353,413.72049851783714
Rice (local),Borno,2017-08-01,642.9629629629629,9,216.3865916876249,847.4992986714083
Rice (local),Borno,2017-09-01,313.5185185185185,8,218.5458437638968,409.1705650411459
Rice (local),Borno,2017-10-01,271.48148148148147,8,220.70509584016872,350.8420072126396
Rice (local),Borno,2017-11-01,254.62962962962962,8,222.86434791644064,325.87577460883676
Rice (local),Borno,2017-12-01,249.99999999999997,8,225.02359999271255,316.88061879772386
Rice (local),Borno,2018-01-01,258.88888888888886,10,227.1828520689845,325.0286180741675
Rice (local),Borno,2018-02-01,267.77777777777777,8,229.3421041452564,333.0231907966804
Rice (local),Borno,2018-03-01,285.55555555555554,8,231.5013562215283,351.820232643628
Rice (local),Borno,2018-04-01,275.18518518518516,8,233.66060829780025,335.9102713912888
Rice (local),Borno,2018-05-01,303.7037037037037,8,235.81986037407216,367.32750377545227
Rice (local),Borno,2018-06-01,295.74074074074076,8,237.97911245034408,354.4508751841514
Rice (local),Borno,2018-07-01,249.99999999999997,8,240.138364526616,296.9355510950813
Rice (local),Borno,2018-08-01,267.77777777777777,8,242.41896304466323,315.05884831462765
Rice (local),Borno,2018-09-01,303.7037037037037,8,244.6995615627105,353.99785802102565
Rice (local),Borno,2018-10-01,321.48148148148147,8,246.9801600807577,371.25954699599015
Rice (local),Borno,2018-11-01,330.3703703703703,8,249.26075859880495,378.03404646052786
Rice (local),Borno,2018-12-01,326.1111111111111,8,251.54135711685225,369.77703314827517
Rice (local),Borno,2019-01-01,303.7037037037037,9,253.8219556348995,341.2751289982311
Rice (local),Borno,2019-02-01,252.037037037037,10,256.1025541529468,280.69468726551855
Rice (local),Borno,2019-03-01,262.77777777777777,10,258.383152670994,290.07358327931763
Rice (local),Borno,2019-04-01,273.3333333333333,10,260.66375118904125,299.0857310656736
Rice (local),Borno,2019-05-01,267.77777777777777,9,262.9443497070885,290.46541365714273
Rice (local),Borno,2019-06-01,264.4444444444444,9,265.22494822513573,284.38311796491564
Rice (local),Borno,2019-07-01,257.4074074074074,8,267.505546743183,274.4555301522661
Rice (local),Borno,2019-08-01,259.6296296296296,10,270.458367359174,273.8026006931272
Rice (local),Borno,2019-09-01,260.7407407407407,10,273.41118797516503,272.0046636312401
Rice (local),Borno,2019-10-01,276.2962962962963,10,276.364008591156,285.15258772134155
Rice (local),Borno,2019-11-01,277.77777777777777,8,279.316829207147,283.6508785946146
Rice (local),Borno,2019-12-01,280.3703703703703,8,282.269649823138,283.3033226387469
Rice (local),Borno,2020-01-01,276.1111111111111,10,285.222470439129,276.1111111111111
Rice (local),Borno,2020-02-01,306.48148148148147,10,288.17529105512,303.3410844209823
Rice (local),Borno,2020-03-01,296.48148148148147,10,291.128111671111,290.46724516639085
Rice (local),Borno,2020-04-01,308.88888888888886,10,294.08093228710203,299.584373916753
Rice (local),Borno,2020-05-01,346.85185185185185,10,297.03375290309305,333.05959708170855
Rice (local),Borno,2020-06-01,377.68888888888887,10,299.986573519084,359.10059801208234
Rice (local),Borno,2020-07-01,374.6296296296296,10,302.939394135075,352.72001770431746
Rice (local),Borno,2020-08-01,374.25925925925924,10,307.2191314783556,347.46257499320154
Rice (local),Borno,2020-09-01,385.3703703703703,10,311.49886882163617,352.86256250906985
Rice (local),Borno,2020-10-01,283.14814814814815,10,315.7786061649168,255.74947997870987
Rice (local),Borno,2020-11-01,378.7037037037037,10,320.05834350819737,337.48473716027905
Rice (local),Borno,2020-12-01,382.59259259259255,10,324.3380808514779,336.4514094197311
Rice (local),Borno,2021-01-01,386.1111111111111,10,328.6178181947585,335.12353523642463
Rice (local),Borno,2021-02-01,394.02777777777777,10,332.8975555380391,337.59808184165524
Rice (local),Borno,2021-03-01,428.5185185185185,10,337.17729288131966,362.4891505484262
Rice (local),Borno,2021-04-01,442.037037037037,10,341.45703022460026,369.2379554943283
Rice (local),Borno,2021-05-01,438.88888888888886,10,345.73676756788086,362.0701784706645
Rice (local),Borno,2021-06-01,433.14814814814815,8,350.0165049111614,352.9650263558445
Rice (local),Borno,2021-07-01,435.7407407407407,8,354.296242254442,350.78850894442945
Rice (local),Borno,2021-08-01,446.66666666666663,8,359.8608154286513,354.02401336117896
Rice (local),Borno,2021-09-01,437.4074074074074,8,365.4253886028605,341.40600303144544
Rice (local),Borno,2021-10-01,442.037037037037,8,370.98996177706977,339.8444937037355
Rice (local),Borno,2021-11-01,459.8148148148148,8,376.554534951279,348.28824314374816
Rice (local),Borno,2021-12-01,455.3703703703703,8,382.11910812548825,339.8988934077718
Rice (local),Borno,2022-01-01,482.2222222222222,8,387.6836812996975,354.7753494853542
Rice (local),Borno,2022-02-01,464.25925925925924,8,393.24825447390674,336.72666399324675
Rice (local),Borno,2022-03-01,468.88888888888886,8,398.812827648116,335.3393822335818
Rice (local),Borno,2022-04-01,519.2592592592592,8,404.3774008223252,366.25293209546095
Rice (local),Borno,2022-05-01,524.6296296296296,8,409.9419739965345,365.01790136228686
Rice (local),Borno,2022-06-01,432.86296296296297,2,415.5065471707437,297.1366985636528
Rice (local),Borno,2022-07-01,441.3611111111111,2,421.071120344953,298.9663750003578
Rice (local),Borno,2022-08-01,457.46111111111105,2,429.7239740376429,303.6325551376157
Rice (local),Borno,2022-09-01,423.6111111111111,2,438.3768277303327,275.6154065946659
Rice (local),Borno,2022-10-01,426.6074074074074,2,447.02968142302245,272.1922586013461
Rice (local),Borno,2022-11-01,473.06111111111113,2,455.6825351157123,296.10013196035254
Rice (local),Borno,2022-12-01,488.27407407407406,2,464.3353888084022,299.9270376875174
Rice (local),Borno,2023-01-01,465.55555555555554,2,472.988242501092,280.74039426447297
Rice (local),Borno,2023-02-01,682.5925925925926,6,481.6410961937818,404.223699142936
Rice (local),Borno,2023-03-01,691.4814814814815,6,490.2939498864717,402.26084057681106
Rice (local),Borno,2023-04-01,742.5925925925926,6,498.9468035791615,424.5023563027048
Rice (local),Borno,2023-05-01,762.5925925925926,6,507.5996572718513,428.5041175300678
Rice (local),Borno,2023-06-01,740.7407407407406,18,516.2525109645411,409.2491552907835
Rice (local),Borno,2023-07-01,739.5444444444444,19,524.905364657231,401.8528055656667
Rice (local),Borno,2023-08-01,819.2129629629629,18,539.4459689640813,433.1442972143387
Rice (local),Borno,2023-09-01,881.2907407407406,18,553.9865732709317,453.7364881698538
Rice (local),Borno,2023-10-01,867.9814814814815,19,568.5271775777819,435.4546839754072
Rice (local),Borno,2023-11-01,851.8518518518518,19,583.0677818846323,416.7050507369766
Rice (local),Borno,2023-12-01,814.8148148148148,3,597.6083861914826,388.8892790025496
Rice (local),Borno,2024-01-01,1049.3814814814814,15,612.148990498333,488.9449843535048
Rice (local),Borno,2024-02-01,1134.1,10,626.6895948051833,516.1579295497515
Rice (local),Borno,2024-03-01,1224.537037037037,9,641.2301991120337,544.6803337265972
Rice (local),Borno,2024-04-01,1135.8037037037036,1,655.770803418884,494.00909069956
Rice (local),Borno,2024-05-01,1311.7296296296295,9,670.3114077257343,558.1506762365116
Rice (local),Borno,2024-06-01,1376.8111111111111,10,684.8520120325846,573.4048517630245
Rice (local),Borno,2024-08-01,1629.6296296296296,3,712.8035417854693,652.0828834541026
Rice (local),Borno,2024-09-01,1703.7037037037037,11,726.2144672315035,669.1337080066148
Rice (local),Borno,2024-10-01,1657.109259259259,12,739.6253926775378,639.0326797765107
Rice (local),Borno,2024-11-01,1575.9259259259259,13,753.036318123572,596.9027987145554
Rice (local),Borno,2024-12-01,1563.9722222222222,16,766.4472435696063,582.0100791841195
Rice (local),Borno,2025-01-01,1517.5685185185184,18,779.8581690156404,555.029951739622
Rice (local),Borno,2025-02-01,1625.0703703703703,16,793.2690944616747,584.2993114322832
Rice (local),Borno,2025-03-01,1473.9388888888889,10,806.680019907709,521.1490067812651
Rice (local),Borno,2025-04-01,1481.4814814814813,15,820.0909453537432,515.2499371587412
Rice (local),Borno,2025-05-01,1424.837037037037,21,833.5018707997775,487.576037816112
Rice (local),Borno,2025-06-01,1398.148148148148,16,846.9127962458117,470.8669778310487
Rice (local),Borno,2025-07-01,1269.5148148148146,10,860.323721691846,420.8812829529894
Rice (local),Borno,2025-08-01,1175.9259259259259,15,860.323721691846,389.8538296566322
Rice (local),Borno,2025-09-01,1185.1851851851852,21,860.323721691846,392.9235448507789
Rice (local),Borno,2025-10-01,1075.4981481481482,22,860.323721691846,356.5590847178782
Rice (local),Borno,2025-11-01,1004.3759259259259,22,860.323721691846,332.97998836859847
Rice (local),Borno,2025-12-01,930.5555555555554,22,860.323721691846,308.50637701174435
Rice (local),Borno,2026-01-01,888.8888888888888,21,860.323721691846,294.6926586380842
Rice (local),Borno,2026-02-01,888.2277777777776,16,860.323721691846,294.4734809732221
Rice (local),Borno,2026-03-01,949.074074074074,16,860.323721691846,314.64580740003777
Rice (local),Borno,2026-04-01,1037.037037037037,7,860.323721691846,343.80810174443155
Rice (local),Borno,2026-05-01,1111.111111111111,12,860.323721691846,368.36582329760523
Rice (local),Borno,2026-06-01,1215.2777777777778,12,860.323721691846,402.90011923175575
Rice (local),Borno,2026-07-01,814.8148148148148,1,860.323721691846,270.13493708491046
Rice (local),Gombe,2018-01-01,258.5185185185185,1,227.1828520689845,324.5636272042473
Rice (local),Gombe,2019-01-01,258.5185185185185,1,253.8219556348995,290.5000488302016
Rice (local),Gombe,2019-02-01,257.037037037037,1,256.1025541529468,286.263207879897
Rice (local),Gombe,2019-03-01,264.4444444444444,1,258.383152670994,291.91337344810825
Rice (local),Gombe,2019-04-01,264.4444444444444,1,260.66375118904125,289.3593658277655
Rice (local),Gombe,2019-05-01,260.0,1,262.9443497070885,282.0286589036158
Rice (local),Gombe,2019-06-01,260.7407407407407,1,265.22494822513573,280.40016113067315
Rice (local),Gombe,2019-08-01,257.037037037037,1,270.458367359174,271.06848057208316
Rice (local),Gombe,2019-09-01,262.59259259259255,1,273.41118797516503,273.9365149354392
Rice (local),Gombe,2019-10-01,264.4444444444444,1,276.364008591156,272.9208413311499
Rice (local),Gombe,2020-01-01,262.96296296296293,1,285.222470439129,262.96296296296293
Rice (local),Gombe,2020-02-01,249.99999999999997,1,288.17529105512,247.43834680865626
Rice (local),Gombe,2020-03-01,285.55555555555554,1,291.128111671111,279.762955681808
Rice (local),Gombe,2020-04-01,306.6037037037037,1,294.08093228710203,297.3680242919732
Rice (local),Gombe,2020-05-01,342.96296296296293,1,297.03375290309305,329.3253463936595
Rice (local),Gombe,2020-06-01,344.18518518518516,1,299.986573519084,327.2458085555701
Rice (local),Gombe,2020-07-01,361.13333333333327,1,302.939394135075,340.01303061074816
Rice (local),Gombe,2020-08-01,394.7444444444444,1,307.2191314783556,366.4810361736805
Rice (local),Gombe,2020-09-01,451.2222222222222,1,311.49886882163617,413.15950014877444
Rice (local),Gombe,2020-10-01,398.6259259259259,1,315.7786061649168,360.0531168165934
Rice (local),Gombe,2020-11-01,357.037037037037,1,320.05834350819737,318.1763194352166
Rice (local),Gombe,2020-12-01,364.93333333333334,1,324.3380808514779,320.9218806674245
Rice (local),Gombe,2021-01-01,368.6259259259259,1,328.6178181947585,319.94734137694104
Rice (local),Gombe,2021-02-01,357.037037037037,1,332.8975555380391,305.9048768843667
Rice (local),Gombe,2021-03-01,358.8407407407407,1,337.17729288131966,303.54785072761774
Rice (local),Gombe,2021-04-01,374.2962962962963,1,341.45703022460026,312.6534376393533
Rice (local),Gombe,2021-05-01,383.91851851851845,1,345.73676756788086,316.7212705477817
Rice (local),Gombe,2021-06-01,413.11111111111114,1,350.0165049111614,336.63718717170497
Rice (local),Gombe,2021-07-01,428.5185185185185,1,354.296242254442,344.97433476303013
Rice (local),Gombe,2021-08-01,407.9222222222222,1,359.8608154286513,323.3155125007205
Rice (local),Gombe,2021-09-01,359.0111111111111,1,365.4253886028605,280.21598722986533
Rice (local),Gombe,2021-10-01,390.8481481481481,1,370.98996177706977,300.48973251832007
Rice (local),Gombe,2021-11-01,392.96296296296293,1,376.554534951279,297.65108818003773
Rice (local),Gombe,2021-12-01,392.96296296296293,1,382.11910812548825,293.3165725137421
Rice (local),Gombe,2022-01-01,357.037037037037,1,387.6836812996975,262.6754507710303
Rice (local),Gombe,2022-02-01,357.037037037037,1,393.24825447390674,258.95851941722367
Rice (local),Gombe,2022-03-01,377.89629629629627,1,398.812827648116,270.2634111220917
Rice (local),Gombe,2022-04-01,403.5296296296296,1,404.3774008223252,284.62450578171723
Rice (local),Gombe,2022-05-01,428.5185185185185,1,409.9419739965345,298.1473433647483
Rice (local),Gombe,2022-06-01,450.1592592592593,1,415.5065471707437,309.00965794941567
Rice (local),Gombe,2022-07-01,464.4444444444444,1,421.071120344953,314.6024161373266
Rice (local),Gombe,2022-08-01,464.4444444444444,1,429.7239740376429,308.2676318509731
Rice (local),Gombe,2022-09-01,492.88888888888886,1,438.3768277303327,320.68982128627886
Rice (local),Gombe,2022-10-01,536.7148148148149,1,447.02968142302245,342.44510323219265
Rice (local),Gombe,2022-11-01,567.6185185185185,1,455.6825351157123,355.2858484640834
Rice (local),Gombe,2022-12-01,506.88148148148144,1,464.3353888084022,311.3568163283997
Rice (local),Gombe,2023-01-01,535.5555555555555,1,472.988242501092,322.951957125241
Rice (local),Jigawa,2018-01-01,219.62962962962962,1,227.1828520689845,275.7395858626342
Rice (local),Jigawa,2019-02-01,224.44444444444443,1,256.1025541529468,249.96470313431928
Rice (local),Jigawa,2019-03-01,247.4074074074074,1,258.383152670994,273.106629500471
Rice (local),Jigawa,2019-04-01,256.2962962962963,1,260.66375118904125,280.4435310263498
Rice (local),Jigawa,2019-05-01,256.2962962962963,1,262.9443497070885,278.0111566400315
Rice (local),Jigawa,2019-06-01,225.92592592592592,1,265.22494822513573,242.96036688879354
Rice (local),Jigawa,2019-09-01,238.14814814814812,1,273.41118797516503,248.43607772001045
Rice (local),Jigawa,2019-10-01,238.14814814814812,1,276.364008591156,245.7816540279123
Rice (local),Jigawa,2020-01-01,238.14814814814812,1,285.222470439129,238.14814814814812
Rice (local),Jigawa,2020-02-01,219.62962962962962,1,288.17529105512,217.37916986301212
Rice (local),Jigawa,2020-03-01,256.2962962962963,1,291.128111671111,251.09723129936597
Rice (local),Jigawa,2020-04-01,256.2962962962963,1,294.08093228710203,248.57600329783347
Rice (local),Jigawa,2020-06-01,283.2851851851852,1,299.986573519084,269.3430556224028
Rice (local),Jigawa,2020-07-01,322.6037037037037,1,302.939394135075,303.736744459705
Rice (local),Jigawa,2020-08-01,329.6185185185185,1,307.2191314783556,306.0180780472039
Rice (local),Jigawa,2020-09-01,340.04814814814813,1,311.49886882163617,311.36348343724393
Rice (local),Jigawa,2020-10-01,325.00740740740736,1,315.7786061649168,293.5582520221288
Rice (local),Jigawa,2020-11-01,302.7407407407407,1,320.05834350819737,269.78975467463283
Rice (local),Jigawa,2020-12-01,300.05925925925925,1,324.3380808514779,263.8717075077342
Rice (local),Jigawa,2021-01-01,297.1444444444444,1,328.6178181947585,257.905286412308
Rice (local),Jigawa,2021-02-01,352.59259259259255,1,332.8975555380391,302.0969323588352
Rice (local),Jigawa,2021-03-01,366.29629629629625,1,337.17729288131966,309.854598005526
Rice (local),Jigawa,2021-04-01,368.2851851851852,1,341.45703022460026,307.6322964431464
Rice (local),Jigawa,2021-05-01,366.29629629629625,1,345.73676756788086,302.18346540716215
Rice (local),Jigawa,2021-06-01,358.88888888888886,1,350.0165049111614,292.4524245735898
Rice (local),Jigawa,2021-07-01,380.21481481481476,1,354.296242254442,306.0879451867168
Rice (local),Jigawa,2021-08-01,347.70740740740735,1,359.8608154286513,275.58978771443486
Rice (local),Jigawa,2021-09-01,342.7148148148148,1,365.4253886028605,267.4963732303873
Rice (local),Jigawa,2021-10-01,332.79629629629625,1,370.98996177706977,255.85862573732004
Rice (local),Jigawa,2021-11-01,331.1111111111111,1,376.554534951279,250.80119965405626
Rice (local),Jigawa,2021-12-01,405.18518518518516,1,382.11910812548825,302.43951963245416
Rice (local),Jigawa,2022-01-01,464.074074074074,1,387.6836812996975,341.4235890208516
Rice (local),Jigawa,2022-02-01,464.074074074074,1,393.24825447390674,336.5923494084867
Rice (local),Jigawa,2022-03-01,466.33333333333326,1,398.812827648116,333.51170313610015
Rice (local),Jigawa,2022-04-01,479.4555555555555,1,404.3774008223252,338.1778945688567
Rice (local),Jigawa,2022-05-01,467.074074074074,1,409.9419739965345,324.97287356722904
Rice (local),Jigawa,2022-06-01,487.80370370370366,1,415.5065471707437,334.850505743183
Rice (local),Jigawa,2022-07-01,482.6037037037037,1,421.071120344953,326.9030193775285
Rice (local),Jigawa,2022-08-01,460.12222222222215,1,429.7239740376429,305.3988254205896
Rice (local),Jigawa,2022-09-01,525.2962962962962,1,438.3768277303327,341.7751529383297
Rice (local),Jigawa,2022-10-01,547.5851851851852,1,447.02968142302245,349.38082589328224
Rice (local),Jigawa,2022-11-01,544.2962962962962,1,455.6825351157123,340.68791826984534
Rice (local),Jigawa,2022-12-01,557.3703703703703,1,464.3353888084022,342.37010104824617
Rice (local),Jigawa,2023-01-01,569.6296296296296,1,472.988242501092,343.49938454953013
Rice (local),Kaduna,2018-01-01,237.4074074074074,1,227.1828520689845,298.05914761880024
Rice (local),Kaduna,2019-01-01,213.7037037037037,1,253.8219556348995,240.14115784387724
Rice (local),Kaduna,2019-02-01,212.2222222222222,2,256.1025541529468,236.3527638547276
Rice (local),Kaduna,2019-03-01,238.33333333333331,2,258.383152670994,263.08999413705556
Rice (local),Kaduna,2019-04-01,227.59259259259258,2,260.66375118904125,249.0354766122716
Rice (local),Kaduna,2019-05-01,207.037037037037,1,262.9443497070885,224.5783765343607
Rice (local),Kaduna,2019-06-01,207.037037037037,1,265.22494822513573,222.64728703415668
Rice (local),Kaduna,2019-08-01,225.92592592592592,2,270.458367359174,238.2590391195544
Rice (local),Kaduna,2019-09-01,216.29629629629628,2,273.41118797516503,225.6402323304605
Rice (local),Kaduna,2019-10-01,236.48148148148147,2,276.364008591156,244.0615646917916
Rice (local),Kaduna,2020-01-01,283.8888888888889,2,285.222470439129,283.8888888888889
Rice (local),Kaduna,2020-02-01,255.9259259259259,2,288.17529105512,253.3035520663429
Rice (local),Kaduna,2020-03-01,275.9259259259259,1,291.128111671111,270.3286666445486
Rice (local),Kaduna,2020-04-01,332.2,2,294.08093228710203,322.1932953727727
Rice (local),Kaduna,2020-05-01,355.5074074074074,2,297.03375290309305,341.3709721845378
Rice (local),Kaduna,2020-06-01,347.3833333333333,2,299.986573519084,330.2865570295584
Rice (local),Kaduna,2020-07-01,388.41666666666663,2,302.939394135075,365.7007420335742
Rice (local),Kaduna,2020-08-01,427.51481481481477,2,307.2191314783556,396.9050724284043
Rice (local),Kaduna,2020-09-01,373.96296296296293,2,311.49886882163617,342.4174237053415
Rice (local),Kaduna,2020-10-01,328.09999999999997,2,315.7786061649168,296.3515916661081
Rice (local),Kaduna,2020-11-01,329.5296296296296,2,320.05834350819737,293.6628803849536
Rice (local),Kaduna,2020-12-01,341.3148148148148,2,324.3380808514779,300.1517873676217
Rice (local),Kaduna,2021-01-01,365.8722222222222,2,328.6178181947585,317.5572756843916
Rice (local),Kaduna,2021-02-01,397.824074074074,2,332.8975555380391,340.85070112388007
Rice (local),Kaduna,2021-03-01,389.2907407407407,2,337.17729288131966,329.30588487829954
Rice (local),Kaduna,2021-04-01,391.074074074074,2,341.45703022460026,326.66808312229676
Rice (local),Kaduna,2021-05-01,420.7222222222222,2,345.73676756788086,347.0832229820686
Rice (local),Kaduna,2021-06-01,401.42592592592587,2,350.0165049111614,327.1151293850209
Rice (local),Kaduna,2021-07-01,438.6555555555555,2,354.296242254442,353.13505001148656
Rice (local),Kaduna,2021-08-01,399.30740740740737,2,359.8608154286513,316.48748716839793
Rice (local),Kaduna,2021-09-01,361.0740740740741,2,365.4253886028605,281.82617472934476
Rice (local),Kaduna,2021-10-01,298.18888888888887,2,370.98996177706977,229.2519483249388
Rice (local),Kaduna,2021-11-01,366.85185185185185,2,376.554534951279,277.8731412274528
Rice (local),Kaduna,2021-12-01,397.2222222222222,2,382.11910812548825,296.4957813581417
Rice (local),Kaduna,2022-01-01,440.55555555555554,2,387.6836812996975,324.12079739848605
Rice (local),Kaduna,2022-02-01,440.55555555555554,2,393.24825447390674,319.53439714397047
Rice (local),Kaduna,2022-03-01,415.811111111111,2,398.812827648116,297.3792820219746
Rice (local),Kaduna,2022-04-01,483.9018518518518,2,404.3774008223252,341.31403326344014
Rice (local),Kaduna,2022-05-01,487.7296296296296,2,409.9419739965345,339.34424551143996
Rice (local),Kaduna,2022-06-01,469.2092592592593,2,415.5065471707437,322.0864388060905
Rice (local),Kaduna,2022-07-01,476.8222222222222,2,421.071120344953,322.98679631859414
Rice (local),Kaduna,2022-08-01,504.8611111111111,2,429.7239740376429,335.0935531633634
Rice (local),Kaduna,2022-09-01,518.4074074074074,2,438.3768277303327,337.29301386715093
Rice (local),Kaduna,2022-10-01,494.1333333333333,2,447.02968142302245,315.276447888224
Rice (local),Kaduna,2022-11-01,537.5111111111111,2,455.6825351157123,336.44091046996544
Rice (local),Kaduna,2022-12-01,547.7,2,464.3353888084022,336.42998320761245
Rice (local),Kaduna,2023-01-01,565.3703703703703,2,472.988242501092,340.930956121494
Rice (local),Kano,2018-01-01,260.3703703703704,1,227.1828520689845,326.88858155384804
Rice (local),Kano,2019-02-01,245.18518518518516,1,256.1025541529468,273.0637516087778
Rice (local),Kano,2019-03-01,266.2962962962963,1,258.383152670994,293.9575847467645
Rice (local),Kano,2019-04-01,243.7037037037037,1,260.66375118904125,266.66451360598
Rice (local),Kano,2019-08-01,253.33333333333331,1,270.458367359174,267.1625946848774
Rice (local),Kano,2019-09-01,252.96296296296293,1,273.41118797516503,263.8908881536036
Rice (local),Kano,2019-10-01,258.5185185185185,1,276.364008591156,266.8049681360541
Rice (local),Kano,2020-01-01,270.0,1,285.222470439129,270.0
Rice (local),Kano,2020-02-01,251.85185185185185,1,288.17529105512,249.27122345168337
Rice (local),Kano,2020-03-01,302.96296296296293,1,291.128111671111,296.81724740300774
Rice (local),Kano,2020-04-01,324.1962962962963,1,294.08093228710203,314.4306834778794
Rice (local),Kano,2020-05-01,333.84814814814814,1,297.03375290309305,320.5729740667179
Rice (local),Kano,2020-06-01,363.67037037037034,1,299.986573519084,345.77201321295576
Rice (local),Kano,2020-07-01,382.6148148148148,1,302.939394135075,360.23820216472785
Rice (local),Kano,2020-08-01,391.80370370370366,1,307.2191314783556,363.7508502801169
Rice (local),Kano,2020-09-01,402.7518518518518,1,311.49886882163617,368.7778340694261
Rice (local),Kano,2020-10-01,299.8703703703703,1,315.7786061649168,270.8535859578318
Rice (local),Kano,2020-11-01,296.8259259259259,1,320.05834350819737,264.5187216649021
Rice (local),Kano,2020-12-01,304.75555555555553,1,324.3380808514779,268.00162413062105
Rice (local),Kano,2021-01-01,365.9851851851852,1,328.6178181947585,317.6553214189212
Rice (local),Kano,2021-02-01,368.05555555555554,1,332.8975555380391,315.34540602058036
Rice (local),Kano,2021-03-01,396.2814814814815,1,337.17729288131966,335.219439516676
Rice (local),Kano,2021-04-01,373.09999999999997,1,341.45703022460026,311.65415938527144
Rice (local),Kano,2021-05-01,357.68148148148146,1,345.73676756788086,295.07650139768737
Rice (local),Kano,2021-06-01,394.51851851851853,1,350.0165049111614,321.48640108956437
Rice (local),Kano,2021-07-01,379.3666666666666,1,354.296242254442,305.4051524238756
Rice (local),Kano,2021-08-01,372.9037037037037,1,359.8608154286513,295.56014727410405
Rice (local),Kano,2021-09-01,344.9148148148148,1,365.4253886028605,269.2135211203168
Rice (local),Kano,2021-10-01,312.5444444444444,1,370.98996177706977,240.28870791937265
Rice (local),Kano,2021-11-01,334.0740740740741,1,376.554534951279,253.04550569122907
Rice (local),Kano,2021-12-01,363.7037037037037,1,382.11910812548825,271.4767900174314
Rice (local),Kano,2022-01-01,392.96296296296293,1,387.6836812996975,289.10648679259657
Rice (local),Kano,2022-02-01,392.96296296296293,1,393.24825447390674,285.015548860658
Rice (local),Kano,2022-03-01,392.87777777777774,1,398.812827648116,280.9778487297919
Rice (local),Kano,2022-04-01,408.88888888888886,1,404.3774008223252,288.40459132196065
Rice (local),Kano,2022-05-01,408.4962962962963,1,409.9419739965345,284.21662134029
Rice (local),Kano,2022-06-01,435.0740740740741,1,415.5065471707437,298.654505148942
Rice (local),Kano,2022-07-01,465.8666666666666,1,421.071120344953,315.56579195707724
Rice (local),Kano,2022-08-01,462.1777777777778,1,429.7239740376429,306.76316781036076
Rice (local),Kano,2022-09-01,479.04814814814813,1,438.3768277303327,311.68457735671143
Rice (local),Kano,2022-10-01,504.97037037037035,1,447.02968142302245,322.19090257522515
Rice (local),Kano,2022-11-01,491.1111111111111,1,455.6825351157123,307.39805363759865
Rice (local),Kano,2022-12-01,505.37777777777774,1,464.3353888084022,310.4331518920545
Rice (local),Kano,2023-01-01,507.037037037037,1,472.988242501092,305.75465373752064
Rice (local),Katsina,2018-01-01,239.25925925925924,1,227.1828520689845,300.38410196840084
Rice (local),Katsina,2019-01-01,231.1111111111111,1,253.8219556348995,259.70204938401974
Rice (local),Katsina,2019-02-01,216.66666666666666,1,256.1025541529468,241.30255995639732
Rice (local),Katsina,2019-03-01,240.74074074074073,1,258.383152670994,265.74746882530866
Rice (local),Katsina,2019-04-01,207.4074074074074,1,260.66375118904125,226.9485222178553
Rice (local),Katsina,2019-05-01,229.25925925925924,1,262.9443497070885,248.6833901158663
Rice (local),Katsina,2019-06-01,218.14814814814812,1,265.22494822513573,234.59615753688425
Rice (local),Katsina,2019-08-01,207.4074074074074,1,270.458367359174,218.7296096835253
Rice (local),Katsina,2019-09-01,225.18518518518516,1,273.41118797516503,234.91311859061642
Rice (local),Katsina,2019-10-01,237.77777777777777,1,276.364008591156,245.39941195321884
Rice (local),Katsina,2020-01-01,234.07407407407405,1,285.222470439129,234.07407407407405
Rice (local),Katsina,2020-02-01,266.2962962962963,1,288.17529105512,263.5676612672946
Rice (local),Katsina,2020-03-01,312.22222222222223,1,291.128111671111,305.8886791696034
Rice (local),Katsina,2020-04-01,312.22222222222223,1,294.08093228710203,302.81729881513525
Rice (local),Katsina,2020-05-01,312.22222222222223,1,297.03375290309305,299.80698381193844
Rice (local),Katsina,2020-06-01,335.5222222222222,1,299.986573519084,319.0092009346567
Rice (local),Katsina,2020-07-01,378.1592592592592,1,302.939394135075,356.0432226165489
Rice (local),Katsina,2020-08-01,433.537037037037,1,307.2191314783556,402.49610802403964
Rice (local),Katsina,2020-09-01,393.3333333333333,1,311.49886882163617,360.15381199868546
Rice (local),Katsina,2020-10-01,348.9592592592593,1,315.7786061649168,315.1924166659786
Rice (local),Katsina,2020-11-01,339.25925925925924,1,320.05834350819737,302.3335151479859
Rice (local),Katsina,2020-12-01,329.7259259259259,1,324.3380808514779,289.96053412392047
Rice (local),Katsina,2021-01-01,341.6,1,328.6178181947585,296.4903012175148
Rice (local),Katsina,2021-02-01,354.6296296296296,1,332.8975555380391,303.8422402663705
Rice (local),Katsina,2021-03-01,334.8148148148148,1,337.17729288131966,283.2240208260824
Rice (local),Katsina,2021-04-01,366.59259259259255,1,341.45703022460026,306.21845693195314
Rice (local),Katsina,2021-05-01,371.48148148148147,1,345.73676756788086,306.4610877688409
Rice (local),Katsina,2021-06-01,422.74074074074076,1,350.0165049111614,344.4842078516981
Rice (local),Katsina,2021-07-01,437.1296296296296,1,354.296242254442,351.90661936392934
Rice (local),Katsina,2021-08-01,386.3666666666667,1,359.8608154286513,306.2307715574198
Rice (local),Katsina,2021-09-01,318.01111111111106,1,365.4253886028605,248.2145947357239
Rice (local),Katsina,2021-10-01,349.89259259259256,1,370.98996177706977,269.0025066165529
Rice (local),Katsina,2021-11-01,368.88888888888886,1,376.554534951279,279.416101628009
Rice (local),Katsina,2021-12-01,365.18518518518516,1,382.11910812548825,272.5826017893965
Rice (local),Katsina,2022-01-01,467.77777777777777,1,387.6836812996975,344.14843809523984
Rice (local),Katsina,2022-02-01,467.77777777777777,1,393.24825447390674,339.2786411036862
Rice (local),Katsina,2022-03-01,467.77777777777777,1,398.812827648116,334.54473914772024
Rice (local),Katsina,2022-04-01,483.1111111111111,1,404.3774008223252,340.7562943119253
Rice (local),Katsina,2022-05-01,456.38888888888886,1,409.9419739965345,317.53851673397673
Rice (local),Katsina,2022-06-01,467.77777777777777,1,415.5065471707437,321.10380522951715
Rice (local),Katsina,2022-07-01,467.77777777777777,1,421.071120344953,316.86032821486725
Rice (local),Katsina,2022-08-01,468.7333333333333,1,429.7239740376429,311.1143138101711
Rice (local),Katsina,2022-09-01,468.04814814814813,1,438.3768277303327,304.5276133559582
Rice (local),Katsina,2022-10-01,461.9962962962963,1,447.02968142302245,294.7717577586585
Rice (local),Katsina,2022-11-01,501.35925925925926,1,455.6825351157123,313.8126118156925
Rice (local),Katsina,2022-12-01,517.4074074074074,1,464.3353888084022,317.8224673828161
Rice (local),Katsina,2023-01-01,517.4074074074074,1,472.988242501092,312.0082186057826
Rice (local),Kebbi,2018-01-01,201.1111111111111,1,227.1828520689845,252.49004236662796
Rice (local),Kebbi,2019-01-01,201.85185185185185,1,253.8219556348995,226.82310402931213
Rice (local),Kebbi,2019-02-01,202.59259259259258,1,256.1025541529468,225.6282056344433
Rice (local),Kebbi,2019-03-01,209.25925925925924,1,258.383152670994,230.99587674815288
Rice (local),Kebbi,2019-04-01,214.07407407407405,1,260.66375118904125,234.24329614628635
Rice (local),Kebbi,2019-05-01,213.33333333333331,1,262.9443497070885,231.40813038245398
Rice (local),Kebbi,2019-06-01,200.74074074074073,1,265.22494822513573,215.87626041594442
Rice (local),Kebbi,2019-10-01,196.66666666666666,1,276.364008591156,202.97054166224174
Rice (local),Kebbi,2020-03-01,217.037037037037,1,291.128111671111,212.63436060900065
Rice (local),Kebbi,2020-04-01,223.0,1,294.08093228710203,216.28267570177098
Rice (local),Kebbi,2020-05-01,224.7296296296296,1,297.03375290309305,215.79345618928812
Rice (local),Kebbi,2020-06-01,268.5185185185185,1,299.986573519084,255.30314344430033
Rice (local),Kebbi,2020-07-01,299.3777777777778,1,302.939394135075,281.8691494916005
Rice (local),Kebbi,2020-08-01,333.63333333333327,1,307.2191314783556,309.7454351109607
Rice (local),Kebbi,2020-09-01,358.66666666666663,1,311.49886882163617,328.41144212761486
Rice (local),Kebbi,2020-10-01,320.5259259259259,1,315.7786061649168,289.5104185260629
Rice (local),Kebbi,2020-11-01,281.76666666666665,1,320.05834350819737,251.0985461999271
Rice (local),Kebbi,2020-12-01,272.2814814814815,1,324.3380808514779,239.44396723040614
Rice (local),Kebbi,2021-01-01,276.55925925925925,1,328.6178181947585,240.03846042819242
Rice (local),Kebbi,2021-02-01,281.75925925925924,1,332.8975555380391,241.40781648317633
Rice (local),Kebbi,2021-03-01,302.79259259259254,1,337.17729288131966,256.1360243209683
Rice (local),Kebbi,2021-04-01,317.6925925925926,1,341.45703022460026,265.37179814358603
Rice (local),Kebbi,2021-05-01,338.9851851851852,1,345.73676756788086,279.65261733929145
Rice (local),Kebbi,2021-06-01,343.1592592592592,1,350.0165049111614,279.6346181013087
Rice (local),Kebbi,2021-07-01,356.25925925925924,1,354.296242254442,286.8027766711829
Rice (local),Kebbi,2021-08-01,364.59999999999997,1,359.8608154286513,288.97870583168475
Rice (local),Kebbi,2021-09-01,348.27037037037036,1,365.4253886028605,271.83260527566387
Rice (local),Kebbi,2021-10-01,342.4148148148148,1,370.98996177706977,263.25348246248643
Rice (local),Kebbi,2021-11-01,319.25925925925924,1,376.554534951279,241.82397550536524
Rice (local),Kebbi,2021-12-01,316.66666666666663,1,382.11910812548825,236.36726625753957
Rice (local),Kebbi,2022-01-01,356.29629629629625,1,387.6836812996975,262.1304809561526
Rice (local),Kebbi,2022-02-01,356.29629629629625,1,393.24825447390674,258.42126107818376
Rice (local),Kebbi,2022-03-01,359.9888888888889,1,398.812827648116,257.4564133882895
Rice (local),Kebbi,2022-04-01,394.27037037037036,1,404.3774008223252,278.09360471011485
Rice (local),Kebbi,2022-05-01,403.6185185185185,1,409.9419739965345,280.82284388816055
Rice (local),Kebbi,2022-06-01,391.35925925925926,1,415.5065471707437,268.6466808170023
Rice (local),Kebbi,2022-07-01,411.90000000000003,1,421.071120344953,279.0101954216947
Rice (local),Kebbi,2022-08-01,426.974074074074,1,429.7239740376429,283.3972679639213
Rice (local),Kebbi,2022-09-01,449.7888888888889,1,438.3768277303327,292.64753506514546
Rice (local),Kebbi,2022-10-01,443.8703703703704,1,447.02968142302245,283.2067060709676
Rice (local),Kebbi,2022-11-01,446.96296296296293,1,455.6825351157123,279.7646841099955
Rice (local),Kebbi,2022-12-01,434.7925925925926,1,464.3353888084022,267.0755242372106
Rice (local),Kebbi,2023-01-01,439.25925925925924,1,472.988242501092,264.88314049138023
Rice (local),Lagos,2020-04-01,468.02592592592595,1,294.08093228710203,453.9278007042966
Rice (local),Lagos,2020-05-01,478.67407407407404,1,297.03375290309305,459.6400261188914
Rice (local),Lagos,2020-06-01,478.88888888888886,1,299.986573519084,455.3199509979039
Rice (local),Lagos,2020-07-01,491.5185185185185,1,302.939394135075,462.7728477463171
Rice (local),Lagos,2020-08-01,535.6851851851851,1,307.2191314783556,497.3305248306947
Rice (local),Lagos,2020-09-01,553.1481481481482,1,311.49886882163617,506.4874936158538
Rice (local),Lagos,2020-10-01,549.0111111111111,1,315.7786061649168,495.8863658035853
Rice (local),Lagos,2020-11-01,526.0,1,320.05834350819737,468.74897184843843
Rice (local),Lagos,2020-12-01,552.5074074074074,1,324.3380808514779,485.8742681801281
Rice (local),Lagos,2021-01-01,521.2074074074073,1,328.6178181947585,452.37980450533416
Rice (local),Lagos,2021-02-01,485.55555555555554,1,332.8975555380391,416.0179394143203
Rice (local),Lagos,2021-03-01,556.2481481481481,1,337.17729288131966,470.53723468812865
Rice (local),Lagos,2021-04-01,561.9259259259259,1,341.45703022460026,469.3823427532424
Rice (local),Lagos,2021-05-01,563.1666666666666,1,345.73676756788086,464.5956201464716
Rice (local),Lagos,2021-06-01,551.037037037037,1,350.0165049111614,449.03066798822175
Rice (local),Lagos,2021-07-01,547.3,1,354.296242254442,440.59811946644527
Rice (local),Lagos,2021-08-01,569.4851851851851,1,359.8608154286513,451.36887494550774
Rice (local),Lagos,2021-09-01,578.8888888888888,1,365.4253886028605,451.8353791178231
Rice (local),Lagos,2021-10-01,580.4185185185186,1,370.98996177706977,446.23418635771685
Rice (local),Lagos,2021-11-01,574.8148148148148,1,376.554534951279,435.3953712115161
Rice (local),Lagos,2021-12-01,549.6296296296296,1,382.11910812548825,410.25616739905115
Rice (local),Lagos,2022-01-01,578.8888888888888,1,387.6836812996975,425.8939103268883
Rice (local),Lagos,2022-02-01,578.8888888888888,1,393.24825447390674,419.8673919596686
Rice (local),Lagos,2022-03-01,586.8814814814814,1,398.812827648116,419.72518033150783
Rice (local),Lagos,2022-04-01,597.2333333333332,1,404.3774008223252,421.2509561996388
Rice (local),Lagos,2022-05-01,609.5592592592592,1,409.9419739965345,424.1087979110945
Rice (local),Lagos,2022-06-01,621.1111111111111,1,415.5065471707437,426.3587342596202
Rice (local),Lagos,2022-07-01,629.9777777777778,1,421.071120344953,426.73032990799385
Rice (local),Lagos,2022-08-01,654.5074074074074,1,429.7239740376429,434.4189082759842
Rice (local),Lagos,2022-09-01,670.062962962963,1,438.3768277303327,435.965136742183
Rice (local),Lagos,2022-10-01,709.6888888888889,1,447.02968142302245,452.80934699398824
Rice (local),Lagos,2022-11-01,732.4074074074074,1,455.6825351157123,458.4311094029799
Rice (local),Lagos,2022-12-01,756.5592592592592,1,464.3353888084022,464.72378836617906
Rice (local),Lagos,2023-01-01,781.4814814814814,1,472.988242501092,471.2507811440238
Rice (local),Oyo,2018-01-01,259.6296296296296,1,227.1828520689845,325.95859981400775
Rice (local),Oyo,2019-01-01,261.85185185185185,1,253.8219556348995,294.24575146554804
Rice (local),Oyo,2019-02-01,261.85185185185185,1,256.1025541529468,291.6254869900392
Rice (local),Oyo,2019-03-01,254.44444444444443,1,258.383152670994,280.8746324353647
Rice (local),Oyo,2019-04-01,257.037037037037,1,260.66375118904125,281.2540614628421
Rice (local),Oyo,2019-05-01,254.07407407407405,1,262.9443497070885,275.60065528188096
Rice (local),Oyo,2019-06-01,253.33333333333331,1,265.22494822513573,272.4342474621881
Rice (local),Oyo,2019-08-01,252.2222222222222,1,270.458367359174,265.9908289187156
Rice (local),Oyo,2019-09-01,274.0740740740741,1,273.41118797516503,285.9139930214739
Rice (local),Oyo,2019-10-01,340.3703703703703,1,276.364008591156,351.2804666433148
Rice (local),Oyo,2020-01-01,296.2962962962963,1,285.222470439129,296.2962962962963
Rice (local),Oyo,2020-02-01,296.2962962962963,1,288.17529105512,293.2602628843334
Rice (local),Oyo,2020-03-01,332.96296296296293,1,291.128111671111,326.2086863267774
Rice (local),Oyo,2020-04-01,358.27037037037036,1,294.08093228710203,347.4783602168977
Rice (local),Oyo,2020-05-01,385.0777777777778,1,297.03375290309305,369.76550313061745
Rice (local),Oyo,2020-06-01,412.65555555555557,1,299.986573519084,392.34634942253257
Rice (local),Oyo,2020-07-01,442.85555555555555,1,302.939394135075,416.95585997946563
Rice (local),Oyo,2020-08-01,458.5407407407407,1,307.2191314783556,425.7095651618833
Rice (local),Oyo,2020-09-01,467.9518518518518,1,311.49886882163617,428.47790663463195
Rice (local),Oyo,2020-10-01,454.8740740740741,1,315.7786061649168,410.85844516762893
Rice (local),Oyo,2020-11-01,451.0740740740741,1,320.05834350819737,401.97815294621404
Rice (local),Oyo,2020-12-01,372.25925925925924,1,324.3380808514779,327.3642900365651
Rice (local),Oyo,2021-01-01,398.6259259259259,1,328.6178181947585,345.98571677660567
Rice (local),Oyo,2021-02-01,391.85185185185185,1,332.8975555380391,335.73377566769716
Rice (local),Oyo,2021-03-01,424.8444444444444,1,337.17729288131966,359.3812055411312
Rice (local),Oyo,2021-04-01,438.88888888888886,1,341.45703022460026,366.6082758783234
Rice (local),Oyo,2021-05-01,437.55185185185184,1,345.73676756788086,360.9671629902602
Rice (local),Oyo,2021-06-01,438.88888888888886,1,350.0165049111614,357.6430579150711
Rice (local),Oyo,2021-07-01,440.61111111111114,1,354.296242254442,354.70934948214244
Rice (local),Oyo,2021-08-01,452.4481481481481,1,359.8608154286513,358.60636398188217
Rice (local),Oyo,2021-09-01,454.074074074074,1,365.4253886028605,354.4146991672752
Rice (local),Oyo,2021-10-01,409.58148148148143,1,370.98996177706977,314.89219124604097
Rice (local),Oyo,2021-11-01,429.25925925925924,1,376.554534951279,325.1438371354041
Rice (local),Oyo,2021-12-01,420.7407407407407,1,382.11910812548825,314.0505432380877
Rice (local),Oyo,2022-01-01,460.7407407407407,1,387.6836812996975,338.97122485390213
Rice (local),Oyo,2022-02-01,460.7407407407407,1,393.24825447390674,334.1746868828073
Rice (local),Oyo,2022-03-01,460.7407407407407,1,398.812827648116,329.51199960393024
Rice (local),Oyo,2022-04-01,460.7407407407407,1,404.3774008223252,324.97763732293396
Rice (local),Oyo,2022-05-01,460.7407407407407,1,409.9419739965345,320.56637436970345
Rice (local),Oyo,2022-06-01,460.7407407407407,1,415.5065471707437,316.2732650083288
Rice (local),Oyo,2022-07-01,473.7037037037037,1,421.071120344953,320.87439413049503
Rice (local),Oyo,2022-08-01,533.2407407407408,1,429.7239740376429,353.93008210322057
Rice (local),Oyo,2022-09-01,672.6666666666666,1,438.3768277303327,437.6591925309134
Rice (local),Oyo,2022-10-01,774.8629629629629,1,447.02968142302245,494.39296255350945
Rice (local),Oyo,2022-11-01,688.8518518518518,1,455.6825351157123,431.1686575871567
Rice (local),Oyo,2022-12-01,689.1259259259259,1,464.3353888084022,423.30221597076803
Rice (local),Yobe,2016-12-01,249.99999999999997,9,196.52621318391925,362.8300594336024
Rice (local),Yobe,2017-02-01,249.99999999999997,7,201.58367787747176,353.7271388268042
Rice (local),Yobe,2017-03-01,303.7037037037037,9,204.112410224248,424.38928900361896
Rice (local),Yobe,2017-04-01,303.7037037037037,9,206.64114257102423,419.1959044269732
Rice (local),Yobe,2017-05-01,294.8148148148148,9,209.16987491780048,402.0072672347325
Rice (local),Yobe,2017-06-01,303.7037037037037,9,211.69860726457676,409.1813440398488
Rice (local),Yobe,2017-07-01,589.2592592592592,9,214.227339611353,784.5403017185685
Rice (local),Yobe,2017-08-01,589.2592592592592,9,216.3865916876249,776.7116268353747
Rice (local),Yobe,2017-09-01,571.4814814814814,11,218.5458437638968,745.8360092835063
Rice (local),Yobe,2017-10-01,499.99999999999994,11,220.70509584016872,646.1619505280538
Rice (local),Yobe,2017-11-01,499.99999999999994,11,222.86434791644064,639.9015210500795
Rice (local),Yobe,2017-12-01,499.99999999999994,11,225.02359999271255,633.7612375954477
Rice (local),Yobe,2018-01-01,455.3703703703703,12,227.1828520689845,571.7062745667939
Rice (local),Yobe,2018-02-01,482.2222222222222,11,229.3421041452564,599.718111227217
Rice (local),Yobe,2018-03-01,499.99999999999994,11,231.5013562215283,616.0276447067417
Rice (local),Yobe,2018-04-01,464.4444444444444,11,233.66060829780025,566.9333517155803
Rice (local),Yobe,2018-05-01,499.99999999999994,11,235.81986037407216,604.7465001181225
Rice (local),Yobe,2018-06-01,249.99999999999997,11,237.97911245034408,299.6297316835343
Rice (local),Yobe,2018-07-01,249.99999999999997,11,240.138364526616,296.9355510950813
Rice (local),Yobe,2018-08-01,249.99999999999997,11,242.41896304466323,294.1420783020382
Rice (local),Yobe,2018-09-01,249.99999999999997,11,244.6995615627105,291.40067580999056
Rice (local),Yobe,2018-10-01,249.99999999999997,11,246.9801600807577,288.70990117775733
Rice (local),Yobe,2018-11-01,242.96296296296293,11,249.26075859880495,278.01607004272
Rice (local),Yobe,2018-12-01,249.99999999999997,11,251.54135711685225,283.4747272857305
Rice (local),Yobe,2019-01-01,249.99999999999997,12,253.8219556348995,280.9276976509829
Rice (local),Yobe,2019-02-01,235.7407407407407,12,256.1025541529468,262.5454348927297
Rice (local),Yobe,2019-03-01,249.99999999999997,12,258.383152670994,275.96852531858974
Rice (local),Yobe,2019-04-01,249.99999999999997,12,260.66375118904125,273.55402231616483
Rice (local),Yobe,2019-05-01,249.99999999999997,12,262.9443497070885,271.18140279193824
Rice (local),Yobe,2019-06-01,235.55555555555554,11,265.22494822513573,253.31605465782408
Rice (local),Yobe,2019-07-01,249.99999999999997,11,267.505546743183,266.55752928457497
Rice (local),Yobe,2019-08-01,218.88888888888886,12,270.458367359174,230.8378559338633
Rice (local),Yobe,2019-09-01,223.33333333333331,11,273.41118797516503,232.98126728641728
Rice (local),Yobe,2019-10-01,264.25925925925924,12,276.364008591156,272.72972029380315
Rice (local),Yobe,2019-11-01,278.5185185185185,11,279.316829207147,284.4072809375335
Rice (local),Yobe,2019-12-01,249.99999999999997,11,282.269649823138,252.61524805964888
Rice (local),Yobe,2020-01-01,241.66666666666663,12,285.222470439129,241.66666666666663
Rice (local),Yobe,2020-02-01,240.18518518518516,12,288.17529105512,237.7241006006127
Rice (local),Yobe,2020-03-01,262.2222222222222,2,291.128111671111,256.9029476299871
Rice (local),Yobe,2020-04-01,279.0,2,294.08093228710203,270.5958139945924
Rice (local),Yobe,2020-05-01,321.48148148148147,12,297.03375290309305,308.6980568787219
Rice (local),Yobe,2020-06-01,352.5925925925926,12,299.986573519084,335.23943801237783
Rice (local),Yobe,2020-07-01,362.4074074074074,8,302.939394135075,341.2125925098118
Rice (local),Yobe,2020-08-01,428.5185185185185,12,307.2191314783556,397.83691169434354
Rice (local),Yobe,2020-09-01,428.5185185185185,12,311.49886882163617,392.3709609062891
Rice (local),Yobe,2020-10-01,282.037037037037,12,315.7786061649168,254.7458848970406
Rice (local),Yobe,2020-11-01,346.0185185185185,12,320.05834350819737,308.3570813613601
Rice (local),Yobe,2020-12-01,357.037037037037,12,324.3380808514779,313.9778883645894
Rice (local),Yobe,2021-01-01,357.037037037037,12,328.6178181947585,309.888813398478
Rice (local),Yobe,2021-02-01,357.037037037037,12,332.8975555380391,305.9048768843667
Rice (local),Yobe,2021-03-01,401.85185185185185,12,337.17729288131966,339.93148517289757
Rice (local),Yobe,2021-04-01,347.88888888888886,2,341.45703022460026,290.5950662721596
Rice (local),Yobe,2021-05-01,414.4444444444444,12,345.73676756788086,341.9042444798933
Rice (local),Yobe,2021-06-01,428.5185185185185,12,350.0165049111614,349.1924202596939
Rice (local),Yobe,2021-07-01,428.5185185185185,12,354.296242254442,344.97433476303013
Rice (local),Yobe,2021-08-01,428.5185185185185,12,359.8608154286513,339.6399531168193
Rice (local),Yobe,2021-09-01,426.5148148148148,12,365.4253886028605,332.90409740133975
Rice (local),Yobe,2021-10-01,416.85185185185185,12,370.98996177706977,320.4817575731498
Rice (local),Yobe,2021-11-01,424.25925925925924,12,376.554534951279,321.356570697675
Rice (local),Yobe,2021-12-01,392.96296296296293,12,382.11910812548825,293.3165725137421
Rice (local),Yobe,2022-01-01,428.5185185185185,12,387.6836812996975,315.26503790672405
Rice (local),Yobe,2022-02-01,428.5185185185185,12,393.24825447390674,310.80394913457235
Rice (local),Yobe,2022-03-01,446.29629629629625,12,398.812827648116,319.18163948772985
Rice (local),Yobe,2022-04-01,446.29629629629625,12,404.3774008223252,314.7894316512342
Rice (local),Yobe,2022-05-01,464.4444444444444,12,409.9419739965345,323.1432744852155
Rice (local),Yobe,2022-06-01,442.2222222222222,2,415.5065471707437,303.56131705783326
Rice (local),Yobe,2022-07-01,442.2222222222222,2,421.071120344953,299.54966895372246
Rice (local),Yobe,2022-08-01,454.074074074074,2,429.7239740376429,301.3844630377137
Rice (local),Yobe,2022-09-01,469.48148148148147,2,438.3768277303327,305.46018745302604
Rice (local),Yobe,2022-10-01,481.9722222222222,2,447.02968142302245,307.5171820082622
Rice (local),Yobe,2022-11-01,494.59259259259255,2,455.6825351157123,309.57719519430566
Rice (local),Yobe,2022-12-01,486.59444444444443,2,464.3353888084022,298.8953090621909
Rice (local),Yobe,2023-01-01,488.88888888888886,2,472.988242501092,294.8109152180623
Rice (local),Yobe,2023-02-01,585.0,10,481.6410961937818,346.4304572958587
Rice (local),Yobe,2023-03-01,595.0,10,490.2939498864717,346.133926291723
Rice (local),Yobe,2023-04-01,640.0,10,498.9468035791615,365.8553973521566
Rice (local),Yobe,2023-05-01,667.037037037037,10,507.5996572718513,374.8110323805983
Rice (local),Yobe,2023-06-01,711.1111111111111,10,516.2525109645411,392.87918907915224
Rice (local),Yobe,2023-07-01,712.9629629629629,5,524.905364657231,387.4089908772209
Rice (local),Yobe,2023-08-01,798.3555555555555,5,539.4459689640813,422.11631367203836
Rice (local),Yobe,2023-09-01,796.9814814814814,8,553.9865732709317,410.3294881322219
Rice (local),Yobe,2023-10-01,743.6148148148147,10,568.5271775777819,373.06159300994796
Rice (local),Yobe,2023-12-01,864.074074074074,3,597.6083861914826,412.39940359679457
Rice (local),Yobe,2024-01-01,932.8703703703703,10,612.148990498333,434.6582217180457
Rice (local),Yobe,2024-02-01,1111.111111111111,10,626.6895948051833,505.6950979726965
Rice (local),Yobe,2024-03-01,1245.5555555555557,10,641.2301991120337,554.0294782071975
Rice (local),Yobe,2024-04-01,1256.4814814814813,10,655.770803418884,546.4969625679506
Rice (local),Yobe,2024-05-01,1244.9222222222222,10,670.3114077257343,529.7236293971556
Rice (local),Yobe,2024-06-01,1258.796296296296,10,684.8520120325846,524.2548508307116
Rice (local),Yobe,2024-07-01,1499.4037037037035,5,699.392616339435,611.478615250912
Rice (local),Yobe,2024-08-01,1528.0777777777778,5,712.8035417854693,611.4477457690389
Rice (local),Yobe,2024-09-01,1520.9888888888888,11,726.2144672315035,597.3720270998967
Rice (local),Yobe,2024-10-01,1381.6666666666665,10,739.6253926775378,532.8134808398546
Rice (local),Yobe,2024-11-01,1316.3648148148145,8,753.036318123572,498.5905931020662
Rice (local),Yobe,2024-12-01,1397.0962962962963,10,766.4472435696063,519.9095703118645
Rice (local),Yobe,2025-01-01,1393.4,10,779.8581690156404,509.6170125543838
Rice (local),Yobe,2025-02-01,1370.3703703703702,9,793.2690944616747,492.7211020604116
Rice (local),Yobe,2025-03-01,1285.0240740740742,6,806.680019907709,454.3533147419399
Rice (local),Yobe,2025-04-01,1259.2592592592591,5,820.0909453537432,437.96244658493
Rice (local),Yobe,2025-05-01,1248.9722222222222,10,833.5018707997775,427.39549269427516
Rice (local),Yobe,2025-06-01,1185.1851851851852,11,846.9127962458117,399.14551763161745
Rice (local),Yobe,2025-07-01,1053.4962962962964,9,860.323721691846,349.26482747354675
Rice (local),Yobe,2025-08-01,999.9999999999999,9,860.323721691846,331.5292409678447
Rice (local),Yobe,2025-09-01,997.5296296296295,11,860.323721691846,330.71024095404636
Rice (local),Yobe,2025-10-01,911.6388888888888,12,860.323721691846,302.23494887010264
Rice (local),Yobe,2025-11-01,786.2314814814815,12,860.323721691846,260.65872628057963
Rice (local),Yobe,2025-12-01,740.7407407407406,12,860.323721691846,245.5772155317368
Rice (local),Yobe,2026-01-01,725.2537037037036,12,860.323721691846,240.44280989800703
Rice (local),Yobe,2026-02-01,834.5074074074074,12,860.323721691846,276.66360735982175
Rice (local),Yobe,2026-03-01,888.8888888888888,11,860.323721691846,294.6926586380842
Rice (local),Yobe,2026-04-01,844.4444444444443,6,860.323721691846,279.95802570617997
Rice (local),Yobe,2026-05-01,905.1666666666666,6,860.323721691846,300.0892179493941
Rice (local),Yobe,2026-06-01,989.5833333333333,4,860.323721691846,328.07581137442963
Rice (local),Zamfara,2018-01-01,244.8148148148148,1,227.1828520689845,307.3589650172028
Rice (local),Zamfara,2018-10-01,222.2222222222222,1,246.9801600807577,256.6310232691176
Rice (local),Zamfara,2018-11-01,221.48148148148147,1,249.26075859880495,253.43538092308933
Rice (local),Zamfara,2018-12-01,227.77777777777777,1,251.54135711685225,258.27697374922116
Rice (local),Zamfara,2019-02-01,234.44444444444443,1,256.1025541529468,261.1017443630761
Rice (local),Zamfara,2019-03-01,239.25925925925924,1,258.383152670994,264.1120997863837
Rice (local),Zamfara,2019-04-01,248.14814814814812,1,260.66375118904125,271.52769622493406
Rice (local),Zamfara,2019-08-01,226.29629629629628,1,270.458367359174,238.64962770827495
Rice (local),Zamfara,2019-09-01,237.4074074074074,1,273.41118797516503,247.6633371983308
Rice (local),Zamfara,2019-10-01,264.8148148148148,1,276.364008591156,273.3030834058434
Rice (local),Zamfara,2020-01-01,268.14814814814815,1,285.222470439129,268.14814814814815
Rice (local),Zamfara,2020-02-01,274.0740740740741,1,288.17529105512,271.2657431680084
Rice (local),Zamfara,2020-03-01,295.18518518518516,1,291.128111671111,289.19724471906744
Rice (local),Zamfara,2020-04-01,305.01111111111106,1,294.08093228710203,295.82340461830165
Rice (local),Zamfara,2020-05-01,313.1074074074074,1,297.03375290309305,300.6569703971229
Rice (local),Zamfara,2020-06-01,325.7,1,299.986573519084,309.67038801859763
Rice (local),Zamfara,2020-07-01,341.0888888888889,1,302.939394135075,321.14085329175896
Rice (local),Zamfara,2020-08-01,400.11851851851844,1,307.2191314783556,371.4703305459232
Rice (local),Zamfara,2020-09-01,390.72962962962964,1,311.49886882163617,357.7697429795228
Rice (local),Zamfara,2020-10-01,318.8666666666667,1,315.7786061649168,288.0117165374368
Rice (local),Zamfara,2020-11-01,292.8407407407407,1,320.05834350819737,260.9672930371812
Rice (local),Zamfara,2020-12-01,319.3185185185185,1,324.3380808514779,280.8082741000149
Rice (local),Zamfara,2021-01-01,349.75925925925924,1,328.6178181947585,303.57209640337413
Rice (local),Zamfara,2021-02-01,373.98148148148147,1,332.8975555380391,320.42266538795576
Rice (local),Zamfara,2021-03-01,385.52592592592595,1,337.17729288131966,326.1211811485461
Rice (local),Zamfara,2021-04-01,434.06296296296296,1,341.45703022460026,362.57713171402423
Rice (local),Zamfara,2021-05-01,398.6259259259259,1,345.73676756788086,328.8544408322291
Rice (local),Zamfara,2021-06-01,403.9,1,350.0165049111614,329.1312100828038
Rice (local),Zamfara,2021-07-01,411.76666666666665,1,354.296242254442,331.48843228996884
Rice (local),Zamfara,2021-08-01,403.7259259259259,1,359.8608154286513,319.98956550952465
Rice (local),Zamfara,2021-09-01,398.56666666666666,1,365.4253886028605,311.08995939223485
Rice (local),Zamfara,2021-10-01,364.1592592592592,1,370.98996177706977,279.9709271422906
Rice (local),Zamfara,2021-11-01,372.59259259259255,1,376.554534951279,282.22148417447494
Rice (local),Zamfara,2021-12-01,386.66666666666663,1,382.11910812548825,288.61687248289047
Rice (local),Zamfara,2022-01-01,436.66666666666663,1,387.6836812996975,321.2597058703783
Rice (local),Zamfara,2022-02-01,436.66666666666663,1,393.24825447390674,316.71379086401106
Rice (local),Zamfara,2022-03-01,408.5888888888889,1,398.812827648116,292.21410196387444
Rice (local),Zamfara,2022-04-01,426.81481481481484,1,404.3774008223252,301.04841579658296
Rice (local),Zamfara,2022-05-01,421.9962962962963,1,409.9419739965345,293.60942226133153
Rice (local),Zamfara,2022-06-01,432.9888888888888,1,415.5065471707437,297.2231398097162
Rice (local),Zamfara,2022-07-01,435.8888888888889,1,421.071120344953,295.25963600639534
Rice (local),Zamfara,2022-08-01,436.837037037037,1,429.7239740376429,289.94365316024624
Rice (local),Zamfara,2022-09-01,486.27037037037036,1,438.3768277303327,316.38359412488285
Rice (local),Zamfara,2022-10-01,489.2703703703703,1,447.02968142302245,312.1736867795321
Rice (local),Zamfara,2022-11-01,532.1481481481482,1,455.6825351157123,333.0841051783573
Rice (local),Zamfara,2022-12-01,513.6666666666666,1,464.3353888084022,315.5246814697406
Rice (local),Zamfara,2023-01-01,514.074074074074,1,472.988242501092,309.99814418384125
Sorghum,Abia,2021-03-01,417.895,1,337.17729288131966,353.502583953996
Sorghum,Abia,2021-04-01,490.54,1,341.45703022460026,409.75296527700635
Sorghum,Abia,2021-05-01,451.95500000000004,1,345.73676756788086,372.8493285054133
Sorghum,Abia,2021-06-01,401.54499999999996,1,350.0165049111614,327.2121608138139
Sorghum,Abia,2021-07-01,436.875,1,354.296242254442,351.70163245368775
Sorghum,Abia,2021-08-01,378.99,1,359.8608154286513,300.3840913964625
Sorghum,Abia,2021-09-01,352.725,1,365.4253886028605,275.3095406706349
Sorghum,Abia,2021-10-01,401.91499999999996,1,370.98996177706977,308.99808894405487
Sorghum,Abia,2021-11-01,411.08,1,376.554534951279,311.3738974443306
Sorghum,Abia,2021-12-01,411.385,1,382.11910812548825,307.0672036716566
Sorghum,Abia,2022-01-01,401.99,1,387.6836812996975,295.7477614416032
Sorghum,Abia,2022-02-01,401.99,1,393.24825447390674,291.5628476093675
Sorghum,Abia,2022-03-01,383.35,1,398.812827648116,274.16378426852896
Sorghum,Abia,2022-04-01,382.33000000000004,1,404.3774008223252,269.67161592421934
Sorghum,Abia,2022-05-01,378.65,1,409.9419739965345,263.4506717594358
Sorghum,Abia,2022-06-01,379.225,1,415.5065471707437,260.31717692244007
Sorghum,Abia,2022-07-01,357.22,1,421.071120344953,241.97140570171828
Sorghum,Abia,2022-08-01,364.975,1,429.7239740376429,242.24636612757902
Sorghum,Abia,2022-09-01,361.115,1,438.3768277303327,234.95336864836594
Sorghum,Abia,2022-10-01,382.41999999999996,1,447.02968142302245,243.99895952795728
Sorghum,Abia,2022-11-01,415.12,1,455.6825351157123,259.8334208675022
Sorghum,Abia,2022-12-01,399.005,1,464.3353888084022,245.0926519075286
Sorghum,Abia,2023-01-01,397.03499999999997,1,472.988242501092,239.42096943464324
Sorghum,Adamawa,2019-02-01,74.3,1,256.1025541529468,82.74821632966302
Sorghum,Adamawa,2019-03-01,78.54,1,258.383152670994,86.69827191408817
Sorghum,Adamawa,2019-04-01,88.905,1,260.66375118904125,97.28128141607456
Sorghum,Adamawa,2019-09-01,59.62,1,273.41118797516503,62.19556636843074
Sorghum,Adamawa,2019-10-01,66.28,1,276.364008591156,68.40451271884771
Sorghum,Adamawa,2020-02-01,59.74,1,288.17529105512,59.12786735339651
Sorghum,Adamawa,2020-03-01,81.9,1,291.128111671111,80.23862826189134
Sorghum,Adamawa,2020-04-01,87.76,1,294.08093228710203,85.11644672460729
Sorghum,Adamawa,2020-05-01,106.97,1,297.03375290309305,102.71643328301334
Sorghum,Adamawa,2020-06-01,122.485,1,299.986573519084,116.45679298881771
Sorghum,Adamawa,2020-07-01,149.985,1,302.939394135075,141.21336827437625
Sorghum,Adamawa,2020-08-01,154.115,1,307.2191314783556,143.08048076368985
Sorghum,Adamawa,2020-09-01,170.735,1,311.49886882163617,156.3326976904972
Sorghum,Adamawa,2020-10-01,208.06,1,315.7786061649168,187.92719342289078
Sorghum,Adamawa,2020-11-01,243.975,1,320.05834350819737,217.42020989871247
Sorghum,Adamawa,2020-12-01,190.54500000000002,1,324.3380808514779,167.5650157611648
Sorghum,Adamawa,2021-01-01,183.075,1,328.6178181947585,158.89918587645352
Sorghum,Adamawa,2021-02-01,190.615,1,332.8975555380391,163.3165527901936
Sorghum,Adamawa,2021-03-01,210.445,1,337.17729288131966,178.01804587324253
Sorghum,Adamawa,2021-04-01,204.36,1,341.45703022460026,170.70395071555637
Sorghum,Adamawa,2021-05-01,212.96,1,345.73676756788086,175.68561692759857
Sorghum,Adamawa,2021-06-01,230.32,1,350.0165049111614,187.6838333901247
Sorghum,Adamawa,2021-07-01,272.375,1,354.296242254442,219.27263436812177
Sorghum,Adamawa,2021-08-01,248.82999999999998,1,359.8608154286513,197.22043711491528
Sorghum,Adamawa,2021-09-01,238.425,1,365.4253886028605,186.09590257111384
Sorghum,Adamawa,2021-10-01,203.0,1,370.98996177706977,156.06934813491196
Sorghum,Adamawa,2021-11-01,188.185,1,376.554534951279,142.5413469168078
Sorghum,Adamawa,2021-12-01,196.61,1,382.11910812548825,146.75421542808905
Sorghum,Adamawa,2022-01-01,217.16500000000002,1,387.6836812996975,159.77029929467338
Sorghum,Adamawa,2022-02-01,217.16500000000002,1,393.24825447390674,157.50950471675492
Sorghum,Adamawa,2022-03-01,220.76,1,398.812827648116,157.8828668713198
Sorghum,Adamawa,2022-04-01,217.10000000000002,1,404.3774008223252,153.1287312456465
Sorghum,Adamawa,2022-05-01,193.925,1,409.9419739965345,134.92584582318392
Sorghum,Adamawa,2022-06-01,180.86,1,415.5065471707437,124.15047694163759
Sorghum,Adamawa,2022-07-01,180.86,1,421.071120344953,122.50979350319906
Sorghum,Adamawa,2022-08-01,180.86,1,429.7239740376429,120.04295575815863
Sorghum,Adamawa,2022-09-01,184.655,1,438.3768277303327,120.14265341446357
Sorghum,Adamawa,2022-10-01,202.095,1,447.02968142302245,128.94453670258494
Sorghum,Adamawa,2022-11-01,212.13,1,455.6825351157123,132.77718146228378
Sorghum,Adamawa,2022-12-01,217.03,1,464.3353888084022,133.31276110196848
Sorghum,Adamawa,2023-01-01,217.03,1,472.988242501092,130.8739355381783
Sorghum,Adamawa,2023-06-01,259.25925925925924,2,516.2525109645411,143.23720435177424
Sorghum,Adamawa,2023-07-01,360.3648148148148,2,524.905364657231,195.81461661749233
Sorghum,Adamawa,2023-08-01,496.29629629629625,2,539.4459689640813,262.40784776138514
Sorghum,Adamawa,2023-09-01,461.5925925925926,2,553.9865732709317,237.65301533991138
Sorghum,Adamawa,2023-10-01,485.961111111111,2,568.5271775777819,243.80018073892674
Sorghum,Adamawa,2023-11-01,475.70740740740735,2,583.0677818846323,232.70440618133915
Sorghum,Adamawa,2023-12-01,396.62777777777774,2,597.6083861914826,189.2998111079251
Sorghum,Adamawa,2024-09-01,854.4444444444443,2,726.2144672315035,335.58510095027395
Sorghum,Adamawa,2024-10-01,666.6666666666666,2,739.6253926775378,257.0873248925716
Sorghum,Adamawa,2024-11-01,732.511111111111,2,753.036318123572,277.4482766725436
Sorghum,Adamawa,2024-12-01,764.1981481481481,2,766.4472435696063,284.3855014791077
Sorghum,Adamawa,2025-01-01,654.3203703703704,2,779.8581690156404,239.3087357554371
Sorghum,Adamawa,2025-09-01,555.5555555555555,1,860.323721691846,184.18291164880262
Sorghum,Adamawa,2025-10-01,370.3703703703703,3,860.323721691846,122.7886077658684
Sorghum,Adamawa,2025-11-01,399.6907407407407,4,860.323721691846,132.50916789965336
Sorghum,Borno,2016-01-01,629.6296296296296,1,171.4086989219375,1047.6978097034773
Sorghum,Borno,2016-11-01,142.96296296296296,8,193.997480837143,210.1895823679527
Sorghum,Borno,2016-12-01,152.2222222222222,8,196.52621318391925,220.9231917440157
Sorghum,Borno,2017-01-01,160.74074074074073,8,199.05494553069548,230.3226933249933
Sorghum,Borno,2017-02-01,178.5185185185185,9,201.58367787747176,252.5873791326217
Sorghum,Borno,2017-03-01,157.03703703703704,8,204.112410224248,219.44031528967616
Sorghum,Borno,2017-04-01,205.37037037037035,8,206.64114257102423,283.4684500058007
Sorghum,Borno,2017-05-01,183.33333333333331,8,209.16987491780048,249.9919563834078
Sorghum,Borno,2017-06-01,169.62962962962962,8,211.69860726457676,228.5427506954277
Sorghum,Borno,2017-07-01,173.14814814814815,8,214.227339611353,230.5295983993908
Sorghum,Borno,2017-08-01,300.74074074074076,8,216.3865916876249,396.41096228178776
Sorghum,Borno,2017-09-01,160.74074074074073,8,218.5458437638968,209.78148284448594
Sorghum,Borno,2017-10-01,126.85185185185185,8,220.70509584016872,163.93368004137665
Sorghum,Borno,2017-11-01,116.11111111111111,8,222.86434791644064,148.59935322162957
Sorghum,Borno,2017-12-01,125.18518518518518,8,225.02359999271255,158.67503578315652
Sorghum,Borno,2018-01-01,128.7411111111111,10,227.1828520689845,161.63129137510543
Sorghum,Borno,2018-02-01,141.1111111111111,8,229.3421041452564,175.49354867708882
Sorghum,Borno,2018-03-01,178.5185185185185,8,231.5013562215283,219.9446849989996
Sorghum,Borno,2018-04-01,144.62962962962962,8,233.66060829780025,176.5450349640623
Sorghum,Borno,2018-05-01,116.1111111111111,8,235.81986037407216,140.4355761385418
Sorghum,Borno,2018-06-01,149.25925925925924,8,237.97911245034408,178.89004721253974
Sorghum,Borno,2018-07-01,96.29629629629629,8,240.138364526616,114.3751752366239
Sorghum,Borno,2018-08-01,119.62962962962962,8,242.41896304466323,140.7524315430494
Sorghum,Borno,2018-09-01,114.44444444444444,8,244.6995615627105,133.39675381524015
Sorghum,Borno,2018-10-01,91.85185185185185,8,246.9801600807577,106.07415628456862
Sorghum,Borno,2018-11-01,92.96296296296296,8,249.26075859880495,106.37505119012613
Sorghum,Borno,2018-12-01,151.48148148148147,8,251.54135711685225,171.7646866072056
Sorghum,Borno,2019-01-01,92.96296296296296,9,253.8219556348995,104.46348460799513
Sorghum,Borno,2019-02-01,91.46648148148148,10,256.1025541529468,101.86659753085796
Sorghum,Borno,2019-03-01,92.96296296296296,10,258.383152670994,102.61940719254227
Sorghum,Borno,2019-04-01,92.96296296296296,10,260.66375118904125,101.72156977978872
Sorghum,Borno,2019-05-01,100.0,9,262.9443497070885,108.4725611167753
Sorghum,Borno,2019-06-01,97.4074074074074,9,265.22494822513573,104.75176474057821
Sorghum,Borno,2019-07-01,97.77777777777777,8,267.505546743183,104.25361145352265
Sorghum,Borno,2019-08-01,95.92592592592592,10,270.458367359174,101.16244447863048
Sorghum,Borno,2019-09-01,102.40648148148148,10,273.41118797516503,106.83041119656079
Sorghum,Borno,2019-10-01,102.59259259259258,10,276.364008591156,105.88105469009597
Sorghum,Borno,2019-11-01,104.44444444444444,8,279.316829207147,106.6527303515751
Sorghum,Borno,2019-12-01,104.07407407407408,8,282.269649823138,105.16279215520198
Sorghum,Borno,2020-01-01,102.22222222222223,10,285.222470439129,102.22222222222223
Sorghum,Borno,2020-02-01,95.37037037037037,10,288.17529105512,94.39314711589479
Sorghum,Borno,2020-03-01,98.88888888888889,10,291.128111671111,96.88289126724092
Sorghum,Borno,2020-04-01,109.00462962962962,10,294.08093228710203,105.72113435056879
Sorghum,Borno,2020-05-01,111.38074074074075,10,297.03375290309305,106.95178484910632
Sorghum,Borno,2020-06-01,114.44444444444444,10,299.986573519084,108.81196044729491
Sorghum,Borno,2020-07-01,114.81481481481481,10,302.939394135075,108.10005485747742
Sorghum,Borno,2020-08-01,121.48148148148147,10,307.2191314783556,112.78349787013369
Sorghum,Borno,2020-09-01,131.1111111111111,10,311.49886882163617,120.05127066622846
Sorghum,Borno,2020-10-01,104.44444444444443,10,315.7786061649168,94.33793767690801
Sorghum,Borno,2020-11-01,142.59259259259258,10,320.05834350819737,127.07249272049626
Sorghum,Borno,2020-12-01,146.2962962962963,10,324.3380808514779,128.6527654605942
Sorghum,Borno,2021-01-01,149.25925925925924,10,328.6178181947585,129.54895414894878
Sorghum,Borno,2021-02-01,151.48148148148147,10,332.8975555380391,129.7874425785332
Sorghum,Borno,2021-03-01,190.92592592592592,10,337.17729288131966,161.50661807062554
Sorghum,Borno,2021-04-01,201.1111111111111,10,341.45703022460026,167.99012135183935
Sorghum,Borno,2021-05-01,187.59259259259258,10,345.73676756788086,154.75826615644857
Sorghum,Borno,2021-06-01,204.5672222222222,8,350.0165049111614,166.69833471967772
Sorghum,Borno,2021-07-01,215.6472222222222,8,354.296242254442,173.6045323940686
Sorghum,Borno,2021-08-01,217.51722222222222,8,359.8608154286513,172.40220892452209
Sorghum,Borno,2021-09-01,230.80166666666668,8,365.4253886028605,180.14572495858525
Sorghum,Borno,2021-10-01,245.7407407407407,8,370.98996177706977,188.9290503329941
Sorghum,Borno,2021-11-01,249.99999999999997,8,376.554534951279,189.3633218864519
Sorghum,Borno,2021-12-01,249.99999999999997,8,382.11910812548825,186.6057365191102
Sorghum,Borno,2022-01-01,285.55555555555554,8,387.6836812996975,210.08586363533644
Sorghum,Borno,2022-02-01,280.69851851851854,8,393.24825447390674,203.59028677079044
Sorghum,Borno,2022-03-01,276.66666666666663,8,398.812827648116,197.86612837953044
Sorghum,Borno,2022-04-01,265.7407407407407,8,404.3774008223252,187.43686075498803
Sorghum,Borno,2022-05-01,260.0,8,409.9419739965345,180.8983881089484
Sorghum,Borno,2022-06-01,181.375,2,415.5065471707437,124.50399621414087
Sorghum,Borno,2022-07-01,187.485,2,421.071120344953,126.99739375731104
Sorghum,Borno,2022-08-01,194.51,2,429.7239740376429,129.10292670861125
Sorghum,Borno,2022-09-01,192.03,2,438.3768277303327,124.94107246042316
Sorghum,Borno,2022-10-01,200.535,2,447.02968142302245,127.9491955152422
Sorghum,Borno,2022-11-01,200.495,2,455.6825351157123,125.49455992684008
Sorghum,Borno,2022-12-01,194.865,2,464.3353888084022,119.69769705632902
Sorghum,Borno,2023-01-01,194.95,2,472.988242501092,117.55920256723891
Sorghum,Borno,2023-02-01,290.74074074074076,6,481.6410961937818,172.17341499034444
Sorghum,Borno,2023-03-01,281.1111111111111,6,490.2939498864717,163.53292876154234
Sorghum,Borno,2023-04-01,311.48148148148147,6,498.9468035791615,178.05809558632157
Sorghum,Borno,2023-05-01,322.5925925925926,6,507.5996572718513,181.2661905627436
Sorghum,Borno,2023-06-01,302.4074074074074,17,516.2525109645411,167.0759676474624
Sorghum,Borno,2023-07-01,353.087037037037,18,524.905364657231,191.8600261391872
Sorghum,Borno,2023-08-01,452.1592592592592,17,539.4459689640813,239.07117371830736
Sorghum,Borno,2023-09-01,490.12222222222215,17,553.9865732709317,252.34162303599845
Sorghum,Borno,2023-10-01,473.1185185185185,19,568.5271775777819,237.3572240421005
Sorghum,Borno,2023-11-01,455.0685185185185,18,583.0677818846323,222.6083675064183
Sorghum,Borno,2023-12-01,444.4444444444444,3,597.6083861914826,212.12142491048155
Sorghum,Borno,2024-01-01,518.5185185185185,15,612.148990498333,241.59662944129585
Sorghum,Borno,2024-02-01,505.60185185185185,10,626.6895948051833,230.1123402066591
Sorghum,Borno,2024-03-01,619.6,9,641.2301991120337,275.60124730371234
Sorghum,Borno,2024-04-01,518.5185185185185,1,655.770803418884,225.52564409583817
Sorghum,Borno,2024-05-01,646.4555555555555,8,670.3114077257343,275.07162858863035
Sorghum,Borno,2024-06-01,738.4259259259259,8,684.8520120325846,307.5345667800607
Sorghum,Borno,2024-09-01,777.7777777777777,7,726.2144672315035,305.47408408997626
Sorghum,Borno,2024-10-01,750.3,15,739.6253926775378,289.33892980034466
Sorghum,Borno,2024-11-01,760.062962962963,11,753.036318123572,287.88390515582824
Sorghum,Borno,2024-12-01,717.5925925925925,18,766.4472435696063,267.0419050303374
Sorghum,Borno,2025-01-01,705.6518518518518,21,779.8581690156404,258.0825237865719
Sorghum,Borno,2025-02-01,614.7481481481482,16,793.2690944616747,221.03468638430067
Sorghum,Borno,2025-03-01,537.037037037037,9,806.680019907709,189.88325809598976
Sorghum,Borno,2025-04-01,481.48148148148147,16,820.0909453537432,167.45622957659089
Sorghum,Borno,2025-05-01,497.0148148148148,21,833.5018707997775,170.07735470383966
Sorghum,Borno,2025-06-01,482.0981481481481,16,846.9127962458117,162.36054693998727
Sorghum,Borno,2025-07-01,440.7407407407407,10,860.323721691846,146.1184432413834
Sorghum,Borno,2025-08-01,403.8222222222222,15,860.323721691846,133.87887481928163
Sorghum,Borno,2025-09-01,382.71481481481476,21,860.323721691846,126.88115206270479
Sorghum,Borno,2025-10-01,361.35555555555555,22,860.323721691846,119.79993305284717
Sorghum,Borno,2025-11-01,341.04999999999995,22,860.323721691846,113.06804763208342
Sorghum,Borno,2025-12-01,354.16666666666663,22,860.323721691846,117.41660617611166
Sorghum,Borno,2026-01-01,331.6185185185185,21,860.323721691846,109.94123573532559
Sorghum,Borno,2026-02-01,407.4074074074074,16,860.323721691846,135.06746854245523
Sorghum,Borno,2026-03-01,398.14814814814815,16,860.323721691846,131.99775334830855
Sorghum,Borno,2026-04-01,444.4444444444444,7,860.323721691846,147.3463293190421
Sorghum,Borno,2026-05-01,351.85185185185185,12,860.323721691846,116.64917737757499
Sorghum,Borno,2026-06-01,407.4074074074074,12,860.323721691846,135.06746854245523
Sorghum,Borno,2026-07-01,444.4444444444444,1,860.323721691846,147.3463293190421
Sorghum,Gombe,2018-01-01,115.38,1,227.1828520689845,144.8567457427369
Sorghum,Gombe,2019-01-01,95.39,1,253.8219556348995,107.19077231570904
Sorghum,Gombe,2019-02-01,92.31,1,256.1025541529468,102.80602758265401
Sorghum,Gombe,2019-03-01,92.31,1,258.383152670994,101.89861828863609
Sorghum,Gombe,2019-04-01,92.31,1,260.66375118904125,101.00708720002072
Sorghum,Gombe,2019-05-01,93.08,1,262.9443497070885,100.96625988749445
Sorghum,Gombe,2019-06-01,84.61,1,265.22494822513573,90.98945399122003
Sorghum,Gombe,2019-08-01,88.46,1,270.458367359174,93.28895970720099
Sorghum,Gombe,2019-09-01,80.77,1,273.41118797516503,84.25924011368922
Sorghum,Gombe,2019-10-01,87.69,1,276.364008591156,90.50078033065412
Sorghum,Gombe,2020-01-01,84.61,1,285.222470439129,84.61
Sorghum,Gombe,2020-02-01,90.39,1,288.17529105512,89.46380867213776
Sorghum,Gombe,2020-03-01,107.69,1,291.128111671111,105.50546859002536
Sorghum,Gombe,2020-04-01,110.51,1,294.08093228710203,107.18115915606599
Sorghum,Gombe,2020-05-01,117.115,1,297.03375290309305,112.4580263993653
Sorghum,Gombe,2020-06-01,133.94,1,299.986573519084,127.34802508815156
Sorghum,Gombe,2020-07-01,175.68,1,302.939394135075,165.4056374866981
Sorghum,Gombe,2020-08-01,191.935,1,307.2191314783556,178.19259692683264
Sorghum,Gombe,2020-09-01,220.76,1,311.49886882163617,202.13785305973676
Sorghum,Gombe,2020-10-01,240.69,1,315.7786061649168,217.39977018627118
Sorghum,Gombe,2020-11-01,221.02,1,320.05834350819737,196.96368395045982
Sorghum,Gombe,2020-12-01,192.31,1,324.3380808514779,169.1171543783862
Sorghum,Gombe,2021-01-01,192.31,1,328.6178181947585,166.91466577031696
Sorghum,Gombe,2021-02-01,204.805,1,332.8975555380391,175.47436767408442
Sorghum,Gombe,2021-03-01,203.84500000000003,1,337.17729288131966,172.4350236927992
Sorghum,Gombe,2021-04-01,217.43,1,341.45703022460026,181.62145235899106
Sorghum,Gombe,2021-05-01,215.38,1,345.73676756788086,177.68204439268493
Sorghum,Gombe,2021-06-01,245.9,1,350.0165049111614,200.3797092333782
Sorghum,Gombe,2021-07-01,269.23,1,354.296242254442,216.74078513420625
Sorghum,Gombe,2021-08-01,269.48,1,359.8608154286513,213.58744280724744
Sorghum,Gombe,2021-09-01,269.87,1,365.4253886028605,210.63940957058398
Sorghum,Gombe,2021-10-01,269.23,1,370.98996177706977,206.98793398208056
Sorghum,Gombe,2021-11-01,269.23,1,376.554534951279,203.9291486059578
Sorghum,Gombe,2021-12-01,243.07,1,382.11910812548825,181.43302550280046
Sorghum,Gombe,2022-01-01,230.76,1,387.6836812996975,169.7722665495767
Sorghum,Gombe,2022-02-01,230.76,1,393.24825447390674,167.36994132773862
Sorghum,Gombe,2022-03-01,230.76,1,398.812827648116,165.03465464407392
Sorghum,Gombe,2022-04-01,232.06,1,404.3774008223252,163.680577489013
Sorghum,Gombe,2022-05-01,231.035,1,409.9419739965345,160.74561191058038
Sorghum,Gombe,2022-06-01,230.76,1,415.5065471707437,158.40409188904283
Sorghum,Gombe,2022-07-01,230.76,1,421.071120344953,156.31073730398214
Sorghum,Gombe,2022-08-01,230.76,1,429.7239740376429,153.16328912281696
Sorghum,Gombe,2022-09-01,230.76,1,438.3768277303327,150.1400920739845
Sorghum,Gombe,2022-10-01,230.76,1,447.02968142302245,147.23393102000793
Sorghum,Gombe,2022-11-01,261.54,1,455.6825351157123,163.70406844692263
Sorghum,Gombe,2022-12-01,259.3,1,464.3353888084022,159.27751441616564
Sorghum,Gombe,2023-01-01,253.84,1,472.988242501092,153.07118737967647
Sorghum,Jigawa,2018-01-01,90.89,1,227.1828520689845,114.11015445100848
Sorghum,Jigawa,2019-01-01,61.45,1,253.8219556348995,69.0520280826116
Sorghum,Jigawa,2019-02-01,67.46000000000001,1,256.1025541529468,75.13048012919339
Sorghum,Jigawa,2019-03-01,74.99000000000001,1,258.383152670994,82.77951885456419
Sorghum,Jigawa,2019-04-01,66.42,1,260.66375118904125,72.67783264895868
Sorghum,Jigawa,2019-05-01,65.625,1,262.9443497070885,71.1851182328838
Sorghum,Jigawa,2019-06-01,62.485,1,265.22494822513573,67.19626560266379
Sorghum,Jigawa,2019-08-01,63.42,1,270.458367359174,66.88204640097996
Sorghum,Jigawa,2019-09-01,69.175,1,273.41118797516503,72.16333954270709
Sorghum,Jigawa,2019-10-01,80.12,1,276.364008591156,82.68813456599395
Sorghum,Jigawa,2020-01-01,67.255,1,285.222470439129,67.255
Sorghum,Jigawa,2020-02-01,70.985,1,288.17529105512,70.25764419284987
Sorghum,Jigawa,2020-03-01,80.745,1,291.128111671111,79.1070578633262
Sorghum,Jigawa,2020-04-01,80.745,1,294.08093228710203,78.31275627596189
Sorghum,Jigawa,2020-06-01,146.78,1,299.986573519084,139.55609319425778
Sorghum,Jigawa,2020-07-01,158.49,1,302.939394135075,149.2209670154075
Sorghum,Jigawa,2020-08-01,176.845,1,307.2191314783556,164.1830296898727
Sorghum,Jigawa,2020-09-01,192.57,1,311.49886882163617,176.32581248284794
Sorghum,Jigawa,2020-10-01,149.885,1,315.7786061649168,135.38146393439385
Sorghum,Jigawa,2020-11-01,123.34,1,320.05834350819737,109.91539579427072
Sorghum,Jigawa,2020-12-01,133.135,1,324.3380808514779,117.07873926559432
Sorghum,Jigawa,2021-01-01,144.35500000000002,1,328.6178181947585,125.29232269395303
Sorghum,Jigawa,2021-02-01,162.965,1,332.8975555380391,139.62637791073053
Sorghum,Jigawa,2021-03-01,157.675,1,337.17729288131966,133.3792458032432
Sorghum,Jigawa,2021-04-01,164.38,1,341.45703022460026,137.3082570885846
Sorghum,Jigawa,2021-05-01,172.08499999999998,1,345.73676756788086,141.96496707825787
Sorghum,Jigawa,2021-06-01,221.92000000000002,1,350.0165049111614,180.83881688926917
Sorghum,Jigawa,2021-07-01,221.38,1,354.296242254442,178.21964496159632
Sorghum,Jigawa,2021-08-01,205.405,1,359.8608154286513,162.8021696965365
Sorghum,Jigawa,2021-09-01,234.51,1,365.4253886028605,183.04015984880735
Sorghum,Jigawa,2021-10-01,173.51,1,370.98996177706977,133.39700785659394
Sorghum,Jigawa,2021-11-01,154.93,1,376.554534951279,117.35223783947197
Sorghum,Jigawa,2021-12-01,155.60500000000002,1,382.11910812548825,116.14714252422459
Sorghum,Jigawa,2022-01-01,168.33499999999998,1,387.6836812996975,123.84561661303083
Sorghum,Jigawa,2022-02-01,168.33499999999998,1,393.24825447390674,122.09316637807628
Sorghum,Jigawa,2022-03-01,200.02499999999998,1,398.812827648116,143.05363492451414
Sorghum,Jigawa,2022-04-01,192.365,1,404.3774008223252,135.68221274098934
Sorghum,Jigawa,2022-05-01,171.965,1,409.9419739965345,119.64688965828967
Sorghum,Jigawa,2022-06-01,200.495,1,415.5065471707437,137.6288282340685
Sorghum,Jigawa,2022-07-01,211.26,1,421.071120344953,143.10195165036953
Sorghum,Jigawa,2022-08-01,222.20999999999998,1,429.7239740376429,147.48836226374226
Sorghum,Jigawa,2022-09-01,223.485,1,438.3768277303327,145.40673633712268
Sorghum,Jigawa,2022-10-01,211.29,1,447.02968142302245,134.81130735490325
Sorghum,Jigawa,2022-11-01,198.435,1,455.6825351157123,124.20515723126518
Sorghum,Jigawa,2022-12-01,173.33499999999998,1,464.3353888084022,106.472687857023
Sorghum,Jigawa,2023-01-01,171.38,1,472.988242501092,103.34596632969175
Sorghum,Kaduna,2018-01-01,118.78999999999999,1,227.1828520689845,149.13791668209151
Sorghum,Kaduna,2019-01-01,86.67,1,253.8219556348995,97.39201422164275
Sorghum,Kaduna,2019-02-01,87.13,2,256.1025541529468,97.03704022615798
Sorghum,Kaduna,2019-03-01,87.87,2,258.383152670994,96.99741727897793
Sorghum,Kaduna,2019-04-01,83.8,2,260.66375118904125,91.69530828037847
Sorghum,Kaduna,2019-05-01,83.33500000000001,1,262.9443497070885,90.3956088066647
Sorghum,Kaduna,2019-06-01,66.67,1,265.22494822513573,71.69680767751613
Sorghum,Kaduna,2019-08-01,74.35499999999999,2,270.458367359174,78.41397918866073
Sorghum,Kaduna,2019-09-01,78.33,2,273.41118797516503,81.71383283527642
Sorghum,Kaduna,2019-10-01,86.61,2,276.364008591156,89.38616244084791
Sorghum,Kaduna,2020-01-01,92.59,2,285.222470439129,92.59
Sorghum,Kaduna,2020-02-01,96.295,2,288.17529105512,95.30830242375824
Sorghum,Kaduna,2020-03-01,103.7,1,291.128111671111,101.596407213164
Sorghum,Kaduna,2020-04-01,109.595,2,294.08093228710203,106.29372127146006
Sorghum,Kaduna,2020-05-01,112.97999999999999,2,297.03375290309305,108.48745098920115
Sorghum,Kaduna,2020-06-01,141.355,2,299.986573519084,134.39808934101586
Sorghum,Kaduna,2020-07-01,173.555,2,302.939394135075,163.40491469719885
Sorghum,Kaduna,2020-08-01,203.475,2,307.2191314783556,188.90634152024003
Sorghum,Kaduna,2020-09-01,213.88,2,311.49886882163617,195.83821350070892
Sorghum,Kaduna,2020-10-01,204.60500000000002,2,315.7786061649168,184.80651451644033
Sorghum,Kaduna,2020-11-01,184.13,2,320.05834350819737,164.08887487918815
Sorghum,Kaduna,2020-12-01,151.455,2,324.3380808514779,133.1893225332977
Sorghum,Kaduna,2021-01-01,172.22,2,328.6178181947585,149.4776337110082
Sorghum,Kaduna,2021-02-01,156.925,2,332.8975555380391,134.45138130053317
Sorghum,Kaduna,2021-03-01,177.475,2,337.17729288131966,150.12831234457323
Sorghum,Kaduna,2021-04-01,181.16000000000003,2,341.45703022460026,151.32475881596298
Sorghum,Kaduna,2021-05-01,183.985,2,345.73676756788086,151.7821103983106
Sorghum,Kaduna,2021-06-01,214.53,2,350.0165049111614,174.81683213434985
Sorghum,Kaduna,2021-07-01,242.45999999999998,2,354.296242254442,195.18987766459773
Sorghum,Kaduna,2021-08-01,234.19,2,359.8608154286513,185.6169037814653
Sorghum,Kaduna,2021-09-01,226.655,2,365.4253886028605,176.90916135999078
Sorghum,Kaduna,2021-10-01,211.4,2,370.98996177706977,162.52739012670145
Sorghum,Kaduna,2021-11-01,213.78,2,376.554534951279,161.92836381154277
Sorghum,Kaduna,2021-12-01,204.29500000000002,2,382.11910812548825,152.49047576868648
Sorghum,Kaduna,2022-01-01,217.33999999999997,2,387.6836812996975,159.89904841343824
Sorghum,Kaduna,2022-02-01,217.33999999999997,2,393.24825447390674,157.63643199935305
Sorghum,Kaduna,2022-03-01,213.17000000000002,2,398.812827648116,152.45465995179944
Sorghum,Kaduna,2022-04-01,212.035,2,404.3774008223252,149.55619774145853
Sorghum,Kaduna,2022-05-01,191.155,2,409.9419739965345,132.99858222679245
Sorghum,Kaduna,2022-06-01,201.68,2,415.5065471707437,138.4422657834207
Sorghum,Kaduna,2022-07-01,228.155,2,421.071120344953,154.54617901538415
Sorghum,Kaduna,2022-08-01,224.94,2,429.7239740376429,149.3003564538328
Sorghum,Kaduna,2022-09-01,213.20499999999998,2,438.3768277303327,138.71822816187324
Sorghum,Kaduna,2022-10-01,187.70499999999998,2,447.02968142302245,119.76315228857075
Sorghum,Kaduna,2022-11-01,221.92000000000002,2,455.6825351157123,138.90497388445772
Sorghum,Kaduna,2022-12-01,188.92000000000002,2,464.3353888084022,116.04592373120714
Sorghum,Kaduna,2023-01-01,185.32,2,472.988242501092,111.75209756225041
Sorghum,Kano,2018-01-01,96.2,1,227.1828520689845,120.77672855305333
Sorghum,Kano,2019-02-01,76.955,1,256.1025541529468,85.70510077589796
Sorghum,Kano,2019-03-01,77.46000000000001,1,258.383152670994,85.50608788471186
Sorghum,Kano,2019-04-01,73.265,1,260.66375118904125,80.16774177997529
Sorghum,Kano,2019-08-01,64.87,1,270.458367359174,68.41120072582103
Sorghum,Kano,2019-09-01,80.13,1,273.41118797516503,83.59159230295798
Sorghum,Kano,2019-10-01,75.395,1,276.364008591156,77.81168129809177
Sorghum,Kano,2020-01-01,74.745,1,285.222470439129,74.745
Sorghum,Kano,2020-02-01,88.05000000000001,1,288.17529105512,87.14778574600875
Sorghum,Kano,2020-03-01,95.08500000000001,1,291.128111671111,93.15616566888814
Sorghum,Kano,2020-04-01,97.83000000000001,1,294.08093228710203,94.88311284262
Sorghum,Kano,2020-05-01,98.62,1,297.03375290309305,94.698463591388
Sorghum,Kano,2020-06-01,119.995,1,299.986573519084,114.08934052898871
Sorghum,Kano,2020-07-01,141.25,1,302.939394135075,132.98922071377567
Sorghum,Kano,2020-08-01,167.845,1,307.2191314783556,155.8274229879085
Sorghum,Kano,2020-09-01,181.695,1,311.49886882163617,166.36817001127412
Sorghum,Kano,2020-10-01,162.57999999999998,1,315.7786061649168,146.84803954000566
Sorghum,Kano,2020-11-01,127.67,1,320.05834350819737,113.77410881347934
Sorghum,Kano,2020-12-01,127.73500000000001,1,324.3380808514779,112.32998655568178
Sorghum,Kano,2021-01-01,150.765,1,328.6178181947585,130.85585557101467
Sorghum,Kano,2021-02-01,172.45499999999998,1,332.8975555380391,147.75729145887172
Sorghum,Kano,2021-03-01,169.485,1,337.17729288131966,143.3694718564305
Sorghum,Kano,2021-04-01,173.435,1,341.45703022460026,144.87198909939576
Sorghum,Kano,2021-05-01,186.07,1,345.73676756788086,153.50217290438704
Sorghum,Kano,2021-06-01,236.12,1,350.0165049111614,192.4101543073821
Sorghum,Kano,2021-07-01,250.815,1,354.296242254442,201.91598270414121
Sorghum,Kano,2021-08-01,241.94,1,359.8608154286513,191.75948461030669
Sorghum,Kano,2021-09-01,246.235,1,365.4253886028605,192.1917775803637
Sorghum,Kano,2021-10-01,233.305,1,370.98996177706977,179.3682722493381
Sorghum,Kano,2021-11-01,177.505,1,376.554534951279,134.45174580581858
Sorghum,Kano,2021-12-01,190.675,1,382.11910812548825,142.32419524312536
Sorghum,Kano,2022-01-01,245.035,1,387.6836812996975,180.27451609453774
Sorghum,Kano,2022-02-01,245.035,1,393.24825447390674,177.72358109396097
Sorghum,Kano,2022-03-01,228.96,1,398.812827648116,163.74733284497822
Sorghum,Kano,2022-04-01,223.875,1,404.3774008223252,157.90739155973793
Sorghum,Kano,2022-05-01,225.685,1,409.9419739965345,157.02327969372317
Sorghum,Kano,2022-06-01,231.68,1,415.5065471707437,159.03562146322346
Sorghum,Kano,2022-07-01,229.02499999999998,1,421.071120344953,155.13549406762226
Sorghum,Kano,2022-08-01,209.825,1,429.7239740376429,139.26801499477844
Sorghum,Kano,2022-09-01,246.29500000000002,1,438.3768277303327,160.24767714232112
Sorghum,Kano,2022-10-01,237.89,1,447.02968142302245,151.78315067754238
Sorghum,Kano,2022-11-01,227.135,1,455.6825351157123,142.16916565990581
Sorghum,Kano,2022-12-01,207.59,1,464.3353888084022,127.51415047301127
Sorghum,Kano,2023-01-01,204.38,1,472.988242501092,123.24570310691094
Sorghum,Katsina,2018-01-01,112.555,1,227.1828520689845,141.3100278824212
Sorghum,Katsina,2019-01-01,85.78999999999999,1,253.8219556348995,96.4031487259113
Sorghum,Katsina,2019-02-01,92.295,1,256.1025541529468,102.78932202081089
Sorghum,Katsina,2019-03-01,93.265,1,258.383152670994,102.95281805535309
Sorghum,Katsina,2019-04-01,89.63,1,260.66375118904125,98.07458808079144
Sorghum,Katsina,2019-05-01,82.96,1,262.9443497070885,89.98883670247677
Sorghum,Katsina,2019-06-01,66.92,1,265.22494822513573,71.9656572638275
Sorghum,Katsina,2019-08-01,79.935,1,270.458367359174,84.29858686632502
Sorghum,Katsina,2019-09-01,84.185,1,273.41118797516503,87.82176710376287
Sorghum,Katsina,2019-10-01,86.63,1,276.364008591156,89.40680351288137
Sorghum,Katsina,2020-01-01,86.105,1,285.222470439129,86.105
Sorghum,Katsina,2020-02-01,82.58,1,288.17529105512,81.73383471783535
Sorghum,Katsina,2020-03-01,106.29,1,291.128111671111,104.13386810691611
Sorghum,Katsina,2020-04-01,118.70500000000001,1,294.08093228710203,115.12930501873869
Sorghum,Katsina,2020-05-01,102.87,1,297.03375290309305,98.77946612904162
Sorghum,Katsina,2020-06-01,149.72,1,299.986573519084,142.35139850827275
Sorghum,Katsina,2020-07-01,188.75,1,302.939394135075,177.7112595378772
Sorghum,Katsina,2020-08-01,192.71499999999997,1,307.2191314783556,178.9167495076695
Sorghum,Katsina,2020-09-01,191.785,1,311.49886882163617,175.60703093432514
Sorghum,Katsina,2020-10-01,188.385,1,315.7786061649168,170.15603351423283
Sorghum,Katsina,2020-11-01,180.96499999999997,1,320.05834350819737,161.26836062842708
Sorghum,Katsina,2020-12-01,147.425,1,324.3380808514779,129.64534597386296
Sorghum,Katsina,2021-01-01,175.605,1,328.6178181947585,152.415630401937
Sorghum,Katsina,2021-02-01,185.885,1,332.8975555380391,159.26394782889665
Sorghum,Katsina,2021-03-01,187.61,1,337.17729288131966,158.70163504136016
Sorghum,Katsina,2021-04-01,185.89,1,341.45703022460026,155.2757750954921
Sorghum,Katsina,2021-05-01,186.45,1,345.73676756788086,153.81566151460723
Sorghum,Katsina,2021-06-01,239.38,1,350.0165049111614,195.06667261604747
Sorghum,Katsina,2021-07-01,239.38,1,354.296242254442,192.71035599831478
Sorghum,Katsina,2021-08-01,230.27,1,359.8608154286513,182.50994676868362
Sorghum,Katsina,2021-09-01,223.32,1,365.4253886028605,174.30612126321122
Sorghum,Katsina,2021-10-01,232.525,1,370.98996177706977,178.76859692152908
Sorghum,Katsina,2021-11-01,203.005,1,376.554534951279,153.7668046382367
Sorghum,Katsina,2021-12-01,214.72000000000003,1,382.11910812548825,160.2719349815334
Sorghum,Katsina,2022-01-01,215.95499999999998,1,387.6836812996975,158.88009110207074
Sorghum,Katsina,2022-02-01,215.95499999999998,1,393.24825447390674,156.63189321993323
Sorghum,Katsina,2022-03-01,227.64499999999998,1,398.812827648116,162.806872752861
Sorghum,Katsina,2022-04-01,254.94,1,404.3774008223252,179.8186952729853
Sorghum,Katsina,2022-05-01,246.03,1,409.9419739965345,171.17857856324838
Sorghum,Katsina,2022-06-01,220.285,1,415.5065471707437,151.21357853084507
Sorghum,Katsina,2022-07-01,233.425,1,421.071120344953,158.1159380099759
Sorghum,Katsina,2022-08-01,207.14,1,429.7239740376429,137.4858888407883
Sorghum,Katsina,2022-09-01,222.39,1,438.3768277303327,144.69429310250223
Sorghum,Katsina,2022-10-01,203.86,1,447.02968142302245,130.0706759305721
Sorghum,Katsina,2022-11-01,205.45,1,455.6825351157123,128.59601155624478
Sorghum,Katsina,2022-12-01,205.45,1,464.3353888084022,126.19963492788749
Sorghum,Katsina,2023-01-01,205.45,1,472.988242501092,123.89093699635411
Sorghum,Kebbi,2018-01-01,110.0,1,227.1828520689845,138.10228836627718
Sorghum,Kebbi,2019-01-01,86.62,1,253.8219556348995,97.33582868211256
Sorghum,Kebbi,2019-02-01,85.99,1,256.1025541529468,95.76741752607973
Sorghum,Kebbi,2019-03-01,91.67,1,258.383152670994,101.19213886382049
Sorghum,Kebbi,2019-04-01,96.01,1,260.66375118904125,105.05568673029998
Sorghum,Kebbi,2019-05-01,97.13499999999999,1,262.9443497070885,105.36482224077969
Sorghum,Kebbi,2019-06-01,84.06,1,265.22494822513573,90.39798490133502
Sorghum,Kebbi,2019-08-01,84.44,1,270.458367359174,89.04951116522781
Sorghum,Kebbi,2019-09-01,84.44,1,273.41118797516503,88.08778302835108
Sorghum,Kebbi,2019-10-01,90.87,1,276.364008591156,93.78271078397243
Sorghum,Kebbi,2020-01-01,99.67,1,285.222470439129,99.67
Sorghum,Kebbi,2020-02-01,95.12,1,288.17529105512,94.14534219375756
Sorghum,Kebbi,2020-03-01,106.21,1,291.128111671111,104.05549093645271
Sorghum,Kebbi,2020-04-01,109.03,1,294.08093228710203,105.74574050118426
Sorghum,Kebbi,2020-05-01,114.52,1,297.03375290309305,109.96621426166857
Sorghum,Kebbi,2020-06-01,160.71499999999997,1,299.986573519084,152.8052699122165
Sorghum,Kebbi,2020-07-01,186.71,1,302.939394135075,175.7905656599579
Sorghum,Kebbi,2020-08-01,198.51,1,307.2191314783556,184.2968318229898
Sorghum,Kebbi,2020-09-01,221.49,1,311.49886882163617,202.80627411759875
Sorghum,Kebbi,2020-10-01,212.41,1,315.7786061649168,191.85626816762584
Sorghum,Kebbi,2020-11-01,169.46,1,320.05834350819737,151.01559081641898
Sorghum,Kebbi,2020-12-01,152.99,1,324.3380808514779,134.53919946102286
Sorghum,Kebbi,2021-01-01,162.89,1,328.6178181947585,141.37969896171245
Sorghum,Kebbi,2021-02-01,175.68,1,332.8975555380391,150.52043120521057
Sorghum,Kebbi,2021-03-01,187.96,1,337.17729288131966,158.99770439941395
Sorghum,Kebbi,2021-04-01,198.09,1,341.45703022460026,165.46655704269213
Sorghum,Kebbi,2021-05-01,204.92,1,345.73676756788086,169.05285791136131
Sorghum,Kebbi,2021-06-01,223.13,1,350.0165049111614,181.82482521855908
Sorghum,Kebbi,2021-07-01,256.09,1,354.296242254442,206.16256607740175
Sorghum,Kebbi,2021-08-01,272.78,1,359.8608154286513,216.2029933537218
Sorghum,Kebbi,2021-09-01,251.38,1,365.4253886028605,196.20756207749432
Sorghum,Kebbi,2021-10-01,246.5,1,370.98996177706977,189.51277987810738
Sorghum,Kebbi,2021-11-01,229.63,1,376.554534951279,173.9339984191438
Sorghum,Kebbi,2021-12-01,207.97,1,382.11910812548825,155.2335800955174
Sorghum,Kebbi,2022-01-01,249.67000000000002,1,387.6836812996975,183.68452846868098
Sorghum,Kebbi,2022-02-01,249.67000000000002,1,393.24825447390674,181.0853408359183
Sorghum,Kebbi,2022-03-01,241.175,1,398.812827648116,172.48324160939734
Sorghum,Kebbi,2022-04-01,241.34,1,404.3774008223252,170.22610777901576
Sorghum,Kebbi,2022-05-01,236.43,1,409.9419739965345,164.49925346384106
Sorghum,Kebbi,2022-06-01,230.47,1,415.5065471707437,158.20502278413807
Sorghum,Kebbi,2022-07-01,240.25,1,421.071120344953,162.7390129887403
Sorghum,Kebbi,2022-08-01,241.41,1,429.7239740376429,160.23205766657676
Sorghum,Kebbi,2022-09-01,242.655,1,438.3768277303327,157.87937269116276
Sorghum,Kebbi,2022-10-01,245.87,1,447.02968142302245,156.87470367433414
Sorghum,Kebbi,2022-11-01,261.14,1,455.6825351157123,163.45369899147119
Sorghum,Kebbi,2022-12-01,241.19,1,464.3353888084022,148.15327305065554
Sorghum,Kebbi,2023-01-01,236.5,1,472.988242501092,142.61478023673766
Sorghum,Lagos,2018-01-01,225.755,1,227.1828520689845,283.42983736480824
Sorghum,Lagos,2019-02-01,190.87,1,256.1025541529468,212.57270593328107
Sorghum,Lagos,2019-03-01,178.26999999999998,1,258.383152670994,196.78763603417997
Sorghum,Lagos,2019-04-01,176.845,1,260.66375118904125,193.50664430600872
Sorghum,Lagos,2019-08-01,166.4,1,270.458367359174,175.4836411403826
Sorghum,Lagos,2019-09-01,160.61,1,273.41118797516503,167.54830450240962
Sorghum,Lagos,2019-10-01,161.09,1,276.364008591156,166.25351469340944
Sorghum,Lagos,2020-01-01,160.95499999999998,1,285.222470439129,160.95499999999998
Sorghum,Lagos,2020-02-01,163.69,1,288.17529105512,162.01273195643577
Sorghum,Lagos,2020-03-01,184.93,1,291.128111671111,181.17862667242449
Sorghum,Lagos,2020-04-01,193.47,1,294.08093228710203,187.64219402700283
Sorghum,Lagos,2020-05-01,211.14,1,297.03375290309305,202.74420607063135
Sorghum,Lagos,2020-06-01,218.40499999999997,1,299.986573519084,207.65600581885727
Sorghum,Lagos,2020-07-01,248.77999999999997,1,302.939394135075,234.23050144547332
Sorghum,Lagos,2020-08-01,293.20000000000005,1,307.2191314783556,272.20709833509954
Sorghum,Lagos,2020-09-01,306.77,1,311.49886882163617,280.8925040004324
Sorghum,Lagos,2020-10-01,314.92,1,315.7786061649168,284.44694680734773
Sorghum,Lagos,2020-11-01,306.845,1,320.05834350819737,273.44729708523596
Sorghum,Lagos,2020-12-01,298.16499999999996,1,324.3380808514779,262.2058984724222
Sorghum,Lagos,2021-01-01,294.65,1,328.6178181947585,255.7402437170396
Sorghum,Lagos,2021-02-01,289.725,1,332.8975555380391,248.2327637234155
Sorghum,Lagos,2021-03-01,285.71000000000004,1,337.17729288131966,241.68564654158632
Sorghum,Lagos,2021-04-01,287.865,1,341.45703022460026,240.45651190415754
Sorghum,Lagos,2021-05-01,289.02,1,345.73676756788086,238.43283717324633
Sorghum,Lagos,2021-06-01,289.27,1,350.0165049111614,235.72118133362875
Sorghum,Lagos,2021-07-01,315.545,1,354.296242254442,254.0261896711849
Sorghum,Lagos,2021-08-01,320.01,1,359.8608154286513,253.63706981129303
Sorghum,Lagos,2021-09-01,320.0,1,365.4253886028605,249.76696580793296
Sorghum,Lagos,2021-10-01,319.33000000000004,1,370.98996177706977,245.5055415759677
Sorghum,Lagos,2021-11-01,323.45500000000004,1,376.554534951279,245.00205312312923
Sorghum,Lagos,2021-12-01,312.81,1,382.11910812548825,233.48856176217146
Sorghum,Lagos,2022-01-01,337.56,1,387.6836812996975,248.34601445863723
Sorghum,Lagos,2022-02-01,337.56,1,393.24825447390674,244.83184865050902
Sorghum,Lagos,2022-03-01,330.03999999999996,1,398.812827648116,236.03760365197672
Sorghum,Lagos,2022-04-01,327.9,1,404.3774008223252,231.28010582886907
Sorghum,Lagos,2022-05-01,328.955,1,409.9419739965345,228.87472792453508
Sorghum,Lagos,2022-06-01,321.055,1,415.5065471707437,220.38666025930252
Sorghum,Lagos,2022-07-01,322.025,1,421.071120344953,218.1312410310056
Sorghum,Lagos,2022-08-01,323.0,1,429.7239740376429,214.38612578726767
Sorghum,Lagos,2022-09-01,327.21000000000004,1,438.3768277303327,212.89365369877137
Sorghum,Lagos,2022-10-01,327.70500000000004,1,447.02968142302245,209.0886434603558
Sorghum,Lagos,2022-11-01,332.09000000000003,1,455.6825351157123,207.86298115217
Sorghum,Lagos,2022-12-01,336.725,1,464.3353888084022,206.83656398682365
Sorghum,Lagos,2023-01-01,343.76,1,472.988242501092,207.2949549859659
Sorghum,Oyo,2014-05-01,62.099999999999994,1,143.98930281471485,123.01132839751354
Sorghum,Oyo,2018-01-01,162.515,1,227.1828520689845,204.0335763076867
Sorghum,Oyo,2019-02-01,120.2,1,256.1025541529468,133.86723556965674
Sorghum,Oyo,2019-03-01,120.93,1,258.383152670994,133.49149506710825
Sorghum,Oyo,2019-04-01,118.6,1,260.66375118904125,129.77402818678863
Sorghum,Oyo,2019-08-01,100.22,1,270.458367359174,105.69092857625688
Sorghum,Oyo,2019-09-01,100.22,1,273.41118797516503,104.54947436169287
Sorghum,Oyo,2019-10-01,108.16499999999999,1,276.364008591156,111.63207782489684
Sorghum,Oyo,2020-01-01,134.365,1,285.222470439129,134.365
Sorghum,Oyo,2020-02-01,127.17999999999999,1,288.17529105512,125.8768357884996
Sorghum,Oyo,2020-03-01,152.335,1,291.128111671111,149.24482828174868
Sorghum,Oyo,2020-04-01,159.99,1,294.08093228710203,155.17069634765176
Sorghum,Oyo,2020-05-01,161.52,1,297.03375290309305,155.09730114866144
Sorghum,Oyo,2020-06-01,189.845,1,299.986573519084,180.50161133985466
Sorghum,Oyo,2020-07-01,221.25,1,302.939394135075,208.3105492596309
Sorghum,Oyo,2020-08-01,241.225,1,307.2191314783556,223.95346963125644
Sorghum,Oyo,2020-09-01,273.53999999999996,1,311.49886882163617,250.4656111884417
Sorghum,Oyo,2020-10-01,302.855,1,315.7786061649168,273.54940961304237
Sorghum,Oyo,2020-11-01,308.235,1,320.05834350819737,274.6860063454438
Sorghum,Oyo,2020-12-01,279.6,1,324.3380808514779,245.87986253547285
Sorghum,Oyo,2021-01-01,240.18,1,328.6178181947585,208.46323344971515
Sorghum,Oyo,2021-02-01,249.09,1,332.8975555380391,213.41720291954633
Sorghum,Oyo,2021-03-01,242.41000000000003,1,337.17729288131966,205.0576373880716
Sorghum,Oyo,2021-04-01,236.425,1,341.45703022460026,197.4881657267832
Sorghum,Oyo,2021-05-01,236.07999999999998,1,345.73676756788086,194.75892394941525
Sorghum,Oyo,2021-06-01,244.13,1,350.0165049111614,198.93736647069792
Sorghum,Oyo,2021-07-01,288.45500000000004,1,354.296242254442,232.21766956092364
Sorghum,Oyo,2021-08-01,292.49,1,359.8608154286513,231.8249634358461
Sorghum,Oyo,2021-09-01,292.49,1,365.4253886028605,228.29481196613224
Sorghum,Oyo,2021-10-01,292.49,1,370.98996177706977,224.87055978315468
Sorghum,Oyo,2021-11-01,272.31,1,376.554534951279,206.26210473159887
Sorghum,Oyo,2021-12-01,256.77500000000003,1,382.11910812548825,191.66275197877812
Sorghum,Oyo,2022-01-01,279.37,1,387.6836812996975,205.53509319620062
Sorghum,Oyo,2022-02-01,279.37,1,393.24825447390674,202.6267139397224
Sorghum,Oyo,2022-03-01,277.945,1,398.812827648116,198.78036524981422
Sorghum,Oyo,2022-04-01,277.40999999999997,1,404.3774008223252,195.66762475750704
Sorghum,Oyo,2022-05-01,279.37,1,409.9419739965345,194.37531802306506
Sorghum,Oyo,2022-06-01,279.37,1,415.5065471707437,191.7721925422166
Sorghum,Oyo,2022-07-01,279.37,1,421.071120344953,189.23786913075705
Sorghum,Oyo,2022-08-01,266.365,1,429.7239740376429,176.79554301958376
Sorghum,Oyo,2022-09-01,264.665,1,438.3768277303327,172.1998070235791
Sorghum,Oyo,2022-10-01,286.095,1,447.02968142302245,182.53983140565597
Sorghum,Oyo,2022-11-01,319.95,1,455.6825351157123,200.26426817921885
Sorghum,Oyo,2022-12-01,347.48,1,464.3353888084022,213.4429259904714
Sorghum,Oyo,2023-01-01,353.505,1,472.988242501092,213.17140755851136
Sorghum,Yobe,2017-02-01,134.44444444444443,7,201.58367787747176,190.22659465797028
Sorghum,Yobe,2017-03-01,134.44444444444443,9,204.112410224248,187.8698925711142
Sorghum,Yobe,2017-04-01,153.7037037037037,9,206.64114257102423,212.15402480145593
Sorghum,Yobe,2017-05-01,144.07407407407408,9,209.16987491780048,196.45832531948614
Sorghum,Yobe,2017-06-01,153.7037037037037,9,211.69860726457676,207.08568021528933
Sorghum,Yobe,2017-07-01,288.5185185185185,9,214.227339611353,384.1338120922469
Sorghum,Yobe,2017-08-01,288.5185185185185,9,216.3865916876249,380.30066455358696
Sorghum,Yobe,2017-09-01,230.74074074074073,11,218.5458437638968,301.1379350509556
Sorghum,Yobe,2017-10-01,230.74074074074073,11,220.70509584016872,298.19177420665
Sorghum,Yobe,2017-11-01,192.2222222222222,11,222.86434791644064,246.00658475925277
Sorghum,Yobe,2017-12-01,192.2222222222222,11,225.02359999271255,243.64598689780544
Sorghum,Yobe,2018-01-01,192.2222222222222,12,227.1828520689845,241.33026148854495
Sorghum,Yobe,2018-02-01,192.2222222222222,11,229.3421041452564,239.05814111130996
Sorghum,Yobe,2018-03-01,192.2222222222222,11,231.5013562215283,236.8284056317029
Sorghum,Yobe,2018-04-01,192.2222222222222,11,233.66060829780025,234.6398800162569
Sorghum,Yobe,2018-05-01,192.2222222222222,11,235.81986037407216,232.49143226763377
Sorghum,Yobe,2018-06-01,100.0,11,237.97911245034408,119.85189267341374
Sorghum,Yobe,2018-07-01,115.55555555555554,11,240.138364526616,137.2502102839487
Sorghum,Yobe,2018-08-01,115.55555555555554,11,242.41896304466323,135.95900508183098
Sorghum,Yobe,2018-09-01,115.55555555555554,11,244.6995615627105,134.6918679299512
Sorghum,Yobe,2018-10-01,103.7037037037037,11,246.9801600807577,119.76114419225487
Sorghum,Yobe,2018-11-01,92.22222222222221,11,249.26075859880495,105.52744122048367
Sorghum,Yobe,2018-12-01,92.22222222222221,11,251.54135711685225,104.57067717651393
Sorghum,Yobe,2019-01-01,77.03703703703704,10,253.8219556348995,86.56734979467325
Sorghum,Yobe,2019-02-01,77.03703703703704,12,256.1025541529468,85.79646576227462
Sorghum,Yobe,2019-03-01,77.03703703703704,11,258.383152670994,85.03919002409877
Sorghum,Yobe,2019-04-01,77.03703703703704,11,260.66375118904125,84.2951653952034
Sorghum,Yobe,2019-05-01,84.44444444444444,11,262.9443497070885,91.59905160972136
Sorghum,Yobe,2019-06-01,77.03703703703704,8,265.22494822513573,82.84550215224436
Sorghum,Yobe,2019-07-01,77.03703703703704,10,267.505546743183,82.13920902398755
Sorghum,Yobe,2019-08-01,77.03703703703704,11,270.458367359174,81.24242645388084
Sorghum,Yobe,2019-09-01,77.03703703703704,10,273.41118797516503,80.36501425468457
Sorghum,Yobe,2019-10-01,77.03703703703704,11,276.364008591156,79.50635153624536
Sorghum,Yobe,2019-11-01,77.03703703703704,9,279.316829207147,78.66584366357311
Sorghum,Yobe,2019-12-01,77.03703703703704,10,282.269649823138,77.8429208835659
Sorghum,Yobe,2020-01-01,77.03703703703704,11,285.222470439129,77.03703703703704
Sorghum,Yobe,2020-02-01,77.03703703703704,11,288.17529105512,76.24766834992668
Sorghum,Yobe,2020-03-01,80.765,2,291.128111671111,79.12665215594205
Sorghum,Yobe,2020-04-01,75.295,2,294.08093228710203,73.02692406710693
Sorghum,Yobe,2020-05-01,92.22222222222221,12,297.03375290309305,88.5550877451633
Sorghum,Yobe,2020-06-01,115.55555555555554,12,299.986573519084,109.86838724775406
Sorghum,Yobe,2020-07-01,153.7037037037037,8,302.939394135075,144.71458956726818
Sorghum,Yobe,2020-08-01,175.18518518518516,12,307.2191314783556,162.64205637979646
Sorghum,Yobe,2020-09-01,192.2222222222222,12,311.49886882163617,176.0073714004875
Sorghum,Yobe,2020-10-01,77.03703703703704,11,315.7786061649168,69.58259232906691
Sorghum,Yobe,2020-11-01,132.59259259259258,12,320.05834350819737,118.16091530892899
Sorghum,Yobe,2020-12-01,138.5185185185185,12,324.3380808514779,121.81299818294235
Sorghum,Yobe,2021-01-01,153.7037037037037,12,328.6178181947585,133.4064912451954
Sorghum,Yobe,2021-02-01,153.7037037037037,12,332.8975555380391,131.69141484129895
Sorghum,Yobe,2021-03-01,177.03703703703704,12,337.17729288131966,149.757834020871
Sorghum,Yobe,2021-04-01,164.32,2,341.45703022460026,137.25813848884428
Sorghum,Yobe,2021-05-01,181.48148148148147,12,345.73676756788086,149.71678265875576
Sorghum,Yobe,2021-06-01,210.29,12,350.0165049111614,171.36172856725133
Sorghum,Yobe,2021-07-01,203.7037037037037,12,354.296242254442,163.98952819331595
Sorghum,Yobe,2021-08-01,230.74074074074073,12,359.8608154286513,182.8830516782873
Sorghum,Yobe,2021-09-01,211.48148148148147,12,365.4253886028605,165.06589985686307
Sorghum,Yobe,2021-10-01,179.25925925925924,12,370.98996177706977,137.81712187063926
Sorghum,Yobe,2021-11-01,161.48148148148147,12,376.554534951279,122.31467902591558
Sorghum,Yobe,2021-12-01,177.03703703703704,12,382.11910812548825,132.14450674982916
Sorghum,Yobe,2022-01-01,172.2222222222222,12,387.6836812996975,126.70548195905505
Sorghum,Yobe,2022-02-01,192.2222222222222,12,393.24825447390674,139.41853898084966
Sorghum,Yobe,2022-03-01,192.2222222222222,12,398.812827648116,137.47325385405128
Sorghum,Yobe,2022-04-01,194.55,12,404.3774008223252,137.22337477586606
Sorghum,Yobe,2022-05-01,204.57,12,409.9419739965345,142.332243290183
Sorghum,Yobe,2022-06-01,173.3,2,415.5065471707437,118.96095131032729
Sorghum,Yobe,2022-07-01,175.625,2,421.071120344953,118.96374258542151
Sorghum,Yobe,2022-08-01,171.32,2,429.7239740376429,113.71093210487523
Sorghum,Yobe,2022-09-01,159.16,2,438.3768277303327,103.55476275999035
Sorghum,Yobe,2022-10-01,159.55,2,447.02968142302245,101.79915797470213
Sorghum,Yobe,2022-11-01,163.26,2,455.6825351157123,102.18829324250434
Sorghum,Yobe,2022-12-01,156.25,2,464.3353888084022,95.97806258205121
Sorghum,Yobe,2023-01-01,154.555,2,472.988242501092,93.20011568494286
Sorghum,Yobe,2023-02-01,169.62962962962962,10,481.6410961937818,100.45276951029012
Sorghum,Yobe,2023-03-01,172.2222222222222,10,490.2939498864717,100.18815793691329
Sorghum,Yobe,2023-04-01,215.55555555555554,10,498.9468035791615,123.22213035819162
Sorghum,Yobe,2023-05-01,247.77777777777777,10,507.5996572718513,139.22741846897296
Sorghum,Yobe,2023-06-01,289.6296296296296,10,516.2525109645411,160.01641971869637
Sorghum,Yobe,2023-07-01,407.4074074074074,5,524.905364657231,221.3765662155548
Sorghum,Yobe,2023-08-01,470.3703703703703,5,539.4459689640813,248.6999751171337
Sorghum,Yobe,2023-09-01,374.7425925925926,8,553.9865732709317,192.93790354328732
Sorghum,Yobe,2023-10-01,314.8148148148148,9,568.5271775777819,157.93837612984407
Sorghum,Yobe,2023-12-01,345.55555555555554,3,597.6083861914826,164.92440786789942
Sorghum,Yobe,2024-01-01,413.8296296296296,10,612.148990498333,192.81826995709824
Sorghum,Yobe,2024-02-01,478.9555555555555,10,626.6895948051833,217.98492893211053
Sorghum,Yobe,2024-03-01,513.8888888888888,9,641.2301991120337,228.58040470189897
Sorghum,Yobe,2024-04-01,539.9629629629629,10,655.770803418884,234.8527403766589
Sorghum,Yobe,2024-05-01,584.8277777777778,10,670.3114077257343,248.8485525334433
Sorghum,Yobe,2024-06-01,709.4907407407406,10,684.8520120325846,295.48383924165705
Sorghum,Yobe,2024-07-01,814.8148148148148,5,699.392616339435,332.29331994990764
Sorghum,Yobe,2024-08-01,823.1777777777777,3,712.8035417854693,329.3878125244135
Sorghum,Yobe,2024-09-01,777.7777777777777,9,726.2144672315035,305.47408408997626
Sorghum,Yobe,2024-10-01,670.7814814814814,9,739.6253926775378,258.6741249923251
Sorghum,Yobe,2024-11-01,547.8388888888888,8,753.036318123572,207.50122873339959
Sorghum,Yobe,2024-12-01,527.7777777777777,10,766.4472435696063,196.40501402231263
Sorghum,Yobe,2025-01-01,505.6981481481481,10,779.8581690156404,184.95218854136888
Sorghum,Yobe,2025-02-01,491.45185185185187,9,793.2690944616747,176.70310398540582
Sorghum,Yobe,2025-03-01,456.0925925925926,6,806.680019907709,161.26326771193564
Sorghum,Yobe,2025-04-01,444.4444444444444,5,820.0909453537432,154.57498114762234
Sorghum,Yobe,2025-05-01,462.6203703703703,10,833.5018707997775,158.30765297010186
Sorghum,Yobe,2025-06-01,481.48148148148147,11,846.9127962458117,162.1528665378446
Sorghum,Yobe,2025-07-01,480.1111111111111,9,860.323721691846,159.1708722468952
Sorghum,Yobe,2025-08-01,379.6296296296296,9,860.323721691846,125.85832296001512
Sorghum,Yobe,2025-09-01,308.64074074074074,11,860.323721691846,102.32343050953112
Sorghum,Yobe,2025-10-01,293.30925925925925,12,860.323721691846,97.240596091063
Sorghum,Yobe,2025-11-01,261.6518518518518,12,860.323721691846,86.74523984227538
Sorghum,Yobe,2025-12-01,232.37777777777777,12,860.323721691846,77.04002828446114
Sorghum,Yobe,2026-01-01,218.98148148148147,12,860.323721691846,72.59876434156969
Sorghum,Yobe,2026-02-01,250.64999999999998,12,860.323721691846,83.09780424859026
Sorghum,Yobe,2026-03-01,263.4111111111111,11,860.323721691846,87.32848572916328
Sorghum,Yobe,2026-04-01,291.66666666666663,6,860.323721691846,96.69602861562136
Sorghum,Yobe,2026-05-01,309.737037037037,6,860.323721691846,102.68688478851807
Sorghum,Yobe,2026-06-01,348.3796296296296,4,860.323721691846,115.49803417976997
Sorghum,Zamfara,2018-01-01,103.41,1,227.1828520689845,129.8287058177884
Sorghum,Zamfara,2018-10-01,104.33,1,246.9801600807577,120.48441595950169
Sorghum,Zamfara,2018-11-01,100.36,1,249.26075859880495,114.83928434697552
Sorghum,Zamfara,2018-12-01,87.25,1,251.54135711685225,98.93267982271996
Sorghum,Zamfara,2019-02-01,83.42,1,256.1025541529468,92.90519793028922
Sorghum,Zamfara,2019-03-01,84.6,1,258.383152670994,93.38774896781077
Sorghum,Zamfara,2019-04-01,93.405,1,260.66375118904125,102.20525381776552
Sorghum,Zamfara,2019-08-01,79.215,1,270.458367359174,83.53928264985221
Sorghum,Zamfara,2019-09-01,70.58,1,273.41118797516503,73.62903512720297
Sorghum,Zamfara,2019-10-01,80.25,1,276.364008591156,82.82230153421136
Sorghum,Zamfara,2020-01-01,78.725,1,285.222470439129,78.725
Sorghum,Zamfara,2020-02-01,83.125,1,288.17529105512,82.27325031387821
Sorghum,Zamfara,2020-03-01,109.595,1,291.128111671111,107.37182496168474
Sorghum,Zamfara,2020-04-01,108.06,1,294.08093228710203,104.80495935575503
Sorghum,Zamfara,2020-05-01,99.91,1,297.03375290309305,95.93716789105228
Sorghum,Zamfara,2020-06-01,134.05,1,299.986573519084,127.45261134139704
Sorghum,Zamfara,2020-07-01,161.25,1,302.939394135075,151.8195528502395
Sorghum,Zamfara,2020-08-01,189.07999999999998,1,307.2191314783556,175.54201280082063
Sorghum,Zamfara,2020-09-01,207.64,1,311.49886882163617,190.1245869239162
Sorghum,Zamfara,2020-10-01,194.04500000000002,1,315.7786061649168,175.26834686025592
Sorghum,Zamfara,2020-11-01,146.55,1,320.05834350819737,130.59916696651837
Sorghum,Zamfara,2020-12-01,156.36,1,324.3380808514779,137.5027729114683
Sorghum,Zamfara,2021-01-01,168.385,1,328.6178181947585,146.14906138908438
Sorghum,Zamfara,2021-02-01,186.785,1,332.8975555380391,160.0350565953168
Sorghum,Zamfara,2021-03-01,192.115,1,337.17729288131966,162.5124706357385
Sorghum,Zamfara,2021-04-01,192.685,1,341.45703022460026,160.95170651608424
Sorghum,Zamfara,2021-05-01,190.635,1,345.73676756788086,157.2681610771636
Sorghum,Zamfara,2021-06-01,233.29000000000002,1,350.0165049111614,190.10403565292722
Sorghum,Zamfara,2021-07-01,254.11,1,354.296242254442,204.56858786336272
Sorghum,Zamfara,2021-08-01,252.14,1,359.8608154286513,199.8439135721366
Sorghum,Zamfara,2021-09-01,241.64,1,365.4253886028605,188.60528005571535
Sorghum,Zamfara,2021-10-01,231.76,1,370.98996177706977,178.18045381156253
Sorghum,Zamfara,2021-11-01,224.265,1,376.554534951279,169.87026153146053
Sorghum,Zamfara,2021-12-01,211.13,1,382.11910812548825,157.59227660511897
Sorghum,Zamfara,2022-01-01,229.19,1,387.6836812996975,168.61720302694354
Sorghum,Zamfara,2022-02-01,229.19,1,393.24825447390674,166.2312222781436
Sorghum,Zamfara,2022-03-01,222.195,1,398.812827648116,158.90914841671002
Sorghum,Zamfara,2022-04-01,226.53500000000003,1,404.3774008223252,159.78358881958786
Sorghum,Zamfara,2022-05-01,219.51,1,409.9419739965345,152.72694297613563
Sorghum,Zamfara,2022-06-01,224.07,1,415.5065471707437,153.81177357244684
Sorghum,Zamfara,2022-07-01,225.54500000000002,1,421.071120344953,152.77823385866986
Sorghum,Zamfara,2022-08-01,207.435,1,429.7239740376429,137.6816904107798
Sorghum,Zamfara,2022-09-01,209.85500000000002,1,438.3768277303327,136.5386073070984
Sorghum,Zamfara,2022-10-01,198.025,1,447.02968142302245,126.34771706637662
Sorghum,Zamfara,2022-11-01,204.07,1,455.6825351157123,127.73223693493729
Sorghum,Zamfara,2022-12-01,192.885,1,464.3353888084022,118.48146304728927
Sorghum,Zamfara,2023-01-01,191.79,1,472.988242501092,115.65365201523854
Vegetable oil,Adamawa,2023-06-01,1550.0,2,516.2525109645411,856.3538574459646
Vegetable oil,Adamawa,2023-07-01,1817.74,2,524.905364657231,987.7214605238082
Vegetable oil,Adamawa,2023-08-01,1821.875,2,539.4459689640813,963.2840325587604
Vegetable oil,Adamawa,2023-09-01,1920.37,2,553.9865732709317,988.7111023705568
Vegetable oil,Adamawa,2023-10-01,1941.935,2,568.5271775777819,974.2427802520161
Vegetable oil,Adamawa,2023-11-01,1928.4450000000002,2,583.0677818846323,943.3480361890721
Vegetable oil,Adamawa,2023-12-01,1964.585,2,597.6083861914826,937.6437815049566
Vegetable oil,Adamawa,2024-09-01,2524.5,2,726.2144672315035,991.5034182237581
Vegetable oil,Adamawa,2024-10-01,2580.0,2,739.6253926775378,994.927947334252
Vegetable oil,Adamawa,2024-11-01,3071.315,2,753.036318123572,1163.3011990438981
Vegetable oil,Adamawa,2024-12-01,3332.95,2,766.4472435696063,1240.3100680781058
Vegetable oil,Adamawa,2025-01-01,3562.5,2,779.8581690156404,1302.9357020417624
Vegetable oil,Adamawa,2025-09-01,2750.0,1,860.323721691846,911.705412661573
Vegetable oil,Adamawa,2025-10-01,2750.0,3,860.323721691846,911.705412661573
Vegetable oil,Adamawa,2025-11-01,3034.7200000000003,4,860.323721691846,1006.0984181499377
Vegetable oil,Borno,2016-01-01,3125.0,1,171.4086989219375,5199.970746690054
Vegetable oil,Borno,2016-06-01,411.0,8,181.8035760286879,644.7971921739545
Vegetable oil,Borno,2016-07-01,400.0,6,183.882551450038,620.4448833017757
Vegetable oil,Borno,2016-08-01,416.5,8,186.41128379681425,637.2745067695705
Vegetable oil,Borno,2016-09-01,512.0,8,188.9400161435905,772.9114660064986
Vegetable oil,Borno,2016-10-01,523.0,8,191.46874849036675,779.0898160446776
Vegetable oil,Borno,2016-11-01,560.0,9,193.997480837143,823.3332863739495
Vegetable oil,Borno,2016-12-01,597.0,9,196.52621318391925,866.4381819274425
Vegetable oil,Borno,2017-01-01,640.0,8,199.05494553069548,917.0451936995125
Vegetable oil,Borno,2017-02-01,633.0,9,201.58367787747176,895.6371155094683
Vegetable oil,Borno,2017-03-01,600.0,9,204.112410224248,838.427619738857
Vegetable oil,Borno,2017-04-01,567.0,9,206.64114257102423,782.6183049844552
Vegetable oil,Borno,2017-05-01,514.0,9,209.16987491780048,700.8865395331179
Vegetable oil,Borno,2017-06-01,587.0,9,211.69860726457676,790.867697766776
Vegetable oil,Borno,2017-07-01,540.0,5,214.227339611353,718.9564801418434
Vegetable oil,Borno,2017-08-01,680.0,9,216.3865916876249,896.3183826962589
Vegetable oil,Borno,2017-09-01,500.0,7,218.5458437638968,652.5460871890691
Vegetable oil,Borno,2017-10-01,690.0,8,220.70509584016872,891.7034917287144
Vegetable oil,Borno,2017-11-01,457.0,8,222.86434791644064,584.8699902397727
Vegetable oil,Borno,2017-12-01,493.5,8,225.02359999271255,625.522341506707
Vegetable oil,Borno,2018-01-01,490.0,8,227.1828520689845,615.1829209043256
Vegetable oil,Borno,2018-02-01,533.0,8,229.3421041452564,662.8681519716498
Vegetable oil,Borno,2018-03-01,533.0,7,231.5013562215283,656.6854692573866
Vegetable oil,Borno,2018-04-01,473.5,8,233.66060829780025,577.9871957741497
Vegetable oil,Borno,2018-05-01,640.0,8,235.81986037407216,774.075520151197
Vegetable oil,Borno,2018-06-01,554.0,8,237.97911245034408,663.9794854107121
Vegetable oil,Borno,2018-07-01,533.0,8,240.138364526616,633.0665949347134
Vegetable oil,Borno,2018-08-01,533.0,8,242.41896304466323,627.1109109399456
Vegetable oil,Borno,2018-09-01,533.0,8,244.6995615627105,621.2662408269
Vegetable oil,Borno,2018-10-01,533.0,8,246.9801600807577,615.5295093109786
Vegetable oil,Borno,2018-11-01,533.0,8,249.26075859880495,609.8977536562171
Vegetable oil,Borno,2018-12-01,537.0,8,251.54135711685225,608.9037142097492
Vegetable oil,Borno,2019-01-01,533.0,8,253.8219556348995,598.9378513918955
Vegetable oil,Borno,2019-02-01,550.0,8,256.1025541529468,612.537267581624
Vegetable oil,Borno,2019-03-01,533.0,8,258.383152670994,588.3648959792333
Vegetable oil,Borno,2019-04-01,533.0,8,260.66375118904125,583.2171755780636
Vegetable oil,Borno,2019-05-01,533.0,8,262.9443497070885,578.1587507524124
Vegetable oil,Borno,2019-06-01,533.0,8,265.22494822513573,573.1873180158406
Vegetable oil,Borno,2019-07-01,533.0,8,267.505546743183,568.3006524347138
Vegetable oil,Borno,2019-08-01,530.0,8,270.458367359174,558.9322704591514
Vegetable oil,Borno,2019-09-01,552.5,8,273.41118797516503,576.367836607816
Vegetable oil,Borno,2019-10-01,561.0,8,276.364008591156,578.9820705382251
Vegetable oil,Borno,2019-11-01,565.5,8,279.316829207147,577.4564586429165
Vegetable oil,Borno,2019-12-01,567.0,8,282.269649823138,572.9313825992837
Vegetable oil,Borno,2020-01-01,576.0,8,285.222470439129,576.0
Vegetable oil,Borno,2020-02-01,683.5,8,288.17529105512,676.4964401748663
Vegetable oil,Borno,2020-03-01,667.0,8,291.128111671111,653.4696587384801
Vegetable oil,Borno,2020-04-01,667.0,8,294.08093228710203,646.9082721662836
Vegetable oil,Borno,2020-05-01,680.0,8,297.03375290309305,652.9604060245777
Vegetable oil,Borno,2020-06-01,733.0,8,299.986573519084,696.9247602629171
Vegetable oil,Borno,2020-07-01,703.0,8,302.939394135075,661.886174596703
Vegetable oil,Borno,2020-08-01,706.0,8,307.2191314783556,655.4509257318563
Vegetable oil,Borno,2020-09-01,715.5,8,311.49886882163617,655.1442012332019
Vegetable oil,Borno,2020-10-01,560.5,8,315.7786061649168,506.2635389480452
Vegetable oil,Borno,2020-11-01,727.5,8,320.05834350819737,648.317256691519
Vegetable oil,Borno,2020-12-01,733.5,8,324.3380808514779,645.0389097631235
Vegetable oil,Borno,2021-01-01,738.5,8,328.6178181947585,640.978007755078
Vegetable oil,Borno,2021-02-01,753.0,8,332.8975555380391,645.1610012381806
Vegetable oil,Borno,2021-03-01,800.0,8,337.17729288131966,676.7299612658607
Vegetable oil,Borno,2021-04-01,863.5,8,341.45703022460026,721.2901812628836
Vegetable oil,Borno,2021-05-01,847.5,8,345.73676756788086,699.1620977936692
Vegetable oil,Borno,2021-06-01,844.5,6,350.0165049111614,688.1686232110122
Vegetable oil,Borno,2021-07-01,906.5,6,354.296242254442,729.7683085991827
Vegetable oil,Borno,2021-08-01,1016.5,6,359.8608154286513,805.6688274215786
Vegetable oil,Borno,2021-09-01,983.5,6,365.4253886028605,767.643158975319
Vegetable oil,Borno,2021-10-01,1050.0,6,370.98996177706977,807.2552489736826
Vegetable oil,Borno,2021-11-01,1042.0,6,376.554534951279,789.2663256227315
Vegetable oil,Borno,2021-12-01,1108.0,6,382.11910812548825,827.0366242526965
Vegetable oil,Borno,2022-01-01,1116.5,6,387.6836812996975,821.4193777197193
Vegetable oil,Borno,2022-02-01,1083.0,6,393.24825447390674,785.4985545932611
Vegetable oil,Borno,2022-03-01,1083.0,6,398.812827648116,774.5386157892705
Vegetable oil,Borno,2022-04-01,744.5,6,404.3774008223252,525.1236315632602
Vegetable oil,Borno,2022-05-01,1488.5,6,409.9419739965345,1035.6432719237296
Vegetable oil,Borno,2023-02-01,1378.5,6,481.6410961937818,816.3322827048567
Vegetable oil,Borno,2023-03-01,1380.0,6,490.2939498864717,802.7980139202988
Vegetable oil,Borno,2023-04-01,1394.0,6,498.9468035791615,796.878787357666
Vegetable oil,Borno,2023-05-01,1388.0,6,507.5996572718513,779.9232787060135
Vegetable oil,Borno,2023-06-01,1400.0,17,516.2525109645411,773.480903499581
Vegetable oil,Borno,2023-07-01,1437.5,18,524.905364657231,781.1070887492019
Vegetable oil,Borno,2023-08-01,1497.915,18,539.4459689640813,791.9959391452518
Vegetable oil,Borno,2023-09-01,1491.665,18,553.9865732709317,767.9904114923565
Vegetable oil,Borno,2023-10-01,1526.77,19,568.5271775777819,765.96006025195
Vegetable oil,Borno,2023-11-01,1585.42,19,583.0677818846323,775.548612241925
Vegetable oil,Borno,2023-12-01,1600.0,3,597.6083861914826,763.6371296777337
Vegetable oil,Borno,2024-01-01,1900.0,15,612.148990498333,885.27907788132
Vegetable oil,Borno,2024-02-01,1849.3600000000001,10,626.6895948051833,841.6910577481075
Vegetable oil,Borno,2024-03-01,2053.2,9,641.2301991120337,913.2738556552328
Vegetable oil,Borno,2024-04-01,1867.0,1,655.770803418884,812.0372995162219
Vegetable oil,Borno,2024-05-01,1957.89,9,670.3114077257343,833.0967013417683
Vegetable oil,Borno,2024-06-01,2017.3899999999999,10,684.8520120325846,840.1887554238756
Vegetable oil,Borno,2024-08-01,2600.0,5,712.8035417854693,1040.3686004199546
Vegetable oil,Borno,2024-09-01,2333.5,18,726.2144672315035,916.4877110022339
Vegetable oil,Borno,2024-10-01,2580.0,21,739.6253926775378,994.927947334252
Vegetable oil,Borno,2024-11-01,3000.0,15,753.036318123572,1136.2896990805873
Vegetable oil,Borno,2024-12-01,3173.865,18,766.4472435696063,1181.1088417830201
Vegetable oil,Borno,2025-01-01,3375.0,21,779.8581690156404,1234.3601387764065
Vegetable oil,Borno,2025-02-01,3400.0,14,793.2690944616747,1222.481004571508
Vegetable oil,Borno,2025-03-01,3500.0,11,806.680019907709,1237.515026901451
Vegetable oil,Borno,2025-04-01,2905.4700000000003,16,820.0909453537432,1010.5041835687103
Vegetable oil,Borno,2025-05-01,2845.16,21,833.5018707997775,973.607369610248
Vegetable oil,Borno,2025-06-01,2831.25,16,846.9127962458117,953.5056301078737
Vegetable oil,Borno,2025-07-01,2883.8450000000003,10,860.323721691846,956.0789439189142
Vegetable oil,Borno,2025-08-01,3051.61,15,860.323721691846,1011.6979470298846
Vegetable oil,Borno,2025-09-01,2987.5,21,860.323721691846,990.4436073914361
Vegetable oil,Borno,2025-10-01,3000.0,21,860.323721691846,994.5877229035341
Vegetable oil,Borno,2025-11-01,2812.5,21,860.323721691846,932.4259902220632
Vegetable oil,Borno,2025-12-01,3362.5,20,860.323721691846,1114.767072754378
Vegetable oil,Borno,2026-01-01,2800.0,21,860.323721691846,928.2818747099652
Vegetable oil,Borno,2026-02-01,2816.665,16,860.323721691846,933.8068095106943
Vegetable oil,Borno,2026-03-01,2775.0,14,860.323721691846,919.993643685769
Vegetable oil,Borno,2026-04-01,3250.0,5,860.323721691846,1077.4700331454953
Vegetable oil,Borno,2026-05-01,2600.0,9,860.323721691846,861.9760265163962
Vegetable oil,Borno,2026-06-01,2800.0,11,860.323721691846,928.2818747099652
Vegetable oil,Borno,2026-07-01,2500.0,1,860.323721691846,828.8231024196118
Vegetable oil,Yobe,2016-12-01,577.0,9,196.52621318391925,837.4117771727545
Vegetable oil,Yobe,2017-02-01,753.0,7,201.58367787747176,1065.4261421463345
Vegetable oil,Yobe,2017-03-01,967.0,9,204.112410224248,1351.265847145791
Vegetable oil,Yobe,2017-04-01,1000.0,9,206.64114257102423,1380.2791975034484
Vegetable oil,Yobe,2017-05-01,1033.0,9,209.16987491780048,1408.591041513056
Vegetable oil,Yobe,2017-06-01,433.0,9,211.69860726457676,583.3828162402283
Vegetable oil,Yobe,2017-07-01,933.0,9,214.227339611353,1242.1970295784072
Vegetable oil,Yobe,2017-08-01,900.0,9,216.3865916876249,1186.3037418038723
Vegetable oil,Yobe,2017-09-01,800.0,11,218.5458437638968,1044.0737395025105
Vegetable oil,Yobe,2017-10-01,900.0,11,220.70509584016872,1163.091510950497
Vegetable oil,Yobe,2017-11-01,800.0,11,222.86434791644064,1023.8424336801273
Vegetable oil,Yobe,2017-12-01,800.0,11,225.02359999271255,1014.0179801527164
Vegetable oil,Yobe,2018-01-01,700.0,11,227.1828520689845,878.8327441490367
Vegetable oil,Yobe,2018-02-01,700.0,11,229.3421041452564,870.5585485556376
Vegetable oil,Yobe,2018-03-01,700.0,11,231.5013562215283,862.4387025894383
Vegetable oil,Yobe,2018-04-01,700.0,11,233.66060829780025,854.4689272268315
Vegetable oil,Yobe,2018-05-01,700.0,11,235.81986037407216,846.6451001653717
Vegetable oil,Yobe,2018-06-01,700.0,11,237.97911245034408,838.9632487138962
Vegetable oil,Yobe,2018-07-01,667.0,11,240.138364526616,792.2240503216769
Vegetable oil,Yobe,2018-08-01,493.0,11,242.41896304466323,580.0481784116195
Vegetable oil,Yobe,2018-09-01,440.0,10,244.6995615627105,512.8651894255835
Vegetable oil,Yobe,2018-10-01,433.0,11,246.9801600807577,500.0455488398757
Vegetable oil,Yobe,2018-11-01,433.0,11,249.26075859880495,495.47040775448784
Vegetable oil,Yobe,2018-12-01,400.0,11,251.54135711685225,453.55956365716884
Vegetable oil,Yobe,2019-01-01,400.0,11,253.8219556348995,449.4843162415727
Vegetable oil,Yobe,2019-02-01,400.0,11,256.1025541529468,445.481649150272
Vegetable oil,Yobe,2019-03-01,400.0,11,258.383152670994,441.5496405097436
Vegetable oil,Yobe,2019-04-01,400.0,10,260.66375118904125,437.68643570586386
Vegetable oil,Yobe,2019-05-01,400.0,8,262.9443497070885,433.8902444671012
Vegetable oil,Yobe,2019-06-01,400.0,8,265.22494822513573,430.1593380981919
Vegetable oil,Yobe,2019-07-01,400.0,7,267.505546743183,426.49204685532
Vegetable oil,Yobe,2019-08-01,400.0,9,270.458367359174,421.83567581822746
Vegetable oil,Yobe,2019-09-01,393.5,8,273.41118797516503,410.49908362927704
Vegetable oil,Yobe,2019-10-01,400.0,11,276.364008591156,412.82144066896626
Vegetable oil,Yobe,2019-11-01,447.0,11,279.316829207147,456.45099383445387
Vegetable oil,Yobe,2019-12-01,467.0,11,282.269649823138,471.8852833754242
Vegetable oil,Yobe,2020-01-01,467.0,10,285.222470439129,467.0
Vegetable oil,Yobe,2020-02-01,467.0,11,288.17529105512,462.2148318385699
Vegetable oil,Yobe,2020-05-01,533.0,11,297.03375290309305,511.8057300163234
Vegetable oil,Yobe,2020-06-01,533.0,11,299.986573519084,506.7679361802657
Vegetable oil,Yobe,2020-07-01,533.0,7,302.939394135075,501.82835143676056
Vegetable oil,Yobe,2020-08-01,533.0,11,307.2191314783556,494.8375969052116
Vegetable oil,Yobe,2020-09-01,533.0,11,311.49886882163617,488.03893676771025
Vegetable oil,Yobe,2020-10-01,400.0,11,315.7786061649168,361.29422940092434
Vegetable oil,Yobe,2020-11-01,600.0,11,320.05834350819737,534.6946446940362
Vegetable oil,Yobe,2020-12-01,667.0,11,324.3380808514779,586.5588995392003
Vegetable oil,Yobe,2021-01-01,667.0,11,328.6178181947585,578.9198797192106
Vegetable oil,Yobe,2021-02-01,667.0,11,332.8975555380391,571.4772746691452
Vegetable oil,Yobe,2021-03-01,733.0,11,337.17729288131966,620.0538270098448
Vegetable oil,Yobe,2021-05-01,733.0,11,345.73676756788086,604.7030297141706
Vegetable oil,Yobe,2021-06-01,800.0,11,350.0165049111614,651.9063334148132
Vegetable oil,Yobe,2021-07-01,800.0,11,354.296242254442,644.0316016319317
Vegetable oil,Yobe,2021-08-01,933.0,11,359.8608154286513,739.48747268503
Vegetable oil,Yobe,2021-09-01,933.0,11,365.4253886028605,728.2268096837546
Vegetable oil,Yobe,2021-10-01,933.0,11,370.98996177706977,717.3039498023294
Vegetable oil,Yobe,2021-11-01,933.0,11,376.554534951279,706.7039172802386
Vegetable oil,Yobe,2021-12-01,933.0,11,382.11910812548825,696.4126086893192
Vegetable oil,Yobe,2022-01-01,933.0,11,387.6836812996975,686.4167303291518
Vegetable oil,Yobe,2022-02-01,967.0,11,393.24825447390674,701.3638986996154
Vegetable oil,Yobe,2022-03-01,1033.0,11,398.812827648116,738.7796769254999
Vegetable oil,Yobe,2022-04-01,1421.0,11,404.3774008223252,1002.2843256566728
Vegetable oil,Yobe,2022-05-01,1423.0,11,409.9419739965345,990.0707933808984
Vegetable oil,Yobe,2023-02-01,1228.5,10,481.6410961937818,727.5039603213031
Vegetable oil,Yobe,2023-03-01,1200.0,10,490.2939498864717,698.0852294959119
Vegetable oil,Yobe,2023-04-01,1200.0,10,498.9468035791615,685.9788700352935
Vegetable oil,Yobe,2023-05-01,1321.5,10,507.5996572718513,742.5566374711793
Vegetable oil,Yobe,2023-06-01,1260.0,10,516.2525109645411,696.1328131496228
Vegetable oil,Yobe,2023-07-01,1216.62,5,524.905364657231,661.0855696097766
Vegetable oil,Yobe,2023-08-01,1309.9,5,539.4459689640813,692.5863488157642
Vegetable oil,Yobe,2023-09-01,1217.4650000000001,8,553.9865732709317,626.8173124176956
Vegetable oil,Yobe,2023-10-01,1416.5,10,568.5271775777819,710.6390781498767
Vegetable oil,Yobe,2023-12-01,1289.0,3,597.6083861914826,615.2051625966243
Vegetable oil,Yobe,2024-01-01,1536.705,10,612.148990498333,716.0067291450598
Vegetable oil,Yobe,2024-02-01,1596.6799999999998,10,626.6895948051833,726.6899241279403
Vegetable oil,Yobe,2024-03-01,1842.7849999999999,10,641.2301991120337,819.6801880448218
Vegetable oil,Yobe,2024-04-01,1780.9850000000001,10,655.770803418884,774.6257364107652
Vegetable oil,Yobe,2024-05-01,1907.565,10,670.3114077257343,811.6830409752387
Vegetable oil,Yobe,2024-06-01,2015.5149999999999,10,684.8520120325846,839.4078682793871
Vegetable oil,Yobe,2024-07-01,1987.13,5,699.392616339435,810.3804850702554
Vegetable oil,Yobe,2024-08-01,2025.74,5,712.8035417854693,810.5831879287381
Vegetable oil,Yobe,2024-09-01,2017.67,11,726.2144672315035,792.4447224589147
Vegetable oil,Yobe,2024-10-01,2125.8050000000003,10,739.6253926775378,819.7762810398798
Vegetable oil,Yobe,2024-11-01,2385.185,8,753.036318123572,903.4203819671768
Vegetable oil,Yobe,2024-12-01,2730.83,10,766.4472435696063,1016.2396505227302
Vegetable oil,Yobe,2025-01-01,2978.365,10,779.8581690156404,1089.2963065857161
Vegetable oil,Yobe,2025-02-01,2784.62,9,793.2690944616747,1001.2191338087977
Vegetable oil,Yobe,2025-03-01,2573.645,6,806.680019907709,909.9783889742242
Vegetable oil,Yobe,2025-04-01,2555.56,5,820.0909453537432,888.80768734864
Vegetable oil,Yobe,2025-05-01,2500.0,10,833.5018707997775,855.4943918885476
Vegetable oil,Yobe,2025-06-01,2448.86,11,846.9127962458117,824.7246966343373
Vegetable oil,Yobe,2025-07-01,2533.33,9,860.323721691846,839.87297202107
Vegetable oil,Yobe,2025-08-01,2312.5,9,860.323721691846,766.6613697381409
Vegetable oil,Yobe,2025-09-01,2576.09,11,860.323721691846,854.0491623648551
Vegetable oil,Yobe,2025-10-01,2504.0299999999997,12,860.323721691846,830.1591652607121
Vegetable oil,Yobe,2025-11-01,2379.69,12,860.323721691846,788.9368194387704
Vegetable oil,Yobe,2025-12-01,2728.73,12,860.323721691846,904.6537857061869
Vegetable oil,Yobe,2026-01-01,2250.925,12,860.323721691846,746.2474567255459
Vegetable oil,Yobe,2026-02-01,2204.365,12,860.323721691846,730.8114552660829
Vegetable oil,Yobe,2026-03-01,2125.0,11,860.323721691846,704.4996370566699
Vegetable oil,Yobe,2026-04-01,2100.0,6,860.323721691846,696.2114060324739
Vegetable oil,Yobe,2026-05-01,2126.01,6,860.323721691846,704.8344815900476
Vegetable oil,Yobe,2026-06-01,2092.4449999999997,4,860.323721691846,693.7067026169618
Yam,Abia,2014-07-01,119.2,1,145.799165386817,233.18733263076882
Yam,Abia,2014-08-01,140.0,1,146.89380547073534,271.8368261582907
Yam,Abia,2014-09-01,161.2,1,147.98844555465368,310.68548671124114
Yam,Abia,2014-10-01,94.8,1,149.08308563857202,181.36926856465365
Yam,Abia,2014-11-01,81.2,1,150.17772572249035,154.21770764097317
Yam,Abia,2014-12-01,106.8,1,151.2723658064087,201.3702878282641
Yam,Abia,2015-01-01,106.8,1,152.367005890327,199.92359674525073
Yam,Abia,2015-02-01,106.8,1,153.46164597424533,198.49754412259605
Yam,Abia,2015-03-01,106.8,1,154.55628605816366,197.09169144654135
Yam,Abia,2015-04-01,86.8,1,155.650926142082,159.05662142682857
Yam,Abia,2015-05-01,95.2,1,156.74556622600034,173.23092346136818
Yam,Abia,2015-06-01,100.0,1,157.84020630991867,180.70330564513816
Yam,Abia,2015-07-01,140.0,1,158.934846393837,251.24223395623113
Yam,Abia,2015-08-01,150.0,1,161.0138218151871,265.71240955311544
Yam,Abia,2015-09-01,150.0,1,163.09279723653717,262.325322091445
Yam,Abia,2015-10-01,141.6,1,165.17177265788726,244.51818349030768
Yam,Abia,2015-11-01,116.8,1,167.25074807923733,199.18586272336017
Yam,Abia,2015-12-01,116.8,1,169.32972350058742,196.7403233087704
Yam,Abia,2016-01-01,116.8,1,171.4086989219375,194.35410662828747
Yam,Abia,2016-02-01,108.4,1,173.48767434328758,178.21505713669646
Yam,Abia,2016-03-01,126.8,1,175.56664976463767,205.99703474529758
Yam,Abia,2016-04-01,166.8,1,177.64562518598774,267.8090609855296
Yam,Abia,2016-05-01,179.6,1,179.72460060733783,285.02472960163084
Yam,Abia,2016-06-01,190.4,1,181.8035760286879,298.7089668854524
Yam,Abia,2016-07-01,192.0,1,183.882551450038,297.8135439848524
Yam,Abia,2016-08-01,172.8,1,186.41128379681425,264.396241944254
Yam,Abia,2016-09-01,163.6,1,188.9400161435905,246.969366872389
Yam,Abia,2016-10-01,151.2,1,191.46874849036675,225.23590857735223
Yam,Abia,2016-11-01,135.2,1,193.997480837143,198.77617913885348
Yam,Abia,2016-12-01,151.6,1,196.52621318391925,220.02014804053653
Yam,Abia,2017-01-01,201.6,1,199.05494553069548,288.8692360153464
Yam,Abia,2017-02-01,203.6,1,201.58367787747176,288.0753818605494
Yam,Abia,2017-04-01,219.2,1,206.64114257102423,302.55720009275586
Yam,Abia,2017-05-01,243.2,1,209.16987491780048,331.62569341333517
Yam,Abia,2017-06-01,243.2,1,211.69860726457676,327.66443628088575
Yam,Abia,2017-07-01,243.2,1,214.227339611353,323.79669624165984
Yam,Abia,2017-08-01,243.2,1,216.3865916876249,320.56563334077964
Yam,Abia,2021-03-01,206.984,1,337.17729288131966,175.09034287831614
Yam,Abia,2021-04-01,218.71999999999997,1,341.45703022460026,182.6990022534081
Yam,Abia,2021-05-01,253.45999999999998,1,345.73676756788086,209.09690301685356
Yam,Abia,2021-06-01,260.188,1,350.0165049111614,212.02275634816678
Yam,Abia,2021-07-01,275.276,1,354.296242254442,221.60805396353956
Yam,Abia,2021-08-01,255.42,1,359.8608154286513,202.4436122971172
Yam,Abia,2021-09-01,218.95999999999998,1,365.4253886028605,170.90304635407813
Yam,Abia,2021-10-01,221.108,1,370.98996177706977,169.99104151435523
Yam,Abia,2021-11-01,237.6,1,376.554534951279,179.9709011208839
Yam,Abia,2021-12-01,192.0,1,382.11910812548825,143.31320564667664
Yam,Abia,2022-01-01,213.6,1,387.6836812996975,157.14749581812092
Yam,Abia,2022-02-01,213.6,1,393.24825447390674,154.9238146455407
Yam,Abia,2022-03-01,231.13600000000002,1,398.812827648116,165.3035618643295
Yam,Abia,2022-04-01,211.97199999999998,1,404.3774008223252,149.51176149056735
Yam,Abia,2022-05-01,246.02399999999997,1,409.9419739965345,171.17440398506125
Yam,Abia,2022-06-01,283.2,1,415.5065471707437,194.40127761733805
Yam,Abia,2022-07-01,277.148,1,421.071120344953,187.73274493986847
Yam,Abia,2022-08-01,226.416,1,429.7239740376429,150.2800280379257
Yam,Abia,2022-09-01,277.96,1,438.3768277303327,180.8499739681259
Yam,Abia,2022-10-01,299.86,1,447.02968142302245,191.32244130551038
Yam,Abia,2022-11-01,321.37199999999996,1,455.6825351157123,201.15433159334867
Yam,Abia,2022-12-01,342.348,1,464.3353888084022,210.29054572057643
Yam,Abia,2023-01-01,340.8,1,472.988242501092,205.51000889928198
Yam,Adamawa,2017-04-01,200.0,1,206.64114257102423,276.0558395006897
Yam,Adamawa,2017-05-01,143.2,1,209.16987491780048,195.2664444769309
Yam,Adamawa,2018-03-01,347.2,1,231.5013562215283,427.76959648436144
Yam,Adamawa,2018-04-01,376.8,1,233.66060829780025,459.9484168272431
Yam,Adamawa,2018-05-01,390.4,1,235.81986037407216,472.1860672922301
Yam,Adamawa,2018-07-01,454.8,1,240.138364526616,540.185154552172
Yam,Adamawa,2018-08-01,465.2,1,242.41896304466323,547.3395793044327
Yam,Adamawa,2018-09-01,491.2,1,244.6995615627105,572.5440478314695
Yam,Adamawa,2018-10-01,500.0,1,246.9801600807577,577.4198023555147
Yam,Adamawa,2018-11-01,514.0,1,249.26075859880495,588.1565579348886
Yam,Adamawa,2018-12-01,496.4,1,251.54135711685225,562.8674184985465
Yam,Adamawa,2019-02-01,474.0,1,256.1025541529468,527.8957542430724
Yam,Adamawa,2019-03-01,479.2,1,258.383152670994,528.9764693306728
Yam,Adamawa,2019-04-01,473.6,1,260.66375118904125,518.2207398757428
Yam,Adamawa,2019-08-01,463.6,1,270.458367359174,488.9075482733256
Yam,Adamawa,2019-09-01,512.0,1,273.41118797516503,534.1182485849805
Yam,Adamawa,2019-10-01,497.6,1,276.364008591156,513.549872192194
Yam,Adamawa,2019-11-01,477.6,1,279.316829207147,487.69797462043664
Yam,Adamawa,2019-12-01,475.6,1,282.269649823138,480.57524790867615
Yam,Adamawa,2020-01-01,468.0,1,285.222470439129,468.0
Yam,Adamawa,2020-02-01,474.0,1,288.17529105512,469.14310554921235
Yam,Adamawa,2020-03-01,560.0,1,291.128111671111,548.6401932437014
Yam,Adamawa,2020-04-01,676.732,1,294.08093228710203,656.3471196996004
Yam,Adamawa,2020-05-01,761.2239999999999,1,297.03375290309305,730.954606052431
Yam,Adamawa,2020-06-01,599.3399999999999,1,299.986573519084,569.8429547284811
Yam,Adamawa,2020-07-01,799.9680000000001,1,302.939394135075,753.1831569271342
Yam,Adamawa,2020-08-01,1081.24,1,307.2191314783556,1003.8240211590826
Yam,Adamawa,2020-09-01,781.8399999999999,1,311.49886882163617,715.8881094230142
Yam,Adamawa,2020-10-01,897.2639999999999,1,315.7786061649168,810.4407636229773
Yam,Adamawa,2020-11-01,772.292,1,320.05834350819737,688.2339942334111
Yam,Adamawa,2020-12-01,882.156,1,324.3380808514779,775.7667954751164
Yam,Adamawa,2021-01-01,1143.664,1,328.6178181947585,992.6384187694023
Yam,Adamawa,2021-02-01,1276.0,1,332.8975555380391,1093.260873280104
Yam,Adamawa,2021-03-01,1213.8,1,337.17729288131966,1026.768533730627
Yam,Adamawa,2021-04-01,902.7479999999999,1,341.45703022460026,754.0744279730234
Yam,Adamawa,2021-05-01,1162.1799999999998,1,345.73676756788086,958.763665857046
Yam,Adamawa,2021-06-01,1240.708,1,350.0165049111614,1011.0317538980327
Yam,Adamawa,2021-07-01,1251.108,1,354.296242254442,1007.1913613181536
Yam,Adamawa,2021-08-01,985.896,1,359.8608154286513,781.41237017179
Yam,Adamawa,2021-09-01,875.372,1,365.4253886028605,683.2469012288184
Yam,Adamawa,2021-10-01,1005.524,1,370.98996177706977,773.061454256203
Yam,Adamawa,2021-11-01,1094.8,1,376.554534951279,829.2598592051502
Yam,Adamawa,2021-12-01,1242.0,1,382.11910812548825,927.0572990269394
Yam,Adamawa,2022-01-01,1032.8,1,387.6836812996975,759.8405134876184
Yam,Adamawa,2022-02-01,1032.8,1,393.24825447390674,749.0885569565282
Yam,Adamawa,2022-03-01,1222.66,1,398.812827648116,874.4204838235545
Yam,Adamawa,2022-04-01,1405.2,1,404.3774008223252,991.1399960680905
Yam,Adamawa,2022-05-01,1427.42,1,409.9419739965345,993.1460659787506
Yam,Adamawa,2022-06-01,1599.132,1,415.5065471707437,1097.7164684984784
Yam,Adamawa,2022-07-01,1645.652,1,421.071120344953,1114.7212578686638
Yam,Adamawa,2022-08-01,1200.884,1,429.7239740376429,797.0677036529943
Yam,Adamawa,2022-09-01,1002.1600000000001,1,438.3768277303327,652.0384584540835
Yam,Adamawa,2022-10-01,1132.208,1,447.02968142302245,722.3931122044598
Yam,Adamawa,2022-11-01,1219.468,1,455.6825351157123,763.293847751135
Yam,Adamawa,2022-12-01,1202.608,1,464.3353888084022,738.7135096683228
Yam,Adamawa,2023-01-01,1209.2,1,472.988242501092,729.1745973034383
Yam,Adamawa,2023-06-01,560.0,2,516.2525109645411,309.3923613998324
Yam,Adamawa,2023-07-01,581.934,2,524.905364657231,316.21062440638474
Yam,Adamawa,2023-08-01,655.5,2,539.4459689640813,346.5839771346922
Yam,Adamawa,2023-09-01,542.222,2,553.9865732709317,279.1654271570416
Yam,Adamawa,2023-10-01,478.71,2,568.5271775777819,240.1623954120208
Yam,Adamawa,2023-11-01,532.682,2,583.0677818846323,260.5749806778349
Yam,Adamawa,2023-12-01,600.148,2,597.6083861914826,286.43456006364534
Yam,Adamawa,2024-09-01,1010.0,2,726.2144672315035,396.67991776826926
Yam,Adamawa,2024-10-01,1050.0,2,739.6253926775378,404.9125367058003
Yam,Adamawa,2024-11-01,909.63,2,753.036318123572,344.53439965822486
Yam,Adamawa,2024-12-01,1366.666,2,766.4472435696063,508.585367167234
Yam,Adamawa,2025-01-01,866.6659999999999,2,779.8581690156404,316.97124860230906
Yam,Adamawa,2025-09-01,600.0,1,860.323721691846,198.91754458070682
Yam,Adamawa,2025-10-01,1200.0,3,860.323721691846,397.83508916141363
Yam,Adamawa,2025-11-01,1053.334,4,860.323721691846,349.21102150562376
Yam,Borno,2016-01-01,633.8,2,171.4086989219375,1054.6372669606899
Yam,Borno,2016-03-01,167.2,1,175.56664976463767,271.6301593802346
Yam,Borno,2016-06-01,117.6,8,181.8035760286879,184.4967148410147
Yam,Borno,2016-07-01,121.4,8,183.882551450038,188.30502208208893
Yam,Borno,2016-08-01,117.6,7,186.41128379681425,179.93633132317282
Yam,Borno,2016-09-01,101.2,7,188.9400161435905,152.770781952847
Yam,Borno,2016-10-01,88.4,5,191.46874849036675,131.6855444327906
Yam,Borno,2016-11-01,110.4,7,193.997480837143,162.3142764565786
Yam,Borno,2016-12-01,110.4,7,196.52621318391925,160.22575424587885
Yam,Borno,2017-01-01,117.6,8,199.05494553069548,168.50705434228541
Yam,Borno,2017-02-01,102.8,7,201.58367787747176,145.45259948558194
Yam,Borno,2017-03-01,102.8,8,204.112410224248,143.65059884859085
Yam,Borno,2017-04-01,117.6,10,206.64114257102423,162.32083362640552
Yam,Borno,2017-05-01,111.6,10,209.16987491780048,152.17692181302715
Yam,Borno,2017-06-01,194.8,10,211.69860726457676,262.45490208682793
Yam,Borno,2017-07-01,205.8,10,214.227339611353,274.00230298739143
Yam,Borno,2017-08-01,205.8,10,216.3865916876249,271.26812229248543
Yam,Borno,2017-09-01,176.39999999999998,10,218.5458437638968,230.21825956030355
Yam,Borno,2017-10-01,205.8,10,220.70509584016872,265.960258837347
Yam,Borno,2017-11-01,176.4,9,222.86434791644064,225.75725662646806
Yam,Borno,2017-12-01,132.4,10,225.02359999271255,167.81997571527458
Yam,Borno,2018-01-01,147.2,10,227.1828520689845,184.80597134105457
Yam,Borno,2018-02-01,132.4,9,229.3421041452564,164.65993118395204
Yam,Borno,2018-03-01,147.2,10,231.5013562215283,181.35853860166475
Yam,Borno,2018-04-01,203.0,10,233.66060829780025,247.79598889578116
Yam,Borno,2018-05-01,323.6,10,235.81986037407216,391.391934876449
Yam,Borno,2018-06-01,204.6,8,237.97911245034408,245.2169724098045
Yam,Borno,2018-07-01,323.6,10,240.138364526616,384.35337733747326
Yam,Borno,2018-08-01,308.8,10,242.41896304466323,363.32429511867764
Yam,Borno,2018-09-01,294.0,10,244.6995615627105,342.687194752549
Yam,Borno,2018-10-01,286.8,10,246.9801600807577,331.20799863112325
Yam,Borno,2018-11-01,266.4,10,249.26075859880495,304.8344494822068
Yam,Borno,2018-12-01,216.8,10,251.54135711685225,245.82928350218555
Yam,Borno,2019-01-01,294.0,9,253.8219556348995,330.3709724375559
Yam,Borno,2019-02-01,294.0,10,256.1025541529468,327.42901212544996
Yam,Borno,2019-03-01,294.0,10,258.383152670994,324.53898577466157
Yam,Borno,2019-04-01,294.0,10,260.66375118904125,321.6995302438099
Yam,Borno,2019-05-01,323.6,9,262.9443497070885,351.0172077738849
Yam,Borno,2019-06-01,316.0,9,265.22494822513573,339.82587709757155
Yam,Borno,2019-07-01,310.8,9,267.505546743183,331.38432040658364
Yam,Borno,2019-08-01,307.79999999999995,10,270.458367359174,324.6025525421259
Yam,Borno,2019-09-01,299.8,10,273.41118797516503,312.7512713394085
Yam,Borno,2019-10-01,291.8,10,276.364008591156,301.15324096801095
Yam,Borno,2019-11-01,282.8,10,279.316829207147,288.7792864796053
Yam,Borno,2019-12-01,276.2,10,282.269649823138,279.08932605630014
Yam,Borno,2020-01-01,268.6,10,285.222470439129,268.6
Yam,Borno,2020-02-01,210.8,10,288.17529105512,208.640014029059
Yam,Borno,2020-03-01,206.0,10,291.128111671111,201.82121394321874
Yam,Borno,2020-04-01,227.8,10,294.08093228710203,220.9380875554414
Yam,Borno,2020-05-01,245.2,10,297.03375290309305,235.449840525333
Yam,Borno,2020-06-01,275.8,10,299.986573519084,262.22626040997613
Yam,Borno,2020-07-01,266.36199999999997,10,302.939394135075,250.78424642663865
Yam,Borno,2020-08-01,263.6,10,307.2191314783556,244.72643629308402
Yam,Borno,2020-09-01,264.2,10,311.49886882163617,241.9134842289475
Yam,Borno,2020-10-01,294.2,10,315.7786061649168,265.7319057243798
Yam,Borno,2020-11-01,254.0,10,320.05834350819737,226.35406625380867
Yam,Borno,2020-12-01,248.60000000000002,10,324.3380808514779,218.6185043859748
Yam,Borno,2021-01-01,243.60000000000002,10,328.6178181947585,211.43160824527695
Yam,Borno,2021-02-01,239.2,10,332.8975555380391,204.94357436410726
Yam,Borno,2021-03-01,220.4,10,337.17729288131966,186.4391043287446
Yam,Borno,2021-04-01,233.39999999999998,10,341.45703022460026,194.96135298987497
Yam,Borno,2021-05-01,228.8,10,345.73676756788086,188.75314215361834
Yam,Borno,2021-06-01,264.6,8,350.0165049111614,215.61801977694947
Yam,Borno,2021-07-01,283.20000000000005,8,354.296242254442,227.98718697770389
Yam,Borno,2021-08-01,272.20000000000005,8,359.8608154286513,215.7432905304021
Yam,Borno,2021-09-01,275.8,8,365.4253886028605,215.26790365571225
Yam,Borno,2021-10-01,311.87,8,370.98996177706977,239.77018523564038
Yam,Borno,2021-11-01,293.6,8,376.554534951279,222.38828522344915
Yam,Borno,2021-12-01,295.6,8,382.11910812548825,220.64262286019593
Yam,Borno,2022-01-01,275.8,8,387.6836812996975,202.90861117339776
Yam,Borno,2022-02-01,287.2,8,393.24825447390674,208.30580321254348
Yam,Borno,2022-03-01,307.142,8,398.812827648116,219.66144000992438
Yam,Borno,2022-04-01,183.8,8,404.3774008223252,129.64099863173573
Yam,Borno,2022-05-01,346.896,8,409.9419739965345,241.35741246708372
Yam,Borno,2022-06-01,824.8939999999999,2,415.5065471707437,566.2445180045073
Yam,Borno,2022-07-01,877.432,2,421.071120344953,594.3492930061868
Yam,Borno,2022-08-01,712.066,2,429.7239740376429,472.62251097472614
Yam,Borno,2022-09-01,713.96,2,438.3768277303327,464.5260016343474
Yam,Borno,2022-10-01,704.4060000000001,2,447.02968142302245,449.4386566739457
Yam,Borno,2022-11-01,721.46,2,455.6825351157123,451.5788683249859
Yam,Borno,2022-12-01,708.594,2,464.3353888084022,435.2606673745024
Yam,Borno,2023-01-01,813.8,2,472.988242501092,490.7395693727573
Yam,Borno,2023-02-01,237.8,6,481.6410961937818,140.8225004187268
Yam,Borno,2023-03-01,229.0,6,490.2939498864717,133.2179312954699
Yam,Borno,2023-04-01,231.60000000000002,6,498.9468035791615,132.39392191681168
Yam,Borno,2023-05-01,237.2,6,507.5996572718513,133.28371881056657
Yam,Borno,2023-06-01,400.0,18,516.2525109645411,220.99454385702313
Yam,Borno,2023-07-01,489.73,18,524.905364657231,266.108921442189
Yam,Borno,2023-08-01,631.934,18,539.4459689640813,334.12387338922133
Yam,Borno,2023-09-01,600.0,18,553.9865732709317,308.91268944127125
Yam,Borno,2023-10-01,643.8720000000001,19,568.5271775777819,323.0219587197441
Yam,Borno,2023-11-01,620.768,19,583.0677818846323,303.6644932725683
Yam,Borno,2023-12-01,1000.0,3,597.6083861914826,477.2732060485836
Yam,Borno,2024-01-01,890.0,14,612.148990498333,414.68335753388146
Yam,Borno,2024-02-01,755.738,10,626.6895948051833,343.95570175652074
Yam,Borno,2024-03-01,800.0,9,641.2301991120337,355.8440894818752
Yam,Borno,2024-04-01,600.0,1,655.770803418884,260.96538816804133
Yam,Borno,2024-05-01,1200.0,8,670.3114077257343,510.6088910051749
Yam,Borno,2024-06-01,1112.5,9,684.8520120325846,463.3263723965429
Yam,Borno,2024-08-01,1600.0,5,712.8035417854693,640.2268310276644
Yam,Borno,2024-09-01,1270.0,18,726.2144672315035,498.7955401640614
Yam,Borno,2024-10-01,1356.25,18,739.6253926775378,523.0120265783253
Yam,Borno,2024-11-01,1346.42,14,753.036318123572,509.9743922120281
Yam,Borno,2024-12-01,1200.0,15,766.4472435696063,446.5629792507319
Yam,Borno,2025-01-01,1178.9479999999999,17,779.8581690156404,431.1841235230124
Yam,Borno,2025-02-01,1389.286,14,793.2690944616747,499.5222779168035
Yam,Borno,2025-03-01,1400.0,9,806.680019907709,495.00601076058035
Yam,Borno,2025-04-01,1106.296,12,820.0909453537432,384.76278752330256
Yam,Borno,2025-05-01,1335.0,14,833.5018707997775,456.8340052684844
Yam,Borno,2025-06-01,1159.0520000000001,12,846.9127962458117,390.34440886103005
Yam,Borno,2025-07-01,1200.0,7,860.323721691846,397.83508916141363
Yam,Borno,2025-08-01,1080.0,11,860.323721691846,358.0515802452723
Yam,Borno,2025-09-01,1156.248,17,860.323721691846,383.3300218105885
Yam,Borno,2025-10-01,1182.58,17,860.323721691846,392.05984978375375
Yam,Borno,2025-11-01,1200.0,19,860.323721691846,397.83508916141363
Yam,Borno,2025-12-01,1000.0,19,860.323721691846,331.5292409678447
Yam,Borno,2026-01-01,1200.0,19,860.323721691846,397.83508916141363
Yam,Borno,2026-02-01,1200.0,15,860.323721691846,397.83508916141363
Yam,Borno,2026-03-01,1187.932,15,860.323721691846,393.8341942814137
Yam,Borno,2026-04-01,1133.3319999999999,7,860.323721691846,375.73269772456933
Yam,Borno,2026-05-01,1257.5,10,860.323721691846,416.8980205170647
Yam,Borno,2026-06-01,1305.0,10,860.323721691846,432.64565946303736
Yam,Borno,2026-07-01,1200.0,1,860.323721691846,397.83508916141363
Yam,Gombe,2017-04-01,129.2,1,206.64114257102423,178.33207231744552
Yam,Gombe,2017-05-01,201.2,1,209.16987491780048,274.35480886004535
Yam,Gombe,2017-06-01,208.0,1,211.69860726457676,280.23932050338914
Yam,Gombe,2017-07-01,208.0,1,214.227339611353,276.9313849435249
Yam,Gombe,2017-08-01,207.2,1,216.3865916876249,273.1134836686248
Yam,Gombe,2017-09-01,215.2,1,218.5458437638968,280.85583592617536
Yam,Gombe,2017-10-01,230.0,1,220.70509584016872,297.23449724290475
Yam,Gombe,2017-11-01,163.2,1,222.86434791644064,208.86385647074593
Yam,Gombe,2017-12-01,206.8,1,225.02359999271255,262.1236478694772
Yam,Gombe,2018-01-01,212.8,1,227.1828520689845,267.16515422130715
Yam,Gombe,2018-02-01,250.4,1,229.3421041452564,311.41122936904526
Yam,Gombe,2018-03-01,243.6,1,231.5013562215283,300.12866850112454
Yam,Gombe,2018-04-01,245.2,1,233.66060829780025,299.3082585085987
Yam,Gombe,2018-05-01,260.8,1,235.81986037407216,315.43577446161277
Yam,Gombe,2018-07-01,256.0,1,240.138364526616,304.06200432136325
Yam,Gombe,2018-08-01,324.4,1,242.41896304466323,381.6787608047248
Yam,Gombe,2018-09-01,323.2,1,244.6995615627105,376.72279368715584
Yam,Gombe,2018-10-01,318.8,1,246.9801600807577,368.16286598187617
Yam,Gombe,2018-11-01,323.2,1,249.26075859880495,369.82918195438907
Yam,Gombe,2018-12-01,294.4,1,251.54135711685225,333.81983885167625
Yam,Gombe,2019-01-01,314.8,1,253.8219556348995,353.7441568821177
Yam,Gombe,2019-02-01,312.0,1,256.1025541529468,347.47568633721215
Yam,Gombe,2019-03-01,312.4,1,258.383152670994,344.8502692381098
Yam,Gombe,2019-04-01,313.6,1,260.66375118904125,343.14616559339726
Yam,Gombe,2019-05-01,314.0,1,262.9443497070885,340.6038419066745
Yam,Gombe,2019-06-01,315.6,1,265.22494822513573,339.39571775947337
Yam,Gombe,2019-07-01,316.0,1,267.505546743183,336.92871701570283
Yam,Gombe,2019-08-01,315.2,1,270.458367359174,332.4065125447632
Yam,Gombe,2019-09-01,268.4,1,273.41118797516503,279.9948006254078
Yam,Gombe,2019-10-01,316.4,1,276.364008591156,326.5417595691523
Yam,Gombe,2019-11-01,316.8,1,279.316829207147,323.4981540195861
Yam,Gombe,2019-12-01,316.8,1,282.269649823138,320.11404234118714
Yam,Gombe,2020-01-01,317.2,1,285.222470439129,317.2
Yam,Gombe,2020-02-01,317.6,1,288.17529105512,314.345675785717
Yam,Gombe,2020-03-01,319.2,1,291.128111671111,312.72491014890977
Yam,Gombe,2020-04-01,320.908,1,294.08093228710203,311.2414389870131
Yam,Gombe,2020-05-01,322.58000000000004,1,297.03375290309305,309.7528937873651
Yam,Gombe,2020-06-01,321.74,1,299.986573519084,305.90528290176115
Yam,Gombe,2020-07-01,320.04,1,302.939394135075,301.3229748476939
Yam,Gombe,2020-08-01,320.476,1,307.2191314783556,297.530157046519
Yam,Gombe,2020-09-01,323.32,1,311.49886882163617,296.0464334629194
Yam,Gombe,2020-10-01,323.06,1,315.7786061649168,291.7992843756565
Yam,Gombe,2020-11-01,324.44,1,320.05834350819737,289.1272175408885
Yam,Gombe,2020-12-01,324.308,1,324.3380808514779,285.19601737894897
Yam,Gombe,2021-01-01,325.264,1,328.6178181947585,282.31153786655074
Yam,Gombe,2021-02-01,326.1,1,332.8975555380391,279.39840969956265
Yam,Gombe,2021-03-01,326.868,1,337.17729288131966,276.50171122381164
Yam,Gombe,2021-04-01,326.88,1,341.45703022460026,273.0461313853056
Yam,Gombe,2021-05-01,326.776,1,345.73676756788086,269.580405508701
Yam,Gombe,2021-06-01,327.32,1,350.0165049111614,266.7274763166708
Yam,Gombe,2021-07-01,328.412,1,354.296242254442,264.38463294393244
Yam,Gombe,2021-08-01,331.06,1,359.8608154286513,262.3952011866088
Yam,Gombe,2021-09-01,419.71999999999997,1,365.4253886028605,327.6005965278301
Yam,Gombe,2021-10-01,419.716,1,370.98996177706977,322.68375626498874
Yam,Gombe,2021-11-01,425.2,1,376.554534951279,322.0691378644774
Yam,Gombe,2021-12-01,372.4,1,382.11910812548825,277.96790511886655
Yam,Gombe,2022-01-01,359.6,1,387.6836812996975,264.561046330507
Yam,Gombe,2022-02-01,359.6,1,393.24825447390674,260.8174332703017
Yam,Gombe,2022-03-01,359.06,1,398.812827648116,256.7920917685092
Yam,Gombe,2022-04-01,326.2,1,404.3774008223252,230.0810323921229
Yam,Gombe,2022-05-01,411.02,1,409.9419739965345,285.97252107899993
Yam,Gombe,2022-06-01,462.26800000000003,1,415.5065471707437,317.3216447797021
Yam,Gombe,2022-07-01,461.808,1,421.071120344953,312.81655821146387
Yam,Gombe,2022-08-01,483.24799999999993,1,429.7239740376429,320.748193543175
Yam,Gombe,2022-09-01,521.692,1,438.3768277303327,339.43007849827154
Yam,Gombe,2022-10-01,521.46,1,447.02968142302245,332.71193304599296
Yam,Gombe,2022-11-01,522.76,1,455.6825351157123,327.2078413294841
Yam,Gombe,2022-12-01,530.412,1,464.3353888084022,325.8106632337341
Yam,Gombe,2023-01-01,528.0,1,472.988242501092,318.3957884355073
Yam,Jigawa,2014-07-01,115.2,1,145.799165386817,225.36225435456853
Yam,Jigawa,2014-08-01,111.6,1,146.89380547073534,216.69278428046601
Yam,Jigawa,2014-09-01,94.8,1,147.98844555465368,182.710819728447
Yam,Jigawa,2014-10-01,94.0,1,149.08308563857202,179.83872621389708
Yam,Jigawa,2014-11-01,83.2,1,150.17772572249035,158.01617334641585
Yam,Jigawa,2014-12-01,79.2,1,151.2723658064087,149.33077524343182
Yam,Jigawa,2015-01-01,82.0,1,152.367005890327,153.49939075946216
Yam,Jigawa,2015-02-01,102.0,1,153.46164597424533,189.57630618450185
Yam,Jigawa,2015-03-01,98.8,1,154.55628605816366,182.3282688662761
Yam,Jigawa,2015-04-01,105.2,1,155.650926142082,192.7736932500273
Yam,Jigawa,2015-05-01,112.0,1,156.74556622600034,203.80108642513903
Yam,Jigawa,2015-06-01,154.4,1,157.84020630991867,279.0059039160933
Yam,Jigawa,2015-07-01,145.2,1,158.934846393837,260.5740883603197
Yam,Jigawa,2015-08-01,143.2,1,161.0138218151871,253.66678032004083
Yam,Jigawa,2015-09-01,146.0,1,163.09279723653717,255.3299801690065
Yam,Jigawa,2015-10-01,140.0,1,165.17177265788726,241.7552661627336
Yam,Jigawa,2015-11-01,119.2,1,167.25074807923733,203.27872291630595
Yam,Jigawa,2015-12-01,116.4,1,169.32972350058742,196.06655507826093
Yam,Jigawa,2016-01-01,134.4,1,171.4086989219375,223.64034187364587
Yam,Jigawa,2016-03-01,148.0,1,175.56664976463767,240.4381793557101
Yam,Jigawa,2016-04-01,161.2,1,177.64562518598774,258.81786948961246
Yam,Jigawa,2017-04-01,179.2,1,206.64114257102423,247.3460321926179
Yam,Jigawa,2017-05-01,212.0,1,209.16987491780048,289.08160774517705
Yam,Jigawa,2017-06-01,213.2,1,211.69860726457676,287.24530351597383
Yam,Jigawa,2017-07-01,221.2,1,214.227339611353,294.50587668032546
Yam,Jigawa,2017-08-01,198.0,1,216.3865916876249,260.9868231968519
Yam,Jigawa,2017-09-01,161.2,1,218.5458437638968,210.38085850975588
Yam,Jigawa,2017-10-01,144.0,1,220.70509584016872,186.0946417520795
Yam,Jigawa,2017-11-01,124.4,1,222.86434791644064,159.2074984372598
Yam,Jigawa,2017-12-01,108.4,1,225.02359999271255,137.3994363106931
Yam,Jigawa,2018-01-01,143.6,1,227.1828520689845,180.28626008543097
Yam,Jigawa,2018-03-01,173.2,1,231.5013562215283,213.3919761264153
Yam,Jigawa,2018-04-01,184.4,1,233.66060829780025,225.09152882946822
Yam,Jigawa,2018-05-01,189.6,1,235.81986037407216,229.31987284479212
Yam,Jigawa,2018-07-01,223.2,1,240.138364526616,265.1040600176886
Yam,Jigawa,2018-08-01,177.6,1,242.41896304466323,208.95853242576797
Yam,Jigawa,2018-09-01,163.2,1,244.6995615627105,190.22636116876188
Yam,Jigawa,2018-10-01,126.8,1,246.9801600807577,146.4336618773585
Yam,Jigawa,2018-11-01,128.0,1,249.26075859880495,146.4670027542135
Yam,Jigawa,2018-12-01,118.8,1,251.54135711685225,134.70719040617914
Yam,Jigawa,2019-01-01,135.6,1,253.8219556348995,152.3751832058931
Yam,Jigawa,2019-02-01,129.6,1,256.1025541529468,144.33605432468815
Yam,Jigawa,2019-03-01,129.6,1,258.383152670994,143.06208352515694
Yam,Jigawa,2019-04-01,126.0,1,260.66375118904125,137.8712272473471
Yam,Jigawa,2019-05-01,115.2,1,262.9443497070885,124.96039040652516
Yam,Jigawa,2019-06-01,105.6,1,265.22494822513573,113.56206525792265
Yam,Jigawa,2019-07-01,100.8,1,267.505546743183,107.47599580754063
Yam,Jigawa,2019-08-01,100.8,1,270.458367359174,106.30259030619331
Yam,Jigawa,2019-09-01,100.8,1,273.41118797516503,105.15453019016803
Yam,Jigawa,2019-10-01,111.6,1,276.364008591156,115.17718194664158
Yam,Jigawa,2019-11-01,115.2,1,279.316829207147,117.63569237075858
Yam,Jigawa,2019-12-01,115.2,1,282.269649823138,116.40510630588622
Yam,Jigawa,2020-01-01,114.8,1,285.222470439129,114.8
Yam,Jigawa,2020-02-01,144.0,1,288.17529105512,142.52448776178602
Yam,Jigawa,2020-03-01,151.2,1,291.128111671111,148.13285217579934
Yam,Jigawa,2020-04-01,158.4,1,294.08093228710203,153.62859117112345
Yam,Jigawa,2020-06-01,158.4,1,299.986573519084,150.60420467345983
Yam,Jigawa,2020-07-01,172.8,1,302.939394135075,162.69406965904733
Yam,Jigawa,2020-08-01,172.8,1,307.2191314783556,160.42764867771214
Yam,Jigawa,2020-09-01,172.8,1,311.49886882163617,158.2235052034903
Yam,Jigawa,2020-10-01,148.644,1,315.7786061649168,134.2605485876775
Yam,Jigawa,2020-11-01,119.04,1,320.05834350819737,106.0834175072968
Yam,Jigawa,2020-12-01,129.6,1,324.3380808514779,113.97006503790156
Yam,Jigawa,2021-01-01,132.672,1,328.6178181947585,115.15211136747693
Yam,Jigawa,2021-02-01,181.6,1,332.8975555380391,155.59261331321855
Yam,Jigawa,2021-03-01,194.0,1,337.17729288131966,164.10701560697117
Yam,Jigawa,2021-04-01,196.52,1,341.45703022460026,164.15512034948688
Yam,Jigawa,2021-05-01,194.0,1,345.73676756788086,160.0441852176659
Yam,Jigawa,2021-06-01,196.88,1,350.0165049111614,160.4341486533855
Yam,Jigawa,2021-07-01,223.148,1,354.296242254442,179.6429548012029
Yam,Jigawa,2021-08-01,222.87600000000003,1,359.8608154286513,176.64952836243168
Yam,Jigawa,2021-09-01,186.44,1,365.4253886028605,145.52047845384692
Yam,Jigawa,2021-10-01,148.0,1,370.98996177706977,113.78454937914763
Yam,Jigawa,2021-11-01,148.0,1,376.554534951279,112.10308655677953
Yam,Jigawa,2021-12-01,162.4,1,382.11910812548825,121.219086442814
Yam,Jigawa,2022-01-01,162.4,1,387.6836812996975,119.47918221377735
Yam,Jigawa,2022-02-01,162.4,1,393.24825447390674,117.78851825110398
Yam,Jigawa,2022-03-01,186.592,1,398.812827648116,133.44663840937358
Yam,Jigawa,2022-04-01,192.4,1,404.3774008223252,135.70689954704
Yam,Jigawa,2022-05-01,192.4,1,409.9419739965345,133.86480720062184
Yam,Jigawa,2022-06-01,199.44,1,415.5065471707437,136.90462855932876
Yam,Jigawa,2022-07-01,211.78000000000003,1,421.071120344953,143.4541859344659
Yam,Jigawa,2022-08-01,209.38400000000001,1,429.7239740376429,138.97530824099462
Yam,Jigawa,2022-09-01,189.708,1,438.3768277303327,123.43030242317325
Yam,Jigawa,2022-10-01,187.2,1,447.02968142302245,119.44094248112967
Yam,Jigawa,2022-11-01,187.2,1,455.6825351157123,117.1729051512729
Yam,Jigawa,2022-12-01,187.2,1,464.3353888084022,114.9893972183039
Yam,Jigawa,2023-01-01,187.2,1,472.988242501092,112.88577953622531
Yam,Kaduna,2014-09-01,101.6,1,147.98844555465368,195.81665911825127
Yam,Kaduna,2015-02-01,86.4,1,153.46164597424533,160.5822828856957
Yam,Kaduna,2015-03-01,88.4,1,154.55628605816366,163.13581951193126
Yam,Kaduna,2015-04-01,82.0,1,155.650926142082,150.2608635599072
Yam,Kaduna,2015-05-01,101.6,1,156.74556622600034,184.87669982851895
Yam,Kaduna,2015-06-01,127.6,1,157.84020630991867,230.57741800319627
Yam,Kaduna,2015-07-01,128.0,1,158.934846393837,229.70718533141132
Yam,Kaduna,2015-09-01,76.4,1,163.09279723653717,133.61103071857602
Yam,Kaduna,2015-10-01,77.6,1,165.17177265788726,134.00149038734375
Yam,Kaduna,2016-01-01,78.4,1,171.4086989219375,130.4568660929601
Yam,Kaduna,2016-02-01,88.4,1,173.48767434328758,145.33405028490742
Yam,Kaduna,2016-03-01,84.8,1,175.56664976463767,137.76457844165012
Yam,Kaduna,2016-06-01,114.4,1,181.8035760286879,179.47639606983066
Yam,Kaduna,2016-07-01,99.2,1,183.882551450038,153.87033105884038
Yam,Kaduna,2016-09-01,96.4,1,188.9400161435905,145.52473695903606
Yam,Kaduna,2016-10-01,87.6,1,191.46874849036675,130.49382004878345
Yam,Kaduna,2016-11-01,100.0,1,193.997480837143,147.02380113820524
Yam,Kaduna,2016-12-01,143.6,1,196.52621318391925,208.40958613866124
Yam,Kaduna,2017-01-01,114.8,1,199.05494553069548,164.49498161985005
Yam,Kaduna,2017-02-01,109.2,1,201.58367787747176,154.50801423954812
Yam,Kaduna,2017-03-01,135.2,1,204.112410224248,188.9256903144891
Yam,Kaduna,2017-04-01,162.0,2,206.64114257102423,223.60522999555863
Yam,Kaduna,2017-05-01,168.0,2,209.16987491780048,229.08353821315916
Yam,Kaduna,2017-06-01,178.2,2,211.69860726457676,240.08964862357664
Yam,Kaduna,2017-07-01,159.2,2,214.227339611353,211.95902155292862
Yam,Kaduna,2017-08-01,172.0,2,216.3865916876249,226.7158262114067
Yam,Kaduna,2017-09-01,124.6,2,218.5458437638968,162.614484927516
Yam,Kaduna,2017-11-01,193.0,2,222.86434791644064,247.00198712533071
Yam,Kaduna,2017-12-01,254.8,1,225.02359999271255,322.9647266786402
Yam,Kaduna,2018-01-01,290.4,1,227.1828520689845,364.5900412869717
Yam,Kaduna,2018-02-01,264.4,1,229.3421041452564,328.82240034015797
Yam,Kaduna,2018-03-01,222.0,1,231.5013562215283,273.51627424979336
Yam,Kaduna,2018-04-01,345.6,1,233.66060829780025,421.8635160708472
Yam,Kaduna,2018-05-01,363.8,2,235.81986037407216,440.013553485946
Yam,Kaduna,2018-07-01,600.6,2,240.138364526616,713.3579679508234
Yam,Kaduna,2018-08-01,207.2,2,242.41896304466323,243.78495449672926
Yam,Kaduna,2018-09-01,218.39999999999998,2,244.6995615627105,254.56763038760778
Yam,Kaduna,2018-10-01,199.0,2,246.9801600807577,229.81308133749482
Yam,Kaduna,2018-11-01,230.39999999999998,2,249.26075859880495,263.64060495758423
Yam,Kaduna,2018-12-01,252.2,2,251.54135711685225,285.96930488584496
Yam,Kaduna,2019-01-01,240.0,1,253.8219556348995,269.6905897449436
Yam,Kaduna,2019-02-01,294.79999999999995,2,256.1025541529468,328.3199754237504
Yam,Kaduna,2019-03-01,294.79999999999995,2,258.383152670994,325.422085055681
Yam,Kaduna,2019-04-01,307.2,2,260.66375118904125,336.14318262210344
Yam,Kaduna,2019-05-01,268.0,1,262.9443497070885,290.70646379295783
Yam,Kaduna,2019-06-01,316.8,1,265.22494822513573,340.68619577376796
Yam,Kaduna,2019-07-01,500.0,1,267.505546743183,533.1150585691499
Yam,Kaduna,2019-08-01,318.4,2,270.458367359174,335.78119795130897
Yam,Kaduna,2019-09-01,219.4,2,273.41118797516503,228.87801511629831
Yam,Kaduna,2019-10-01,217.0,2,276.364008591156,223.95563156291422
Yam,Kaduna,2019-11-01,228.8,2,279.316829207147,233.6375556808122
Yam,Kaduna,2019-12-01,207.39999999999998,2,282.269649823138,209.56960979028472
Yam,Kaduna,2020-01-01,294.6,2,285.222470439129,294.6
Yam,Kaduna,2020-02-01,345.79999999999995,2,288.17529105512,342.2567213057333
Yam,Kaduna,2020-03-01,380.2,2,291.128111671111,372.48750262724155
Yam,Kaduna,2020-04-01,398.642,2,294.08093228710203,386.63389420226633
Yam,Kaduna,2020-05-01,577.0699999999999,2,297.03375290309305,554.1233257420632
Yam,Kaduna,2020-06-01,640.982,2,299.986573519084,609.4355070707298
Yam,Kaduna,2020-07-01,684.884,2,302.939394135075,644.8296597474941
Yam,Kaduna,2020-08-01,525.3820000000001,2,307.2191314783556,487.76504003237136
Yam,Kaduna,2020-09-01,427.15999999999997,2,311.49886882163617,391.12703983057236
Yam,Kaduna,2020-10-01,299.31600000000003,2,315.7786061649168,270.35285891841767
Yam,Kaduna,2020-11-01,327.214,2,320.05834350819737,291.5992891148573
Yam,Kaduna,2020-12-01,387.58,2,324.3380808514779,340.83732876072446
Yam,Kaduna,2021-01-01,396.962,2,328.6178181947585,344.54151918005596
Yam,Kaduna,2021-02-01,428.8,2,332.8975555380391,367.3904878232826
Yam,Kaduna,2021-03-01,382.04,2,337.17729288131966,323.1723930025118
Yam,Kaduna,2021-04-01,344.214,2,341.45703022460026,287.5253948502863
Yam,Kaduna,2021-05-01,262.286,2,345.73676756788086,216.37808847423048
Yam,Kaduna,2021-06-01,265.90599999999995,2,350.0165049111614,216.6822568662491
Yam,Kaduna,2021-07-01,375.084,1,354.296242254442,301.9574365831394
Yam,Kaduna,2021-08-01,864.296,2,359.8608154286513,685.0332954895828
Yam,Kaduna,2021-09-01,798.3000000000001,2,365.4253886028605,623.0905275139778
Yam,Kaduna,2021-10-01,601.832,2,370.98996177706977,462.6971819050755
Yam,Kaduna,2021-11-01,463.59999999999997,2,376.554534951279,351.1553441062364
Yam,Kaduna,2021-12-01,632.8,2,382.11910812548825,472.3364402771717
Yam,Kaduna,2022-01-01,316.0,2,387.6836812996975,232.48412302680816
Yam,Kaduna,2022-02-01,316.0,2,393.24825447390674,229.19440743441416
Yam,Kaduna,2022-03-01,328.962,2,398.812827648116,235.26664093007386
Yam,Kaduna,2022-04-01,348.21400000000006,2,404.3774008223252,245.60832806067043
Yam,Kaduna,2022-05-01,324.68399999999997,2,409.9419739965345,225.90312401833
Yam,Kaduna,2022-06-01,329.092,2,415.5065471707437,225.90362024592167
Yam,Kaduna,2022-07-01,312.968,2,421.071120344953,211.99626812512
Yam,Kaduna,2022-08-01,258.95,2,429.7239740376429,171.8739544043745
Yam,Kaduna,2022-09-01,246.96800000000002,2,438.3768277303327,160.68555321254902
Yam,Kaduna,2022-10-01,226.39999999999998,2,447.02968142302245,144.45208000922946
Yam,Kaduna,2022-11-01,221.134,2,455.6825351157123,138.41299790449563
Yam,Kaduna,2022-12-01,206.89,2,464.3353888084022,127.08416875264368
Yam,Kaduna,2023-01-01,205.6,2,472.988242501092,123.98139034534148
Yam,Kano,2017-04-01,214.0,1,206.64114257102423,295.37974826573793
Yam,Kano,2017-05-01,224.0,1,209.16987491780048,305.44471761754556
Yam,Kano,2017-06-01,233.2,1,211.69860726457676,314.1913920259151
Yam,Kano,2017-07-01,267.2,1,214.227339611353,355.7503175812973
Yam,Kano,2017-08-01,297.2,1,216.3865916876249,391.743857849012
Yam,Kano,2017-09-01,281.2,1,218.5458437638968,366.9919194351325
Yam,Kano,2017-10-01,260.0,1,220.70509584016872,336.004214274588
Yam,Kano,2017-11-01,270.8,1,222.86434791644064,346.5706638007231
Yam,Kano,2017-12-01,275.2,1,225.02359999271255,348.82218517253443
Yam,Kano,2018-01-01,280.4,1,227.1828520689845,352.0352877991284
Yam,Kano,2018-03-01,298.0,1,231.5013562215283,367.15247624521805
Yam,Kano,2018-04-01,304.8,1,233.66060829780025,372.0601843124832
Yam,Kano,2018-05-01,330.4,1,235.81986037407216,399.6164872780554
Yam,Kano,2018-07-01,228.4,1,240.138364526616,271.2803194804663
Yam,Kano,2018-08-01,194.8,1,242.41896304466323,229.1955074129482
Yam,Kano,2018-11-01,95.6,1,249.26075859880495,109.3925426820532
Yam,Kano,2018-12-01,150.0,1,251.54135711685225,170.08483637143834
Yam,Kano,2019-02-01,132.8,1,256.1025541529468,147.89990751789034
Yam,Kano,2019-03-01,156.8,1,258.383152670994,173.08745907981952
Yam,Kano,2019-04-01,152.8,1,260.66375118904125,167.19621843963998
Yam,Kano,2019-08-01,172.4,1,270.458367359174,181.81117627765602
Yam,Kano,2019-09-01,176.0,1,273.41118797516503,183.60314795108707
Yam,Kano,2019-10-01,209.6,1,276.364008591156,216.31843491053831
Yam,Kano,2019-11-01,224.4,1,279.316829207147,229.14452576387347
Yam,Kano,2019-12-01,205.6,1,282.269649823138,207.75078000425526
Yam,Kano,2020-01-01,222.4,1,285.222470439129,222.4
Yam,Kano,2020-02-01,242.4,1,288.17529105512,239.91622106567314
Yam,Kano,2020-03-01,257.2,1,291.128111671111,251.98260303978572
Yam,Kano,2020-04-01,247.228,1,294.08093228710203,239.7808670331724
Yam,Kano,2020-05-01,260.94,1,297.03375290309305,250.56395345301954
Yam,Kano,2020-06-01,272.956,1,299.986573519084,259.52223037152083
Yam,Kano,2020-07-01,244.4,1,302.939394135075,230.10665870758777
Yam,Kano,2020-08-01,259.096,1,307.2191314783556,240.5449193391233
Yam,Kano,2020-09-01,208.052,1,311.49886882163617,190.5018327812301
Yam,Kano,2020-10-01,214.67199999999997,1,315.7786061649168,193.89938703488804
Yam,Kano,2020-11-01,231.2,1,320.05834350819737,206.0356697554353
Yam,Kano,2020-12-01,244.07600000000002,1,324.3380808514779,214.64010489344804
Yam,Kano,2021-01-01,258.608,1,328.6178181947585,224.45773951188252
Yam,Kano,2021-02-01,231.8,1,332.8975555380391,198.6033467290973
Yam,Kano,2021-03-01,244.33200000000002,1,337.17729288131966,206.68348112001283
Yam,Kano,2021-04-01,246.948,1,341.45703022460026,206.278132811241
Yam,Kano,2021-05-01,300.788,1,345.73676756788086,248.14108444974892
Yam,Kano,2021-06-01,325.38800000000003,1,350.0165049111614,265.1531225214741
Yam,Kano,2021-07-01,315.38,1,354.296242254442,253.89335815334832
Yam,Kano,2021-08-01,288.336,1,359.8608154286513,228.5325401115871
Yam,Kano,2021-09-01,276.56,1,365.4253886028605,215.86110019950607
Yam,Kano,2021-10-01,287.432,1,370.98996177706977,220.98189592667006
Yam,Kano,2021-11-01,292.4,1,376.554534951279,221.47934127839414
Yam,Kano,2021-12-01,289.2,1,382.11910812548825,215.86551600530666
Yam,Kano,2022-01-01,270.4,1,387.6836812996975,198.93578122293962
Yam,Kano,2022-02-01,270.4,1,393.24825447390674,196.12078408311893
Yam,Kano,2022-03-01,324.54,1,398.812827648116,232.10412037696202
Yam,Kano,2022-04-01,333.228,1,404.3774008223252,235.03814304709482
Yam,Kano,2022-05-01,301.908,1,409.9419739965345,210.05642521998615
Yam,Kano,2022-06-01,307.2,1,415.5065471707437,210.87596216118027
Yam,Kano,2022-07-01,316.12800000000004,1,421.071120344953,214.13676877462854
Yam,Kano,2022-08-01,268.7,1,429.7239740376429,178.34536222612638
Yam,Kano,2022-09-01,290.668,1,438.3768277303327,189.1182192882689
Yam,Kano,2022-10-01,341.41999999999996,1,447.02968142302245,217.8393513990774
Yam,Kano,2022-11-01,312.38800000000003,1,455.6825351157123,195.53103362390942
Yam,Kano,2022-12-01,329.96,1,464.3353888084022,202.68109778927112
Yam,Kano,2023-01-01,340.0,1,472.988242501092,205.02759103801606
Yam,Katsina,2017-05-01,132.0,1,209.16987491780048,179.99420859605362
Yam,Katsina,2017-06-01,165.2,1,211.69860726457676,222.57469109211482
Yam,Katsina,2017-07-01,259.2,1,214.227339611353,345.09911046808486
Yam,Katsina,2017-08-01,138.0,1,216.3865916876249,181.89990707659373
Yam,Katsina,2017-09-01,97.2,1,218.5458437638968,126.85495934955505
Yam,Katsina,2017-10-01,130.0,1,220.70509584016872,168.002107137294
Yam,Katsina,2017-11-01,169.2,1,222.86434791644064,216.5426747233469
Yam,Katsina,2017-12-01,182.8,1,225.02359999271255,231.7031084648957
Yam,Katsina,2018-01-01,152.8,1,227.1828520689845,191.8366332942469
Yam,Katsina,2018-02-01,184.4,1,229.3421041452564,229.32999479094227
Yam,Katsina,2018-03-01,266.4,1,231.5013562215283,328.219529099752
Yam,Katsina,2018-04-01,274.0,1,233.66060829780025,334.4635515145027
Yam,Katsina,2018-05-01,274.0,1,235.81986037407216,331.4010820647312
Yam,Katsina,2018-07-01,279.2,1,240.138364526616,331.6176234629868
Yam,Katsina,2018-08-01,235.2,1,242.41896304466323,276.7288672665576
Yam,Katsina,2018-09-01,107.2,1,244.6995615627105,124.95260978732398
Yam,Katsina,2018-10-01,104.8,1,246.9801600807577,121.02719057371587
Yam,Katsina,2018-11-01,109.6,1,249.26075859880495,125.41237110829529
Yam,Katsina,2018-12-01,113.2,1,251.54135711685225,128.3573565149788
Yam,Katsina,2019-01-01,147.2,1,253.8219556348995,165.41022837689874
Yam,Katsina,2019-02-01,228.4,1,256.1025541529468,254.3700216648053
Yam,Katsina,2019-03-01,241.2,1,258.383152670994,266.2544332273754
Yam,Katsina,2019-04-01,234.4,1,260.66375118904125,256.4842513236362
Yam,Katsina,2019-05-01,230.8,1,262.9443497070885,250.35467105751744
Yam,Katsina,2019-06-01,239.2,1,265.22494822513573,257.2352841827187
Yam,Katsina,2019-07-01,223.2,1,267.505546743183,237.98256214526853
Yam,Katsina,2019-08-01,126.0,1,270.458367359174,132.87823788274164
Yam,Katsina,2019-09-01,126.0,1,273.41118797516503,131.44316273771005
Yam,Katsina,2019-10-01,126.0,1,276.364008591156,130.0387538107244
Yam,Katsina,2019-11-01,126.0,1,279.316829207147,128.6640385305172
Yam,Katsina,2019-12-01,123.2,1,282.269649823138,124.48879424379498
Yam,Katsina,2020-01-01,169.2,1,285.222470439129,169.2
Yam,Katsina,2020-02-01,169.2,1,288.17529105512,167.46627312009855
Yam,Katsina,2020-03-01,256.2,1,291.128111671111,251.00288840899339
Yam,Katsina,2020-04-01,274.0,1,294.08093228710203,265.74642664701906
Yam,Katsina,2020-05-01,254.132,1,297.03375290309305,244.02666750564407
Yam,Katsina,2020-06-01,274.0,1,299.986573519084,260.51484899323225
Yam,Katsina,2020-07-01,274.0,1,302.939394135075,257.9755502695542
Yam,Katsina,2020-08-01,163.548,1,307.2191314783556,151.838084988093
Yam,Katsina,2020-09-01,135.24,1,311.49886882163617,123.83186830856498
Yam,Katsina,2020-10-01,173.176,1,315.7786061649168,156.41872367683618
Yam,Katsina,2020-11-01,174.428,1,320.05834350819737,155.4428624744856
Yam,Katsina,2020-12-01,174.0,1,324.3380808514779,153.01536509718267
Yam,Katsina,2021-01-01,192.06400000000002,1,328.6178181947585,166.7011510920397
Yam,Katsina,2021-02-01,193.2,1,332.8975555380391,165.53134852485587
Yam,Katsina,2021-03-01,174.0,1,337.17729288131966,147.18876657532468
Yam,Katsina,2021-04-01,189.828,1,341.45703022460026,158.56522585844897
Yam,Katsina,2021-05-01,212.4,1,345.73676756788086,175.22363371253726
Yam,Katsina,2021-06-01,212.4,1,350.0165049111614,173.0811315216329
Yam,Katsina,2021-07-01,212.4,1,354.296242254442,170.99039023327788
Yam,Katsina,2021-08-01,223.34,1,359.8608154286513,177.01729062108743
Yam,Katsina,2021-09-01,248.48000000000002,1,365.4253886028605,193.94404894985996
Yam,Katsina,2021-10-01,271.044,1,370.98996177706977,208.38256352649793
Yam,Katsina,2021-11-01,257.6,1,376.554534951279,195.11996687180005
Yam,Katsina,2021-12-01,175.2,1,382.11910812548825,130.7733001525924
Yam,Katsina,2022-01-01,174.0,1,387.6836812996975,128.01340951476143
Yam,Katsina,2022-02-01,174.0,1,393.24825447390674,126.20198384046856
Yam,Katsina,2022-03-01,186.33599999999998,1,398.812827648116,133.26355264239106
Yam,Katsina,2022-04-01,227.68,1,404.3774008223252,160.59120004610222
Yam,Katsina,2022-05-01,259.46799999999996,1,409.9419739965345,180.5282421763562
Yam,Katsina,2022-06-01,190.4,1,415.5065471707437,130.69916404781486
Yam,Katsina,2022-07-01,227.108,1,421.071120344953,153.83696883182864
Yam,Katsina,2022-08-01,191.03199999999998,1,429.7239740376429,126.79445938511861
Yam,Katsina,2022-09-01,199.692,1,438.3768277303327,129.92622320349332
Yam,Katsina,2022-10-01,261.148,1,447.02968142302245,166.62266691806653
Yam,Katsina,2022-11-01,258.4,1,455.6825351157123,161.73866822162884
Yam,Katsina,2022-12-01,247.24,1,464.3353888084022,151.8695436338326
Yam,Katsina,2023-01-01,212.4,1,472.988242501092,128.0819421661018
Yam,Kebbi,2017-04-01,126.0,1,206.64114257102423,173.9151788854345
Yam,Kebbi,2017-05-01,157.2,1,209.16987491780048,214.3567393280275
Yam,Kebbi,2017-06-01,220.0,1,211.69860726457676,296.4069736093539
Yam,Kebbi,2017-07-01,254.0,1,214.227339611353,338.1758258444967
Yam,Kebbi,2017-08-01,214.0,1,216.3865916876249,282.0766674955874
Yam,Kebbi,2017-09-01,163.2,1,218.5458437638968,212.99104285851217
Yam,Kebbi,2017-10-01,128.0,1,220.70509584016872,165.4174593351818
Yam,Kebbi,2017-11-01,130.0,1,222.86434791644064,166.37439547302068
Yam,Kebbi,2017-12-01,122.0,1,225.02359999271255,154.63774197328925
Yam,Kebbi,2018-01-01,129.2,1,227.1828520689845,162.2074150629365
Yam,Kebbi,2018-03-01,127.6,1,231.5013562215283,157.21025492916047
Yam,Kebbi,2018-04-01,155.2,1,233.66060829780025,189.44796786514894
Yam,Kebbi,2018-05-01,196.8,1,235.81986037407216,238.02822244649306
Yam,Kebbi,2018-07-01,273.2,1,240.138364526616,324.4911702367048
Yam,Kebbi,2018-08-01,190.0,1,242.41896304466323,223.54797950954907
Yam,Kebbi,2018-09-01,166.0,1,244.6995615627105,193.49004873783377
Yam,Kebbi,2018-10-01,157.2,1,246.9801600807577,181.54078586057378
Yam,Kebbi,2018-11-01,166.8,1,249.26075859880495,190.86481296408445
Yam,Kebbi,2018-12-01,134.8,1,251.54135711685225,152.84957295246593
Yam,Kebbi,2019-01-01,129.6,1,253.8219556348995,145.63291846226954
Yam,Kebbi,2019-02-01,120.4,1,256.1025541529468,134.08997639423188
Yam,Kebbi,2019-03-01,142.0,1,258.383152670994,156.75012238095897
Yam,Kebbi,2019-04-01,146.0,1,260.66375118904125,159.75554903264032
Yam,Kebbi,2019-05-01,170.4,1,262.9443497070885,184.83724414298513
Yam,Kebbi,2019-06-01,207.6,1,265.22494822513573,223.25269647296156
Yam,Kebbi,2019-07-01,237.6,1,267.505546743183,253.33627583206007
Yam,Kebbi,2019-08-01,210.0,1,270.458367359174,221.4637298045694
Yam,Kebbi,2019-09-01,162.4,1,273.41118797516503,169.41563197304853
Yam,Kebbi,2019-10-01,154.0,1,276.364008591156,158.936254657552
Yam,Kebbi,2019-11-01,150.0,1,279.316829207147,153.17147444109187
Yam,Kebbi,2019-12-01,137.2,1,282.269649823138,138.63524813513533
Yam,Kebbi,2020-01-01,126.4,1,285.222470439129,126.4
Yam,Kebbi,2020-02-01,134.4,1,288.17529105512,133.0228552443336
Yam,Kebbi,2020-03-01,164.0,1,291.128111671111,160.6731994499411
Yam,Kebbi,2020-04-01,206.41199999999998,1,294.08093228710203,200.19434823746167
Yam,Kebbi,2020-05-01,247.356,1,297.03375290309305,237.5201091067874
Yam,Kebbi,2020-06-01,289.636,1,299.986573519084,275.38130950001397
Yam,Kebbi,2020-07-01,277.716,1,302.939394135075,261.4742259805092
Yam,Kebbi,2020-08-01,240.58,1,307.2191314783556,223.354651150949
Yam,Kebbi,2020-09-01,160.268,1,311.49886882163617,146.74863849509825
Yam,Kebbi,2020-10-01,151.808,1,315.7786061649168,137.1183859422388
Yam,Kebbi,2020-11-01,141.95999999999998,1,320.05834350819737,126.50875293460895
Yam,Kebbi,2020-12-01,154.916,1,324.3380808514779,136.23292126089166
Yam,Kebbi,2021-01-01,201.2,1,328.6178181947585,174.63070434708422
Yam,Kebbi,2021-02-01,215.6,1,332.8975555380391,184.7233889335348
Yam,Kebbi,2021-03-01,202.6,1,337.17729288131966,171.3818626905792
Yam,Kebbi,2021-04-01,275.028,1,341.45703022460026,229.7336374897144
Yam,Kebbi,2021-05-01,309.392,1,345.73676756788086,255.23912656115505
Yam,Kebbi,2021-06-01,342.868,1,350.0165049111614,279.3972759065877
Yam,Kebbi,2021-07-01,383.716,1,354.296242254442,308.9065375647479
Yam,Kebbi,2021-08-01,377.212,1,359.8608154286513,298.974864465665
Yam,Kebbi,2021-09-01,315.012,1,365.4253886028605,245.87372322840181
Yam,Kebbi,2021-10-01,342.052,1,370.98996177706977,262.97454516375814
Yam,Kebbi,2021-11-01,390.0,1,376.554534951279,295.406782142865
Yam,Kebbi,2021-12-01,432.0,1,382.11910812548825,322.4547127050224
Yam,Kebbi,2022-01-01,622.4,1,387.6836812996975,457.90543725280185
Yam,Kebbi,2022-02-01,622.4,1,393.24825447390674,451.4259467948714
Yam,Kebbi,2022-03-01,572.608,1,398.812827648116,409.5170892981187
Yam,Kebbi,2022-04-01,545.92,1,404.3774008223252,385.05774740499
Yam,Kebbi,2022-05-01,653.136,1,409.9419739965345,454.42788313817744
Yam,Kebbi,2022-06-01,670.572,1,415.5065471707437,460.31092349722326
Yam,Kebbi,2022-07-01,814.092,1,421.071120344953,551.44444770876
Yam,Kebbi,2022-08-01,460.76800000000003,1,429.7239740376429,305.82745017568965
Yam,Kebbi,2022-09-01,539.188,1,438.3768277303327,350.8135550580151
Yam,Kebbi,2022-10-01,594.9399999999999,1,447.02968142302245,379.5950551267269
Yam,Kebbi,2022-11-01,687.132,1,455.6825351157123,430.0921616581434
Yam,Kebbi,2022-12-01,527.612,1,464.3353888084022,324.09073635226366
Yam,Kebbi,2023-01-01,554.8,1,472.988242501092,334.5567867879156
Yam,Lagos,2016-02-01,133.2,1,173.48767434328758,218.9875056329148
Yam,Lagos,2016-03-01,132.4,1,175.56664976463767,215.0946955857839
Yam,Lagos,2016-04-01,136.8,1,177.64562518598774,219.64196368597388
Yam,Lagos,2016-05-01,138.4,1,179.72460060733783,219.64043751038815
Yam,Lagos,2016-06-01,200.8,1,181.8035760286879,315.0250028918007
Yam,Lagos,2016-07-01,198.4,1,183.882551450038,307.74066211768076
Yam,Lagos,2016-08-01,190.0,1,186.41128379681425,290.71346047111257
Yam,Lagos,2016-09-01,188.4,1,188.9400161435905,284.4072660070788
Yam,Lagos,2016-10-01,186.4,1,191.46874849036675,277.6717814736671
Yam,Lagos,2016-11-01,146.8,1,193.997480837143,215.83094007088533
Yam,Lagos,2016-12-01,153.6,1,196.52621318391925,222.92278851600534
Yam,Lagos,2017-01-01,155.6,1,199.05494553069548,222.95661271819398
Yam,Lagos,2017-02-01,170.4,1,201.58367787747176,241.10041782434982
Yam,Lagos,2017-03-01,197.2,1,204.112410224248,275.5632110208376
Yam,Lagos,2017-04-01,215.2,1,206.64114257102423,297.03608330274204
Yam,Lagos,2017-05-01,269.2,1,209.16987491780048,367.07909813680027
Yam,Lagos,2017-06-01,289.2,1,211.69860726457676,389.64043985375065
Yam,Lagos,2017-07-01,279.2,1,214.227339611353,371.727128251116
Yam,Lagos,2017-08-01,228.0,1,216.3865916876249,300.53028125698097
Yam,Lagos,2017-09-01,194.0,1,218.5458437638968,253.18788182935882
Yam,Lagos,2017-10-01,210.0,1,220.70509584016872,271.3880192217826
Yam,Lagos,2017-11-01,195.2,1,222.86434791644064,249.81755381795102
Yam,Lagos,2017-12-01,225.2,1,225.02359999271255,285.44606141298965
Yam,Lagos,2018-01-01,204.0,1,227.1828520689845,256.11697115200496
Yam,Lagos,2018-02-01,200.4,1,229.3421041452564,249.2284759007854
Yam,Lagos,2018-03-01,191.6,1,231.5013562215283,236.0617934516234
Yam,Lagos,2018-04-01,191.2,1,233.66060829780025,233.39208412252884
Yam,Lagos,2018-05-01,198.4,1,235.81986037407216,239.96341124687106
Yam,Lagos,2018-07-01,178.0,1,240.138364526616,211.4181123796979
Yam,Lagos,2018-08-01,172.0,1,242.41896304466323,202.3697498718023
Yam,Lagos,2018-09-01,174.8,1,244.6995615627105,203.74735252634545
Yam,Lagos,2018-10-01,183.2,1,246.9801600807577,211.56661558306055
Yam,Lagos,2018-11-01,185.2,1,249.26075859880495,211.91944461000264
Yam,Lagos,2018-12-01,188.4,1,251.54135711685225,213.62655448252653
Yam,Lagos,2019-02-01,182.4,1,256.1025541529468,203.13963201252403
Yam,Lagos,2019-03-01,188.4,1,258.383152670994,207.96988068008923
Yam,Lagos,2019-04-01,193.6,1,260.66375118904125,211.8402348816381
Yam,Lagos,2019-08-01,194.4,1,270.458367359174,205.01213844765854
Yam,Lagos,2019-09-01,179.2,1,273.41118797516503,186.94138700474318
Yam,Lagos,2019-10-01,176.8,1,276.364008591156,182.46707677568313
Yam,Lagos,2019-11-01,192.0,1,279.316829207147,196.05948728459762
Yam,Lagos,2019-12-01,180.0,1,282.269649823138,181.88297860294722
Yam,Lagos,2020-01-01,189.6,1,285.222470439129,189.59999999999997
Yam,Lagos,2020-02-01,196.4,1,288.17529105512,194.3875652528804
Yam,Lagos,2020-03-01,211.4,1,291.128111671111,207.1116729494973
Yam,Lagos,2020-04-01,264.24,1,294.08093228710203,256.2804225445559
Yam,Lagos,2020-05-01,282.8,1,297.03375290309305,271.5547100349273
Yam,Lagos,2020-06-01,241.37199999999999,1,299.986573519084,229.49266471238855
Yam,Lagos,2020-07-01,256.748,1,302.939394135075,241.7325057686405
Yam,Lagos,2020-08-01,273.38,1,307.2191314783556,253.80619557588506
Yam,Lagos,2020-09-01,274.48,1,311.49886882163617,251.32631775609966
Yam,Lagos,2020-10-01,263.4,1,315.7786061649168,237.91225006050865
Yam,Lagos,2020-11-01,261.268,1,320.05834350819737,232.83100071653575
Yam,Lagos,2020-12-01,242.98000000000002,1,324.3380808514779,213.6762839730658
Yam,Lagos,2021-01-01,247.844,1,328.6178181947585,215.11517041848282
Yam,Lagos,2021-02-01,252.5,1,332.8975555380391,216.3388483567604
Yam,Lagos,2021-03-01,238.83200000000002,1,337.17729288131966,202.03096263631002
Yam,Lagos,2021-04-01,255.708,1,341.45703022460026,213.59544837332885
Yam,Lagos,2021-05-01,262.956,1,345.73676756788086,216.93081839225027
Yam,Lagos,2021-06-01,292.15999999999997,1,350.0165049111614,238.07619296308974
Yam,Lagos,2021-07-01,308.12800000000004,1,354.296242254442,248.05521168455488
Yam,Lagos,2021-08-01,287.444,1,359.8608154286513,227.82554887296436
Yam,Lagos,2021-09-01,284.88,1,365.4253886028605,222.35504131051232
Yam,Lagos,2021-10-01,286.992,1,370.98996177706977,220.64361753662394
Yam,Lagos,2021-11-01,254.8,1,376.554534951279,192.9990976666718
Yam,Lagos,2021-12-01,282.0,1,382.11910812548825,210.4912707935563
Yam,Lagos,2022-01-01,249.6,1,387.6836812996975,183.63302882117503
Yam,Lagos,2022-02-01,249.6,1,393.24825447390674,181.03456992287903
Yam,Lagos,2022-03-01,246.81199999999998,1,398.812827648116,176.51470437689883
Yam,Lagos,2022-04-01,242.71999999999997,1,404.3774008223252,171.19947327472735
Yam,Lagos,2022-05-01,259.148,1,409.9419739965345,180.30559800637602
Yam,Lagos,2022-06-01,282.53200000000004,1,415.5065471707437,193.94273223086785
Yam,Lagos,2022-07-01,302.70799999999997,1,421.071120344953,205.04641475044994
Yam,Lagos,2022-08-01,293.884,1,429.7239740376429,195.06084269617764
Yam,Lagos,2022-09-01,288.852,1,438.3768277303327,187.93666959505364
Yam,Lagos,2022-10-01,271.86,1,447.02968142302245,173.4573430711534
Yam,Lagos,2022-11-01,281.4,1,455.6825351157123,176.13491191008652
Yam,Lagos,2022-12-01,302.916,1,464.3353888084022,186.06906115266958
Yam,Lagos,2023-01-01,346.0,1,472.988242501092,208.64572499751046
Yam,Oyo,2017-04-01,196.0,1,206.64114257102423,270.53472271067585
Yam,Oyo,2017-08-01,151.2,1,216.3865916876249,199.29902862305053
Yam,Oyo,2017-09-01,112.0,1,218.5458437638968,146.17032353035148
Yam,Oyo,2017-10-01,117.2,1,220.70509584016872,151.46036120377585
Yam,Oyo,2018-05-01,204.8,1,235.81986037407216,247.70416644838303
Yam,Oyo,2018-07-01,376.0,1,240.138364526616,446.5910688470023
Yam,Oyo,2018-08-01,106.4,1,242.41896304466323,125.18686852534748
Yam,Oyo,2018-09-01,86.4,1,244.6995615627105,100.70807355993277
Yam,Oyo,2018-10-01,107.6,1,246.9801600807577,124.26074146690675
Yam,Oyo,2018-11-01,94.4,1,249.26075859880495,108.01941453123246
Yam,Oyo,2018-12-01,114.4,1,251.54135711685225,129.71803520595032
Yam,Oyo,2019-02-01,139.2,1,256.1025541529468,155.02761390429464
Yam,Oyo,2019-03-01,150.8,1,258.383152670994,166.46421447217335
Yam,Oyo,2019-04-01,154.8,1,260.66375118904125,169.3846506181693
Yam,Oyo,2019-08-01,103.6,1,270.458367359174,109.2554400369209
Yam,Oyo,2019-09-01,84.8,1,273.41118797516503,88.46333492188741
Yam,Oyo,2019-10-01,100.0,1,276.364008591156,103.20536016724157
Yam,Oyo,2019-11-01,114.8,1,279.316829207147,117.22723510558232
Yam,Oyo,2019-12-01,116.4,1,282.269649823138,117.61765949657254
Yam,Oyo,2020-01-01,106.8,1,285.222470439129,106.8
Yam,Oyo,2020-02-01,94.8,1,288.17529105512,93.82862110984246
Yam,Oyo,2020-03-01,163.6,1,291.128111671111,160.28131359762418
Yam,Oyo,2020-04-01,178.628,1,294.08093228710203,173.24727262446612
Yam,Oyo,2020-05-01,173.392,1,297.03375290309305,166.4972216491376
Yam,Oyo,2020-06-01,194.4,1,299.986573519084,184.8324330083371
Yam,Oyo,2020-07-01,240.23200000000003,1,302.939394135075,226.18241749034874
Yam,Oyo,2020-08-01,180.748,1,307.2191314783556,167.80657779629115
Yam,Oyo,2020-09-01,107.44000000000001,1,311.49886882163617,98.37692939272569
Yam,Oyo,2020-10-01,151.95999999999998,1,315.7786061649168,137.25567774941112
Yam,Oyo,2020-11-01,172.53199999999998,1,320.05834350819737,153.75322739725243
Yam,Oyo,2020-12-01,153.66400000000002,1,324.3380808514779,135.13191415111197
Yam,Oyo,2021-01-01,180.852,1,328.6178181947585,156.96974225933835
Yam,Oyo,2021-02-01,202.3,1,332.8975555380391,173.3281149408817
Yam,Oyo,2021-03-01,186.868,1,337.17729288131966,158.07396800228605
Yam,Oyo,2021-04-01,294.12,1,341.45703022460026,245.6813759270867
Yam,Oyo,2021-05-01,349.29200000000003,1,345.73676756788086,288.15543063427293
Yam,Oyo,2021-06-01,356.0,1,350.0165049111614,290.0983183695919
Yam,Oyo,2021-07-01,266.88,1,354.296242254442,214.84894230441245
Yam,Oyo,2021-08-01,244.42399999999998,1,359.8608154286513,193.72828083983467
Yam,Oyo,2021-09-01,192.388,1,365.4253886028605,150.1630219308019
Yam,Oyo,2021-10-01,144.35999999999999,1,370.98996177706977,110.98606451603887
Yam,Oyo,2021-11-01,219.6,1,376.554534951279,166.33674194505934
Yam,Oyo,2021-12-01,255.6,1,382.11910812548825,190.78570501713827
Yam,Oyo,2022-01-01,234.8,1,387.6836812996975,172.74453191991947
Yam,Oyo,2022-02-01,234.8,1,393.24825447390674,170.30014830886216
Yam,Oyo,2022-03-01,254.956,1,398.812827648116,182.33912033902976
Yam,Oyo,2022-04-01,301.17199999999997,1,404.3774008223252,212.42785005395595
Yam,Oyo,2022-05-01,345.664,1,409.9419739965345,240.50023241265978
Yam,Oyo,2022-06-01,359.932,1,415.5065471707437,247.07358988475895
Yam,Oyo,2022-07-01,431.6,1,421.071120344953,292.35445579995974
Yam,Oyo,2022-08-01,295.852,1,429.7239740376429,196.36707147496816
Yam,Oyo,2022-09-01,158.372,1,438.3768277303327,103.04206388430005
Yam,Oyo,2022-10-01,208.76,1,447.02968142302245,133.19706812158455
Yam,Oyo,2022-11-01,232.16,1,455.6825351157123,145.31443194401453
Yam,Oyo,2022-12-01,291.728,1,464.3353888084022,179.19672474199447
Yam,Oyo,2023-01-01,301.6,1,472.988242501092,181.87153369725192
Yam,Yobe,2015-01-01,108.4,2,152.367005890327,202.91870680885
Yam,Yobe,2015-02-01,108.4,2,153.46164597424533,201.4712901019608
Yam,Yobe,2015-03-01,108.2,2,154.55628605816366,199.67529039808778
Yam,Yobe,2015-04-01,108.2,2,155.650926142082,198.27104191685316
Yam,Yobe,2015-05-01,108.4,2,156.74556622600034,197.2503372186167
Yam,Yobe,2015-08-01,230.8,1,161.0138218151871,408.84282749906026
Yam,Yobe,2015-09-01,155.2,2,163.09279723653717,271.4192665906151
Yam,Yobe,2015-10-01,165.0,2,165.17177265788726,284.9258494060789
Yam,Yobe,2015-11-01,168.4,2,167.25074807923733,287.18235687169397
Yam,Yobe,2015-12-01,230.8,1,169.32972350058742,388.76426900397445
Yam,Yobe,2016-01-01,168.8,2,171.4086989219375,280.88161985321
Yam,Yobe,2016-02-01,105.6,1,173.48767434328758,173.61171617744597
Yam,Yobe,2016-03-01,168.2,2,175.56664976463767,273.2547416731786
Yam,Yobe,2016-04-01,168.2,2,177.64562518598774,270.0568588595088
Yam,Yobe,2016-05-01,225.6,1,179.72460060733783,358.02660912097946
Yam,Yobe,2016-06-01,237.6,1,181.8035760286879,372.7586687604175
Yam,Yobe,2016-12-01,118.4,9,196.52621318391925,171.83631614775413
Yam,Yobe,2017-02-01,137.2,8,201.58367787747176,194.12545378815017
Yam,Yobe,2017-03-01,145.2,9,204.112410224248,202.89948397680337
Yam,Yobe,2017-04-01,193.6,10,206.64114257102423,267.22205263666757
Yam,Yobe,2017-05-01,181.6,10,209.16987491780048,247.62839606851014
Yam,Yobe,2017-06-01,108.8,10,211.69860726457676,146.58672149408048
Yam,Yobe,2017-07-01,181.6,10,214.227339611353,241.78240146992363
Yam,Yobe,2017-08-01,238.0,10,216.3865916876249,313.7114339436906
Yam,Yobe,2017-09-01,161.2,12,218.5458437638968,210.38085850975588
Yam,Yobe,2017-10-01,153.2,12,220.70509584016872,197.9840216417957
Yam,Yobe,2017-11-01,129.2,12,222.86434791644064,165.35055303934053
Yam,Yobe,2017-12-01,112.8,12,225.02359999271255,142.976535201533
Yam,Yobe,2018-01-01,125.0,12,227.1828520689845,156.93441859804224
Yam,Yobe,2018-02-01,112.8,12,229.3421041452564,140.28429182439416
Yam,Yobe,2018-03-01,100.8,12,231.5013562215283,124.19117317287912
Yam,Yobe,2018-04-01,96.8,12,233.66060829780025,118.16084593651043
Yam,Yobe,2018-05-01,96.8,12,235.81986037407216,117.07892242286853
Yam,Yobe,2018-06-01,96.8,11,237.97911245034408,116.01663210786451
Yam,Yobe,2018-07-01,145.2,12,240.138364526616,172.46016807602322
Yam,Yobe,2018-08-01,121.0,12,242.41896304466323,142.3647658981865
Yam,Yobe,2018-09-01,104.8,12,244.6995615627105,122.15516329954806
Yam,Yobe,2018-10-01,100.8,12,246.9801600807577,116.40783215487176
Yam,Yobe,2018-11-01,96.8,12,249.26075859880495,110.76567083287395
Yam,Yobe,2018-12-01,96.8,11,251.54135711685225,109.76141440503486
Yam,Yobe,2019-01-01,112.8,11,253.8219556348995,126.75457718012349
Yam,Yobe,2019-02-01,108.8,12,256.1025541529468,121.17100856887399
Yam,Yobe,2019-03-01,120.8,12,258.383152670994,133.34799143394258
Yam,Yobe,2019-04-01,121.0,12,260.66375118904125,132.40014680102382
Yam,Yobe,2019-05-01,133.4,12,262.9443497070885,144.70239652977827
Yam,Yobe,2019-06-01,129.2,11,265.22494822513573,138.94146620571595
Yam,Yobe,2019-07-01,116.8,12,267.505546743183,124.53567768175344
Yam,Yobe,2019-08-01,116.8,12,270.458367359174,123.1760173389224
Yam,Yobe,2019-09-01,112.8,11,273.41118797516503,117.67292664137852
Yam,Yobe,2019-10-01,96.8,12,276.364008591156,99.90278864188983
Yam,Yobe,2019-11-01,145.2,9,279.316829207147,148.26998725897693
Yam,Yobe,2019-12-01,112.8,10,282.269649823138,113.97999992451358
Yam,Yobe,2020-01-01,112.8,11,285.222470439129,112.80000000000001
Yam,Yobe,2020-02-01,121.0,10,288.17529105512,119.76015985538963
Yam,Yobe,2020-03-01,369.3,2,291.128111671111,361.8086131516053
Yam,Yobe,2020-04-01,410.426,2,294.08093228710203,398.0629303030272
Yam,Yobe,2020-05-01,165.094,12,297.03375290309305,158.52918422385534
Yam,Yobe,2020-06-01,161.2,12,299.986573519084,153.26640021061692
Yam,Yobe,2020-07-01,176.8,8,302.939394135075,166.4601360863401
Yam,Yobe,2020-08-01,161.2,12,307.2191314783556,149.65820003962494
Yam,Yobe,2020-09-01,161.2,12,311.49886882163617,147.60201990047818
Yam,Yobe,2020-10-01,113.0,12,315.7786061649168,102.06561980576113
Yam,Yobe,2020-11-01,159.676,12,320.05834350819737,142.29650347694155
Yam,Yobe,2020-12-01,161.39999999999998,12,324.3380808514779,141.93494210738666
Yam,Yobe,2021-01-01,177.39999999999998,12,328.6178181947585,153.9735931966836
Yam,Yobe,2021-02-01,161.2,12,332.8975555380391,138.1141479410288
Yam,Yobe,2021-03-01,202.60000000000002,12,337.17729288131966,171.38186269057923
Yam,Yobe,2021-04-01,327.28,2,341.45703022460026,273.3802553835745
Yam,Yobe,2021-05-01,258.0,12,345.73676756788086,212.84226693895772
Yam,Yobe,2021-06-01,234.0,12,350.0165049111614,190.68260252383286
Yam,Yobe,2021-07-01,236.6,12,354.296242254442,190.47234618264383
Yam,Yobe,2021-08-01,234.8,12,359.8608154286513,186.10038433702576
Yam,Yobe,2021-09-01,231.2,12,365.4253886028605,180.45663279623156
Yam,Yobe,2021-10-01,210.232,12,370.98996177706977,161.62941476403356
Yam,Yobe,2021-11-01,193.6,12,376.554534951279,146.64295646886833
Yam,Yobe,2021-12-01,209.8,12,382.11910812548825,156.59953408683728
Yam,Yobe,2022-01-01,195.6,12,387.6836812996975,143.9047293165939
Yam,Yobe,2022-02-01,200.39999999999998,12,393.24825447390674,145.34987104385
Yam,Yobe,2022-03-01,244.6,12,398.812827648116,174.9327289215656
Yam,Yobe,2022-04-01,250.4,12,404.3774008223252,176.61646385955726
Yam,Yobe,2022-05-01,250.4,12,409.9419739965345,174.2190630095411
Yam,Yobe,2022-06-01,297.93399999999997,2,415.5065471707437,204.51536103687852
Yam,Yobe,2022-07-01,302.62,2,421.071120344953,204.98680587160288
Yam,Yobe,2022-08-01,293.334,2,429.7239740376429,194.69578892161726
Yam,Yobe,2022-09-01,265.334,2,438.3768277303327,172.6350805614431
Yam,Yobe,2022-10-01,260.376,2,447.02968142302245,166.13010063817637
Yam,Yobe,2022-11-01,260.93399999999997,2,455.6825351157123,163.3247587219137
Yam,Yobe,2022-12-01,260.0,2,464.3353888084022,159.70749613653322
Yam,Yobe,2023-01-01,260.0,2,472.988242501092,156.78580491142404
Yam,Yobe,2023-02-01,276.4,10,481.6410961937818,163.68098871209455
Yam,Yobe,2023-03-01,306.4,10,490.2939498864717,178.2444285979562
Yam,Yobe,2023-04-01,306.4,10,498.9468035791615,175.15327148234493
Yam,Yobe,2023-05-01,314.4,10,507.5996572718513,176.66273690574255
Yam,Yobe,2023-06-01,362.79999999999995,10,516.2525109645411,200.44205127831995
Yam,Yobe,2023-07-01,600.0,5,524.905364657231,326.02730660836255
Yam,Yobe,2023-08-01,600.0,3,539.4459689640813,317.23933833839106
Yam,Yobe,2023-09-01,600.0,7,553.9865732709317,308.91268944127125
Yam,Yobe,2023-10-01,600.0,10,568.5271775777819,301.0119639180558
Yam,Yobe,2023-12-01,600.0,3,597.6083861914826,286.3639236291502
Yam,Yobe,2024-01-01,642.366,10,612.148990498333,299.30167375911157
Yam,Yobe,2024-02-01,717.242,10,626.6895948051833,326.4351871141195
Yam,Yobe,2024-03-01,826.536,10,641.2301991120337,367.64743792998905
Yam,Yobe,2024-04-01,1000.0,9,655.770803418884,434.94231361340223
Yam,Yobe,2024-05-01,1101.9360000000001,9,670.3114077257343,468.881932432232
Yam,Yobe,2024-06-01,1184.0,8,684.8520120325846,493.1042021730398
Yam,Yobe,2024-07-01,1344.516,5,699.392616339435,548.313159312536
Yam,Yobe,2024-08-01,1249.032,5,712.8035417854693,499.7898745075911
Yam,Yobe,2024-09-01,1200.0,11,726.2144672315035,471.3028725959635
Yam,Yobe,2024-10-01,1431.17,10,739.6253926775378,551.9035001497525
Yam,Yobe,2024-11-01,1200.0,8,753.036318123572,454.5158796322349
Yam,Yobe,2024-12-01,1176.666,10,766.4472435696063,437.87956211920147
Yam,Yobe,2025-01-01,1276.924,10,779.8581690156404,467.01750691760714
Yam,Yobe,2025-02-01,1233.0439999999999,8,793.2690944616747,443.344961117903
Yam,Yobe,2025-03-01,1426.452,6,806.680019907709,504.3587957581795
Yam,Yobe,2025-04-01,1395.556,5,820.0909453537432,485.3655953785154
Yam,Yobe,2025-05-01,1300.0,9,833.5018707997775,444.8570837820448
Yam,Yobe,2025-06-01,1234.782,8,846.9127962458117,415.848684840922
Yam,Yobe,2025-07-01,1500.0,6,860.323721691846,497.29386145176704
Yam,Yobe,2025-08-01,1200.0,7,860.323721691846,397.83508916141363
Yam,Yobe,2025-09-01,1205.3319999999999,11,860.323721691846,399.60280307425415
Yam,Yobe,2025-10-01,1150.3220000000001,12,860.323721691846,381.36537952861306
Yam,Yobe,2025-11-01,1071.522,12,860.323721691846,355.2408753403469
Yam,Yobe,2025-12-01,1025.0,12,860.323721691846,339.8174719920408
Yam,Yobe,2026-01-01,1025.926,12,860.323721691846,340.12446806917706
Yam,Yobe,2026-02-01,1072.698,12,860.323721691846,355.6307537277251
Yam,Yobe,2026-03-01,1024.136,11,860.323721691846,339.53103072784455
Yam,Yobe,2026-04-01,1257.0,6,860.323721691846,416.73225589658085
Yam,Yobe,2026-05-01,1280.0,6,860.323721691846,424.3574284388412
Yam,Yobe,2026-06-01,1312.5,4,860.323721691846,435.13212877029616
Yam,Zamfara,2017-04-01,122.0,1,206.64114257102423,168.39406209542068
Yam,Zamfara,2017-05-01,124.0,1,209.16987491780048,169.08546868114126
Yam,Zamfara,2017-06-01,126.0,1,211.69860726457676,169.76035761262997
Yam,Zamfara,2017-07-01,138.0,1,214.227339611353,183.73332270291553
Yam,Zamfara,2017-08-01,122.0,1,216.3865916876249,160.81006277785823
Yam,Zamfara,2017-09-01,104.0,1,218.5458437638968,135.7295861353264
Yam,Zamfara,2017-10-01,119.2,1,220.70509584016872,154.04500900588806
Yam,Zamfara,2017-11-01,138.8,1,222.86434791644064,177.63666224350212
Yam,Zamfara,2017-12-01,141.2,1,225.02359999271255,178.97417349695442
Yam,Zamfara,2018-01-01,148.8,1,227.1828520689845,186.81473189910955
Yam,Zamfara,2018-03-01,142.0,1,231.5013562215283,174.95185109671465
Yam,Zamfara,2018-04-01,150.0,1,233.66060829780025,183.10048440574965
Yam,Zamfara,2018-05-01,169.6,1,235.81986037407216,205.1300128400672
Yam,Zamfara,2018-07-01,424.8,1,240.138364526616,504.5528884207622
Yam,Zamfara,2018-08-01,323.6,1,242.41896304466323,380.7375061541583
Yam,Zamfara,2018-09-01,236.0,1,244.6995615627105,275.08223796463113
Yam,Zamfara,2018-10-01,105.6,1,246.9801600807577,121.9510622574847
Yam,Zamfara,2018-11-01,92.0,1,249.26075859880495,105.27315822959095
Yam,Zamfara,2018-12-01,90.4,1,251.54135711685225,102.50446138652016
Yam,Zamfara,2019-02-01,95.2,1,256.1025541529468,106.02463249776474
Yam,Zamfara,2019-03-01,94.8,1,258.383152670994,104.64726480080924
Yam,Zamfara,2019-04-01,103.6,1,260.66375118904125,113.36078684781873
Yam,Zamfara,2019-08-01,84.0,1,270.458367359174,88.58549192182777
Yam,Zamfara,2019-09-01,83.6,1,273.41118797516503,87.21149527676634
Yam,Zamfara,2019-10-01,104.8,1,276.364008591156,108.15921745526916
Yam,Zamfara,2019-11-01,111.2,1,279.316829207147,113.55111971899612
Yam,Zamfara,2019-12-01,108.4,1,282.269649823138,109.53397155866378
Yam,Zamfara,2020-01-01,102.8,1,285.222470439129,102.8
Yam,Zamfara,2020-02-01,108.4,1,288.17529105512,107.28926717623337
Yam,Zamfara,2020-03-01,123.2,1,291.128111671111,120.7008425136143
Yam,Zamfara,2020-04-01,128.212,1,294.08093228710203,124.34993012141462
Yam,Zamfara,2020-05-01,146.928,1,297.03375290309305,141.08553902408698
Yam,Zamfara,2020-06-01,172.732,1,299.986573519084,164.23084268722263
Yam,Zamfara,2020-07-01,171.612,1,302.939394135075,161.57554793014137
Yam,Zamfara,2020-08-01,135.00799999999998,1,307.2191314783556,125.3415277354199
Yam,Zamfara,2020-09-01,104.0,1,311.49886882163617,95.22710961321175
Yam,Zamfara,2020-10-01,101.50800000000001,1,315.7786061649168,91.68563659507258
Yam,Zamfara,2020-11-01,106.388,1,320.05834350819737,94.80848976618188
Yam,Zamfara,2020-12-01,113.10799999999999,1,324.3380808514779,99.46702250236861
Yam,Zamfara,2021-01-01,117.072,1,328.6178181947585,101.61215615965132
Yam,Zamfara,2021-02-01,167.4,1,332.8975555380391,143.42623055414532
Yam,Zamfara,2021-03-01,190.132,1,337.17729288131966,160.83502624425077
Yam,Zamfara,2021-04-01,201.76,1,341.45703022460026,168.5321447268088
Yam,Zamfara,2021-05-01,199.684,1,345.73676756788086,164.73331485053814
Yam,Zamfara,2021-06-01,225.388,1,350.0165049111614,183.66483084462237
Yam,Zamfara,2021-07-01,236.696,1,354.296242254442,190.54962997483966
Yam,Zamfara,2021-08-01,213.76799999999997,1,359.8608154286513,169.43060885416233
Yam,Zamfara,2021-09-01,179.0,1,365.4253886028605,139.7133964988125
Yam,Zamfara,2021-10-01,177.844,1,370.98996177706977,136.7290499985482
Yam,Zamfara,2021-11-01,335.6,1,376.554534951279,254.20132330037305
Yam,Zamfara,2021-12-01,173.6,1,382.11910812548825,129.57902343887014
Yam,Zamfara,2022-01-01,206.4,1,387.6836812996975,151.85038921751016
Yam,Zamfara,2022-02-01,206.4,1,393.24825447390674,149.70166359007303
Yam,Zamfara,2022-03-01,220.192,1,398.812827648116,157.47664532582738
Yam,Zamfara,2022-04-01,232.348,1,404.3774008223252,163.88371463594413
Yam,Zamfara,2022-05-01,222.28400000000002,1,409.9419739965345,154.65698962465189
Yam,Zamfara,2022-06-01,231.092,1,415.5065471707437,158.63199169189934
Yam,Zamfara,2022-07-01,219.936,1,421.071120344953,148.97884520579225
Yam,Zamfara,2022-08-01,168.632,1,429.7239740376429,111.9268147484784
Yam,Zamfara,2022-09-01,122.67999999999999,1,438.3768277303327,79.81966760112853
Yam,Zamfara,2022-10-01,140.244,1,447.02968142302245,89.48117274211299
Yam,Zamfara,2022-11-01,196.68,1,455.6825351157123,123.106661245472
Yam,Zamfara,2022-12-01,211.67600000000002,1,464.3353888084022,130.02401520075693
Yam,Zamfara,2023-01-01,220.0,1,472.988242501092,132.66491184812804
